Community,Community Code,House,Plan No,Option,Option Number,Dependent Condition,Option Description,Building Phase,Product,Style,Qty.,Unit,Description,Supplemental,Product_Cost
Atlanta,ATL,5471-2044-TOWNS-BL,5471-2044-TOWNS-2BL,"APPLIANCES - KITCHEN - LEVEL A-STANDARD FREESTANDING ELECTRIC RANGE, MICROWAVE, DISHWASHER, FRIDGE STAINLESS STEEL ILO LEVEL A-STANDARD PACKAGE",2DC0904KITCHEN-0110,BASE,"APPLIANCES - KITCHEN - LEVEL A-STANDARD FREESTANDING ELECTRIC RANGE, MICROWAVE, DISHWASHER, FRIDGE STAINLESS STEEL ILO LEVEL A-STANDARD PACKAGE",5510-APPLIANCES 1ST,30555100570,GENERIC,1.0000,EA,APPLIANCES (COOKTOP;OVEN;RANGE;DW;MICROWAVE) - P.O. Stainless Steel Dishwasher Level Standard,False,
Atlanta,ATL,5471-2044-TOWNS-BL,5471-2044-TOWNS-2BL,"APPLIANCES - KITCHEN - LEVEL A-STANDARD FREESTANDING ELECTRIC RANGE, MICROWAVE, DISHWASHER, FRIDGE STAINLESS STEEL ILO LEVEL A-STANDARD PACKAGE",2DC0904KITCHEN-0110,BASE,"APPLIANCES - KITCHEN - LEVEL A-STANDARD FREESTANDING ELECTRIC RANGE, MICROWAVE, DISHWASHER, FRIDGE STAINLESS STEEL ILO LEVEL A-STANDARD PACKAGE",5510-APPLIANCES 1ST,30555100580,GENERIC,-1.0000,EA,APPLIANCES (COOKTOP;OVEN;RANGE;DW;MICROWAVE) - P.O. Dishwasher Level Designer,False,
Atlanta,ATL,5471-2044-TOWNS-BL,5471-2044-TOWNS-2BL,"APPLIANCES - KITCHEN - LEVEL A-STANDARD FREESTANDING ELECTRIC RANGE, MICROWAVE, DISHWASHER, FRIDGE STAINLESS STEEL ILO LEVEL A-STANDARD PACKAGE",2DC0904KITCHEN-0110,BASE,"APPLIANCES - KITCHEN - LEVEL A-STANDARD FREESTANDING ELECTRIC RANGE, MICROWAVE, DISHWASHER, FRIDGE STAINLESS STEEL ILO LEVEL A-STANDARD PACKAGE",1.6-Containers/Calculations,APDW_S2,GENERIC,-1.0000,EA,Series 2 Dishwasher Container,False,
Atlanta,ATL,5471-2044-TOWNS-BL,5471-2044-TOWNS-2BL,"APPLIANCES - KITCHEN - LEVEL A-STANDARD FREESTANDING GAS RANGE, MICROWAVE, DISHWASHER, FRIDGE STAINLESS STEEL ILO LEVEL A-STANDARD PACKAGE",2DC0904KITCHEN-0120,BASE,"APPLIANCES - KITCHEN - LEVEL A-STANDARD FREESTANDING GAS RANGE, MICROWAVE, DISHWASHER, FRIDGE STAINLESS STEEL ILO LEVEL A-STANDARD PACKAGE",5510-APPLIANCES 1ST,30555100900,GENERIC,1.0000,EA,APPLIANCES (COOKTOP;OVEN;RANGE;DW;MICROWAVE) - P.O. Stainless Steel Microwave Level Standard,False,
Atlanta,ATL,5471-2044-TOWNS-BL,5471-2044-TOWNS-2BL,"APPLIANCES - KITCHEN - LEVEL A-STANDARD FREESTANDING GAS RANGE, MICROWAVE, DISHWASHER, FRIDGE STAINLESS STEEL ILO LEVEL A-STANDARD PACKAGE",2DC0904KITCHEN-0120,BASE,"APPLIANCES - KITCHEN - LEVEL A-STANDARD FREESTANDING GAS RANGE, MICROWAVE, DISHWASHER, FRIDGE STAINLESS STEEL ILO LEVEL A-STANDARD PACKAGE",5510-APPLIANCES 1ST,30555100580,GENERIC,-1.0000,EA,APPLIANCES (COOKTOP;OVEN;RANGE;DW;MICROWAVE) - P.O. Dishwasher Level Designer,False,
Atlanta,ATL,5471-2044-TOWNS-BL,5471-2044-TOWNS-2BL,"APPLIANCES - KITCHEN - LEVEL A-STANDARD FREESTANDING GAS RANGE, MICROWAVE, DISHWASHER, FRIDGE STAINLESS STEEL ILO LEVEL A-STANDARD PACKAGE",2DC0904KITCHEN-0120,BASE,"APPLIANCES - KITCHEN - LEVEL A-STANDARD FREESTANDING GAS RANGE, MICROWAVE, DISHWASHER, FRIDGE STAINLESS STEEL ILO LEVEL A-STANDARD PACKAGE",1.6-Containers/Calculations,APDW_S2,GENERIC,-1.0000,EA,Series 2 Dishwasher Container,False,
Atlanta,ATL,5471-2044-TOWNS-BL,5471-2044-TOWNS-2BL,"APPLIANCES - KITCHEN - LEVEL B-DESIGNER ELEC COOKTOP, COMBINATION WALL OVEN & MICROWAVE, DISHWASHER, FRIDGE ILO LEVEL B-DESIGNER PACKAGE",2DC0904KITCHEN-0140,BASE,"APPLIANCES - KITCHEN - LEVEL B-DESIGNER ELEC COOKTOP, COMBINATION WALL OVEN & MICROWAVE, DISHWASHER, FRIDGE ILO LEVEL B-DESIGNER PACKAGE",5510-APPLIANCES 1ST,30555100920,GENERIC,-1.0000,EA,APPLIANCES (COOKTOP;OVEN;RANGE;DW;MICROWAVE) - P.O. Microwave Level Designer,False,
Atlanta,ATL,5471-2044-TOWNS-BL,5471-2044-TOWNS-2BL,"APPLIANCES - KITCHEN - LEVEL B-DESIGNER GAS COOKTOP, COMBINATION WALL OVEN & MICROWAVE, DISHWASHER, FRIDGE ILO LEVEL B-DESIGNER PACKAGE",2DC0904KITCHEN-0170,BASE,"APPLIANCES - KITCHEN - LEVEL B-DESIGNER GAS COOKTOP, COMBINATION WALL OVEN & MICROWAVE, DISHWASHER, FRIDGE ILO LEVEL B-DESIGNER PACKAGE",5510-APPLIANCES 1ST,30555100920,GENERIC,-1.0000,EA,APPLIANCES (COOKTOP;OVEN;RANGE;DW;MICROWAVE) - P.O. Microwave Level Designer,False,
Atlanta,ATL,5471-2044-TOWNS-BL,5471-2044-TOWNS-2BL,"APPLIANCES - KITCHEN - LEVEL C-ESTATE FREESTANDING GAS RANGE, MICROWAVE, HOOD, DISHWASHER, FRIDGE ILO LEVEL B-DESIGNER PACKAGE",2DC0904KITCHEN-0200,"APPLIANCES - KITCHEN - LEVEL A-STANDARD FREESTANDING GAS RANGE, MICROWAVE, DISHWASHER, FRIDGE STAINLESS STEEL ILO LEVEL A-STANDARD PACKAGE AND BASE","APPLIANCES - KITCHEN - LEVEL C-ESTATE FREESTANDING GAS RANGE, MICROWAVE, HOOD, DISHWASHER, FRIDGE ILO LEVEL B-DESIGNER PACKAGE",5510-APPLIANCES 1ST,30555100620,GENERIC,-1.0000,EA,APPLIANCES (COOKTOP;OVEN;RANGE;DW;MICROWAVE) - P.O. Dishwasher Level Estate,False,
Atlanta,ATL,5471-2044-TOWNS-BL,5471-2044-TOWNS-2BL,"APPLIANCES - KITCHEN - LEVEL C-ESTATE FREESTANDING GAS RANGE, MICROWAVE, HOOD, DISHWASHER, FRIDGE ILO LEVEL B-DESIGNER PACKAGE",2DC0904KITCHEN-0200,"APPLIANCES - KITCHEN - LEVEL A-STANDARD FREESTANDING GAS RANGE, MICROWAVE, DISHWASHER, FRIDGE STAINLESS STEEL ILO LEVEL A-STANDARD PACKAGE AND BASE","APPLIANCES - KITCHEN - LEVEL C-ESTATE FREESTANDING GAS RANGE, MICROWAVE, HOOD, DISHWASHER, FRIDGE ILO LEVEL B-DESIGNER PACKAGE",5510-APPLIANCES 1ST,30555100580,GENERIC,1.0000,EA,APPLIANCES (COOKTOP;OVEN;RANGE;DW;MICROWAVE) - P.O. Dishwasher Level Designer,False,
Atlanta,ATL,5471-2044-TOWNS-BL,5471-2044-TOWNS-2BL,"APPLIANCES - KITCHEN - LEVEL C-ESTATE FREESTANDING GAS RANGE, MICROWAVE, HOOD, DISHWASHER, FRIDGE ILO LEVEL B-DESIGNER PACKAGE",2DC0904KITCHEN-0200,"APPLIANCES - KITCHEN - LEVEL A-STANDARD FREESTANDING ELECTRIC RANGE, MICROWAVE, DISHWASHER, FRIDGE STAINLESS STEEL ILO LEVEL A-STANDARD PACKAGE AND BASE","APPLIANCES - KITCHEN - LEVEL C-ESTATE FREESTANDING GAS RANGE, MICROWAVE, HOOD, DISHWASHER, FRIDGE ILO LEVEL B-DESIGNER PACKAGE",5510-APPLIANCES 1ST,30555100620,GENERIC,-1.0000,EA,APPLIANCES (COOKTOP;OVEN;RANGE;DW;MICROWAVE) - P.O. Dishwasher Level Estate,False,
Atlanta,ATL,5471-2044-TOWNS-BL,5471-2044-TOWNS-2BL,"APPLIANCES - KITCHEN - LEVEL C-ESTATE FREESTANDING GAS RANGE, MICROWAVE, HOOD, DISHWASHER, FRIDGE ILO LEVEL B-DESIGNER PACKAGE",2DC0904KITCHEN-0200,"APPLIANCES - KITCHEN - LEVEL A-STANDARD FREESTANDING ELECTRIC RANGE, MICROWAVE, DISHWASHER, FRIDGE STAINLESS STEEL ILO LEVEL A-STANDARD PACKAGE AND BASE","APPLIANCES - KITCHEN - LEVEL C-ESTATE FREESTANDING GAS RANGE, MICROWAVE, HOOD, DISHWASHER, FRIDGE ILO LEVEL B-DESIGNER PACKAGE",5510-APPLIANCES 1ST,30555100580,GENERIC,1.0000,EA,APPLIANCES (COOKTOP;OVEN;RANGE;DW;MICROWAVE) - P.O. Dishwasher Level Designer,False,
Atlanta,ATL,5471-2044-TOWNS-BL,5471-2044-TOWNS-2BL,"APPLIANCES - KITCHEN - LEVEL C-ESTATE FREESTANDING GAS RANGE, MICROWAVE, HOOD, DISHWASHER, FRIDGE ILO LEVEL B-DESIGNER PACKAGE",2DC0904KITCHEN-0200,BASE,"APPLIANCES - KITCHEN - LEVEL C-ESTATE FREESTANDING GAS RANGE, MICROWAVE, HOOD, DISHWASHER, FRIDGE ILO LEVEL B-DESIGNER PACKAGE",5510-APPLIANCES 1ST,30555100960,GENERIC,1.0000,EA,APPLIANCES (COOKTOP;OVEN;RANGE;DW;MICROWAVE) - P.O. Microwave Level Estate,False,
Atlanta,ATL,5471-2044-TOWNS-BL,5471-2044-TOWNS-2BL,"APPLIANCES - KITCHEN - LEVEL C-ESTATE FREESTANDING GAS RANGE, MICROWAVE, HOOD, DISHWASHER, FRIDGE ILO LEVEL B-DESIGNER PACKAGE",2DC0904KITCHEN-0200,BASE,"APPLIANCES - KITCHEN - LEVEL C-ESTATE FREESTANDING GAS RANGE, MICROWAVE, HOOD, DISHWASHER, FRIDGE ILO LEVEL B-DESIGNER PACKAGE",5510-APPLIANCES 1ST,30555100920,GENERIC,-1.0000,EA,APPLIANCES (COOKTOP;OVEN;RANGE;DW;MICROWAVE) - P.O. Microwave Level Designer,False,
Atlanta,ATL,5471-2044-TOWNS-BL,5471-2044-TOWNS-2BL,"APPLIANCES - KITCHEN - LEVEL C-ESTATE FREESTANDING GAS RANGE, MICROWAVE, HOOD, DISHWASHER, FRIDGE ILO LEVEL B-DESIGNER PACKAGE",2DC0904KITCHEN-0200,BASE,"APPLIANCES - KITCHEN - LEVEL C-ESTATE FREESTANDING GAS RANGE, MICROWAVE, HOOD, DISHWASHER, FRIDGE ILO LEVEL B-DESIGNER PACKAGE",5510-APPLIANCES 1ST,30555100620,GENERIC,1.0000,EA,APPLIANCES (COOKTOP;OVEN;RANGE;DW;MICROWAVE) - P.O. Dishwasher Level Estate,False,
Atlanta,ATL,5471-2044-TOWNS-BL,5471-2044-TOWNS-2BL,"APPLIANCES - KITCHEN - LEVEL C-ESTATE FREESTANDING GAS RANGE, MICROWAVE, HOOD, DISHWASHER, FRIDGE ILO LEVEL B-DESIGNER PACKAGE",2DC0904KITCHEN-0200,BASE,"APPLIANCES - KITCHEN - LEVEL C-ESTATE FREESTANDING GAS RANGE, MICROWAVE, HOOD, DISHWASHER, FRIDGE ILO LEVEL B-DESIGNER PACKAGE",5510-APPLIANCES 1ST,30555100580,GENERIC,-1.0000,EA,APPLIANCES (COOKTOP;OVEN;RANGE;DW;MICROWAVE) - P.O. Dishwasher Level Designer,False,
Atlanta,ATL,5471-2044-TOWNS-BL,5471-2044-TOWNS-2BL,"APPLIANCES - KITCHEN - LEVEL C-ESTATE FREESTANDING GAS RANGE, MICROWAVE, HOOD, DISHWASHER, FRIDGE ILO LEVEL B-DESIGNER PACKAGE",2DC0904KITCHEN-0200,BASE,"APPLIANCES - KITCHEN - LEVEL C-ESTATE FREESTANDING GAS RANGE, MICROWAVE, HOOD, DISHWASHER, FRIDGE ILO LEVEL B-DESIGNER PACKAGE",5550-APPLIANCES 2ND,30555500340,GENERIC,1.0000,EA,APPLIANCES (REFRIGERATOR;WASHER;DRYER) - P.O. Stainless Steel Counter Depth Refrigerator Level Estate,False,
Atlanta,ATL,5471-2044-TOWNS-BL,5471-2044-TOWNS-2BL,"APPLIANCES - KITCHEN - LEVEL C-ESTATE FREESTANDING GAS RANGE, MICROWAVE, HOOD, DISHWASHER, FRIDGE ILO LEVEL B-DESIGNER PACKAGE",2DC0904KITCHEN-0200,BASE,"APPLIANCES - KITCHEN - LEVEL C-ESTATE FREESTANDING GAS RANGE, MICROWAVE, HOOD, DISHWASHER, FRIDGE ILO LEVEL B-DESIGNER PACKAGE",5550-APPLIANCES 2ND,30555500240,GENERIC,-1.0000,EA,APPLIANCES (REFRIGERATOR;WASHER;DRYER) - P.O. Stainless Steel Refrigerator Level Designer,False,
Atlanta,ATL,5471-2044-TOWNS-BL,5471-2044-TOWNS-2BL,"APPLIANCES - KITCHEN - LEVEL C-ESTATE FREESTANDING GAS RANGE, MICROWAVE, HOOD, DISHWASHER, FRIDGE ILO LEVEL B-DESIGNER PACKAGE",2DC0904KITCHEN-0200,"EXPRESS DESIGN - INTERIOR - PACKAGE 13 - ILO SERIES 2 SPECIFICATIONS AND APPLIANCES - KITCHEN - LEVEL A-STANDARD FREESTANDING GAS RANGE, MICROWAVE, DISHWASHER, FRIDGE STAINLESS STEEL ILO LEVEL A-STANDARD PACKAGE AND BASE","APPLIANCES - KITCHEN - LEVEL C-ESTATE FREESTANDING GAS RANGE, MICROWAVE, HOOD, DISHWASHER, FRIDGE ILO LEVEL B-DESIGNER PACKAGE",5510-APPLIANCES 1ST,30555100580,GENERIC,-1.0000,EA,APPLIANCES (COOKTOP;OVEN;RANGE;DW;MICROWAVE) - P.O. Dishwasher Level Designer,False,
Atlanta,ATL,5471-2044-TOWNS-BL,5471-2044-TOWNS-2BL,"APPLIANCES - KITCHEN - LEVEL C-ESTATE FREESTANDING GAS RANGE, MICROWAVE, HOOD, DISHWASHER, FRIDGE ILO LEVEL B-DESIGNER PACKAGE",2DC0904KITCHEN-0200,"EXPRESS DESIGN - INTERIOR - PACKAGE 13 - ILO SERIES 2 SPECIFICATIONS AND APPLIANCES - KITCHEN - LEVEL A-STANDARD FREESTANDING GAS RANGE, MICROWAVE, DISHWASHER, FRIDGE STAINLESS STEEL ILO LEVEL A-STANDARD PACKAGE AND BASE","APPLIANCES - KITCHEN - LEVEL C-ESTATE FREESTANDING GAS RANGE, MICROWAVE, HOOD, DISHWASHER, FRIDGE ILO LEVEL B-DESIGNER PACKAGE",5510-APPLIANCES 1ST,30555100620,GENERIC,1.0000,EA,APPLIANCES (COOKTOP;OVEN;RANGE;DW;MICROWAVE) - P.O. Dishwasher Level Estate,False,
Atlanta,ATL,5471-2044-TOWNS-BL,5471-2044-TOWNS-2BL,"APPLIANCES - KITCHEN - LEVEL C-ESTATE FREESTANDING GAS RANGE, MICROWAVE, HOOD, DISHWASHER, FRIDGE ILO LEVEL B-DESIGNER PACKAGE",2DC0904KITCHEN-0200,"EXPRESS DESIGN - INTERIOR - PACKAGE 14 - ILO SERIES 2 SPECIFICATIONS AND APPLIANCES - KITCHEN - LEVEL A-STANDARD FREESTANDING GAS RANGE, MICROWAVE, DISHWASHER, FRIDGE STAINLESS STEEL ILO LEVEL A-STANDARD PACKAGE AND BASE","APPLIANCES - KITCHEN - LEVEL C-ESTATE FREESTANDING GAS RANGE, MICROWAVE, HOOD, DISHWASHER, FRIDGE ILO LEVEL B-DESIGNER PACKAGE",5510-APPLIANCES 1ST,30555100580,GENERIC,-1.0000,EA,APPLIANCES (COOKTOP;OVEN;RANGE;DW;MICROWAVE) - P.O. Dishwasher Level Designer,False,
Atlanta,ATL,5471-2044-TOWNS-BL,5471-2044-TOWNS-2BL,"APPLIANCES - KITCHEN - LEVEL C-ESTATE FREESTANDING GAS RANGE, MICROWAVE, HOOD, DISHWASHER, FRIDGE ILO LEVEL B-DESIGNER PACKAGE",2DC0904KITCHEN-0200,"EXPRESS DESIGN - INTERIOR - PACKAGE 14 - ILO SERIES 2 SPECIFICATIONS AND APPLIANCES - KITCHEN - LEVEL A-STANDARD FREESTANDING GAS RANGE, MICROWAVE, DISHWASHER, FRIDGE STAINLESS STEEL ILO LEVEL A-STANDARD PACKAGE AND BASE","APPLIANCES - KITCHEN - LEVEL C-ESTATE FREESTANDING GAS RANGE, MICROWAVE, HOOD, DISHWASHER, FRIDGE ILO LEVEL B-DESIGNER PACKAGE",5510-APPLIANCES 1ST,30555100620,GENERIC,1.0000,EA,APPLIANCES (COOKTOP;OVEN;RANGE;DW;MICROWAVE) - P.O. Dishwasher Level Estate,False,
Atlanta,ATL,5471-2044-TOWNS-BL,5471-2044-TOWNS-2BL,"APPLIANCES - KITCHEN - LEVEL C-ESTATE FREESTANDING GAS RANGE, MICROWAVE, HOOD, DISHWASHER, FRIDGE ILO LEVEL B-DESIGNER PACKAGE",2DC0904KITCHEN-0200,"EXPRESS DESIGN - INTERIOR - PACKAGE 15 - ILO SERIES 2 SPECIFICATIONS AND APPLIANCES - KITCHEN - LEVEL A-STANDARD FREESTANDING GAS RANGE, MICROWAVE, DISHWASHER, FRIDGE STAINLESS STEEL ILO LEVEL A-STANDARD PACKAGE AND BASE","APPLIANCES - KITCHEN - LEVEL C-ESTATE FREESTANDING GAS RANGE, MICROWAVE, HOOD, DISHWASHER, FRIDGE ILO LEVEL B-DESIGNER PACKAGE",5510-APPLIANCES 1ST,30555100580,GENERIC,-1.0000,EA,APPLIANCES (COOKTOP;OVEN;RANGE;DW;MICROWAVE) - P.O. Dishwasher Level Designer,False,
Atlanta,ATL,5471-2044-TOWNS-BL,5471-2044-TOWNS-2BL,"APPLIANCES - KITCHEN - LEVEL C-ESTATE FREESTANDING GAS RANGE, MICROWAVE, HOOD, DISHWASHER, FRIDGE ILO LEVEL B-DESIGNER PACKAGE",2DC0904KITCHEN-0200,"EXPRESS DESIGN - INTERIOR - PACKAGE 15 - ILO SERIES 2 SPECIFICATIONS AND APPLIANCES - KITCHEN - LEVEL A-STANDARD FREESTANDING GAS RANGE, MICROWAVE, DISHWASHER, FRIDGE STAINLESS STEEL ILO LEVEL A-STANDARD PACKAGE AND BASE","APPLIANCES - KITCHEN - LEVEL C-ESTATE FREESTANDING GAS RANGE, MICROWAVE, HOOD, DISHWASHER, FRIDGE ILO LEVEL B-DESIGNER PACKAGE",5510-APPLIANCES 1ST,30555100620,GENERIC,1.0000,EA,APPLIANCES (COOKTOP;OVEN;RANGE;DW;MICROWAVE) - P.O. Dishwasher Level Estate,False,
Atlanta,ATL,5471-2044-TOWNS-BL,5471-2044-TOWNS-2BL,"APPLIANCES - KITCHEN - LEVEL C-ESTATE FREESTANDING GAS RANGE, MICROWAVE, HOOD, DISHWASHER, FRIDGE ILO LEVEL B-DESIGNER PACKAGE",2DC0904KITCHEN-0200,"EXPRESS DESIGN - INTERIOR - PACKAGE 16 - ILO SERIES 2 SPECIFICATIONS AND APPLIANCES - KITCHEN - LEVEL A-STANDARD FREESTANDING GAS RANGE, MICROWAVE, DISHWASHER, FRIDGE STAINLESS STEEL ILO LEVEL A-STANDARD PACKAGE AND BASE","APPLIANCES - KITCHEN - LEVEL C-ESTATE FREESTANDING GAS RANGE, MICROWAVE, HOOD, DISHWASHER, FRIDGE ILO LEVEL B-DESIGNER PACKAGE",5510-APPLIANCES 1ST,30555100580,GENERIC,-1.0000,EA,APPLIANCES (COOKTOP;OVEN;RANGE;DW;MICROWAVE) - P.O. Dishwasher Level Designer,False,
Atlanta,ATL,5471-2044-TOWNS-BL,5471-2044-TOWNS-2BL,"APPLIANCES - KITCHEN - LEVEL C-ESTATE FREESTANDING GAS RANGE, MICROWAVE, HOOD, DISHWASHER, FRIDGE ILO LEVEL B-DESIGNER PACKAGE",2DC0904KITCHEN-0200,"EXPRESS DESIGN - INTERIOR - PACKAGE 16 - ILO SERIES 2 SPECIFICATIONS AND APPLIANCES - KITCHEN - LEVEL A-STANDARD FREESTANDING GAS RANGE, MICROWAVE, DISHWASHER, FRIDGE STAINLESS STEEL ILO LEVEL A-STANDARD PACKAGE AND BASE","APPLIANCES - KITCHEN - LEVEL C-ESTATE FREESTANDING GAS RANGE, MICROWAVE, HOOD, DISHWASHER, FRIDGE ILO LEVEL B-DESIGNER PACKAGE",5510-APPLIANCES 1ST,30555100620,GENERIC,1.0000,EA,APPLIANCES (COOKTOP;OVEN;RANGE;DW;MICROWAVE) - P.O. Dishwasher Level Estate,False,
Atlanta,ATL,5471-2044-TOWNS-BL,5471-2044-TOWNS-2BL,"APPLIANCES - KITCHEN - LEVEL C-ESTATE FREESTANDING GAS RANGE, MICROWAVE, HOOD, DISHWASHER, FRIDGE ILO LEVEL B-DESIGNER PACKAGE",2DC0904KITCHEN-0200,"EXPRESS DESIGN - INTERIOR - PACKAGE 17 - ILO SERIES 2 SPECIFICATIONS AND APPLIANCES - KITCHEN - LEVEL A-STANDARD FREESTANDING GAS RANGE, MICROWAVE, DISHWASHER, FRIDGE STAINLESS STEEL ILO LEVEL A-STANDARD PACKAGE AND BASE","APPLIANCES - KITCHEN - LEVEL C-ESTATE FREESTANDING GAS RANGE, MICROWAVE, HOOD, DISHWASHER, FRIDGE ILO LEVEL B-DESIGNER PACKAGE",5510-APPLIANCES 1ST,30555100580,GENERIC,-1.0000,EA,APPLIANCES (COOKTOP;OVEN;RANGE;DW;MICROWAVE) - P.O. Dishwasher Level Designer,False,
Atlanta,ATL,5471-2044-TOWNS-BL,5471-2044-TOWNS-2BL,"APPLIANCES - KITCHEN - LEVEL C-ESTATE FREESTANDING GAS RANGE, MICROWAVE, HOOD, DISHWASHER, FRIDGE ILO LEVEL B-DESIGNER PACKAGE",2DC0904KITCHEN-0200,"EXPRESS DESIGN - INTERIOR - PACKAGE 17 - ILO SERIES 2 SPECIFICATIONS AND APPLIANCES - KITCHEN - LEVEL A-STANDARD FREESTANDING GAS RANGE, MICROWAVE, DISHWASHER, FRIDGE STAINLESS STEEL ILO LEVEL A-STANDARD PACKAGE AND BASE","APPLIANCES - KITCHEN - LEVEL C-ESTATE FREESTANDING GAS RANGE, MICROWAVE, HOOD, DISHWASHER, FRIDGE ILO LEVEL B-DESIGNER PACKAGE",5510-APPLIANCES 1ST,30555100620,GENERIC,1.0000,EA,APPLIANCES (COOKTOP;OVEN;RANGE;DW;MICROWAVE) - P.O. Dishwasher Level Estate,False,
Atlanta,ATL,5471-2044-TOWNS-BL,5471-2044-TOWNS-2BL,"APPLIANCES - KITCHEN - LEVEL C-ESTATE FREESTANDING GAS RANGE, MICROWAVE, HOOD, DISHWASHER, FRIDGE ILO LEVEL B-DESIGNER PACKAGE",2DC0904KITCHEN-0200,"EXPRESS DESIGN - INTERIOR - PACKAGE 18 - ILO SERIES 2 SPECIFICATIONS AND APPLIANCES - KITCHEN - LEVEL A-STANDARD FREESTANDING GAS RANGE, MICROWAVE, DISHWASHER, FRIDGE STAINLESS STEEL ILO LEVEL A-STANDARD PACKAGE AND BASE","APPLIANCES - KITCHEN - LEVEL C-ESTATE FREESTANDING GAS RANGE, MICROWAVE, HOOD, DISHWASHER, FRIDGE ILO LEVEL B-DESIGNER PACKAGE",5510-APPLIANCES 1ST,30555100580,GENERIC,-1.0000,EA,APPLIANCES (COOKTOP;OVEN;RANGE;DW;MICROWAVE) - P.O. Dishwasher Level Designer,False,
Atlanta,ATL,5471-2044-TOWNS-BL,5471-2044-TOWNS-2BL,"APPLIANCES - KITCHEN - LEVEL C-ESTATE FREESTANDING GAS RANGE, MICROWAVE, HOOD, DISHWASHER, FRIDGE ILO LEVEL B-DESIGNER PACKAGE",2DC0904KITCHEN-0200,"EXPRESS DESIGN - INTERIOR - PACKAGE 18 - ILO SERIES 2 SPECIFICATIONS AND APPLIANCES - KITCHEN - LEVEL A-STANDARD FREESTANDING GAS RANGE, MICROWAVE, DISHWASHER, FRIDGE STAINLESS STEEL ILO LEVEL A-STANDARD PACKAGE AND BASE","APPLIANCES - KITCHEN - LEVEL C-ESTATE FREESTANDING GAS RANGE, MICROWAVE, HOOD, DISHWASHER, FRIDGE ILO LEVEL B-DESIGNER PACKAGE",5510-APPLIANCES 1ST,30555100620,GENERIC,1.0000,EA,APPLIANCES (COOKTOP;OVEN;RANGE;DW;MICROWAVE) - P.O. Dishwasher Level Estate,False,
Atlanta,ATL,5471-2044-TOWNS-BL,5471-2044-TOWNS-2BL,"APPLIANCES - KITCHEN - LEVEL C-ESTATE FREESTANDING GAS RANGE, MICROWAVE, HOOD, DISHWASHER, FRIDGE ILO LEVEL B-DESIGNER PACKAGE",2DC0904KITCHEN-0200,"EXPRESS DESIGN - INTERIOR - PACKAGE 13 - ILO SERIES 2 SPECIFICATIONS AND APPLIANCES - KITCHEN - LEVEL A-STANDARD FREESTANDING ELECTRIC RANGE, MICROWAVE, DISHWASHER, FRIDGE STAINLESS STEEL ILO LEVEL A-STANDARD PACKAGE AND BASE","APPLIANCES - KITCHEN - LEVEL C-ESTATE FREESTANDING GAS RANGE, MICROWAVE, HOOD, DISHWASHER, FRIDGE ILO LEVEL B-DESIGNER PACKAGE",5510-APPLIANCES 1ST,30555100580,GENERIC,-1.0000,EA,APPLIANCES (COOKTOP;OVEN;RANGE;DW;MICROWAVE) - P.O. Dishwasher Level Designer,False,
Atlanta,ATL,5471-2044-TOWNS-BL,5471-2044-TOWNS-2BL,"APPLIANCES - KITCHEN - LEVEL C-ESTATE FREESTANDING GAS RANGE, MICROWAVE, HOOD, DISHWASHER, FRIDGE ILO LEVEL B-DESIGNER PACKAGE",2DC0904KITCHEN-0200,"EXPRESS DESIGN - INTERIOR - PACKAGE 13 - ILO SERIES 2 SPECIFICATIONS AND APPLIANCES - KITCHEN - LEVEL A-STANDARD FREESTANDING ELECTRIC RANGE, MICROWAVE, DISHWASHER, FRIDGE STAINLESS STEEL ILO LEVEL A-STANDARD PACKAGE AND BASE","APPLIANCES - KITCHEN - LEVEL C-ESTATE FREESTANDING GAS RANGE, MICROWAVE, HOOD, DISHWASHER, FRIDGE ILO LEVEL B-DESIGNER PACKAGE",5510-APPLIANCES 1ST,30555100620,GENERIC,1.0000,EA,APPLIANCES (COOKTOP;OVEN;RANGE;DW;MICROWAVE) - P.O. Dishwasher Level Estate,False,
Atlanta,ATL,5471-2044-TOWNS-BL,5471-2044-TOWNS-2BL,"APPLIANCES - KITCHEN - LEVEL C-ESTATE FREESTANDING GAS RANGE, MICROWAVE, HOOD, DISHWASHER, FRIDGE ILO LEVEL B-DESIGNER PACKAGE",2DC0904KITCHEN-0200,"EXPRESS DESIGN - INTERIOR - PACKAGE 14 - ILO SERIES 2 SPECIFICATIONS AND APPLIANCES - KITCHEN - LEVEL A-STANDARD FREESTANDING ELECTRIC RANGE, MICROWAVE, DISHWASHER, FRIDGE STAINLESS STEEL ILO LEVEL A-STANDARD PACKAGE AND BASE","APPLIANCES - KITCHEN - LEVEL C-ESTATE FREESTANDING GAS RANGE, MICROWAVE, HOOD, DISHWASHER, FRIDGE ILO LEVEL B-DESIGNER PACKAGE",5510-APPLIANCES 1ST,30555100580,GENERIC,-1.0000,EA,APPLIANCES (COOKTOP;OVEN;RANGE;DW;MICROWAVE) - P.O. Dishwasher Level Designer,False,
Atlanta,ATL,5471-2044-TOWNS-BL,5471-2044-TOWNS-2BL,"APPLIANCES - KITCHEN - LEVEL C-ESTATE FREESTANDING GAS RANGE, MICROWAVE, HOOD, DISHWASHER, FRIDGE ILO LEVEL B-DESIGNER PACKAGE",2DC0904KITCHEN-0200,"EXPRESS DESIGN - INTERIOR - PACKAGE 14 - ILO SERIES 2 SPECIFICATIONS AND APPLIANCES - KITCHEN - LEVEL A-STANDARD FREESTANDING ELECTRIC RANGE, MICROWAVE, DISHWASHER, FRIDGE STAINLESS STEEL ILO LEVEL A-STANDARD PACKAGE AND BASE","APPLIANCES - KITCHEN - LEVEL C-ESTATE FREESTANDING GAS RANGE, MICROWAVE, HOOD, DISHWASHER, FRIDGE ILO LEVEL B-DESIGNER PACKAGE",5510-APPLIANCES 1ST,30555100620,GENERIC,1.0000,EA,APPLIANCES (COOKTOP;OVEN;RANGE;DW;MICROWAVE) - P.O. Dishwasher Level Estate,False,
Atlanta,ATL,5471-2044-TOWNS-BL,5471-2044-TOWNS-2BL,"APPLIANCES - KITCHEN - LEVEL C-ESTATE FREESTANDING GAS RANGE, MICROWAVE, HOOD, DISHWASHER, FRIDGE ILO LEVEL B-DESIGNER PACKAGE",2DC0904KITCHEN-0200,"EXPRESS DESIGN - INTERIOR - PACKAGE 15 - ILO SERIES 2 SPECIFICATIONS AND APPLIANCES - KITCHEN - LEVEL A-STANDARD FREESTANDING ELECTRIC RANGE, MICROWAVE, DISHWASHER, FRIDGE STAINLESS STEEL ILO LEVEL A-STANDARD PACKAGE AND BASE","APPLIANCES - KITCHEN - LEVEL C-ESTATE FREESTANDING GAS RANGE, MICROWAVE, HOOD, DISHWASHER, FRIDGE ILO LEVEL B-DESIGNER PACKAGE",5510-APPLIANCES 1ST,30555100580,GENERIC,-1.0000,EA,APPLIANCES (COOKTOP;OVEN;RANGE;DW;MICROWAVE) - P.O. Dishwasher Level Designer,False,
Atlanta,ATL,5471-2044-TOWNS-BL,5471-2044-TOWNS-2BL,"APPLIANCES - KITCHEN - LEVEL C-ESTATE FREESTANDING GAS RANGE, MICROWAVE, HOOD, DISHWASHER, FRIDGE ILO LEVEL B-DESIGNER PACKAGE",2DC0904KITCHEN-0200,"EXPRESS DESIGN - INTERIOR - PACKAGE 15 - ILO SERIES 2 SPECIFICATIONS AND APPLIANCES - KITCHEN - LEVEL A-STANDARD FREESTANDING ELECTRIC RANGE, MICROWAVE, DISHWASHER, FRIDGE STAINLESS STEEL ILO LEVEL A-STANDARD PACKAGE AND BASE","APPLIANCES - KITCHEN - LEVEL C-ESTATE FREESTANDING GAS RANGE, MICROWAVE, HOOD, DISHWASHER, FRIDGE ILO LEVEL B-DESIGNER PACKAGE",5510-APPLIANCES 1ST,30555100620,GENERIC,1.0000,EA,APPLIANCES (COOKTOP;OVEN;RANGE;DW;MICROWAVE) - P.O. Dishwasher Level Estate,False,
Atlanta,ATL,5471-2044-TOWNS-BL,5471-2044-TOWNS-2BL,"APPLIANCES - KITCHEN - LEVEL C-ESTATE FREESTANDING GAS RANGE, MICROWAVE, HOOD, DISHWASHER, FRIDGE ILO LEVEL B-DESIGNER PACKAGE",2DC0904KITCHEN-0200,"EXPRESS DESIGN - INTERIOR - PACKAGE 16 - ILO SERIES 2 SPECIFICATIONS AND APPLIANCES - KITCHEN - LEVEL A-STANDARD FREESTANDING ELECTRIC RANGE, MICROWAVE, DISHWASHER, FRIDGE STAINLESS STEEL ILO LEVEL A-STANDARD PACKAGE AND BASE","APPLIANCES - KITCHEN - LEVEL C-ESTATE FREESTANDING GAS RANGE, MICROWAVE, HOOD, DISHWASHER, FRIDGE ILO LEVEL B-DESIGNER PACKAGE",5510-APPLIANCES 1ST,30555100580,GENERIC,-1.0000,EA,APPLIANCES (COOKTOP;OVEN;RANGE;DW;MICROWAVE) - P.O. Dishwasher Level Designer,False,
Atlanta,ATL,5471-2044-TOWNS-BL,5471-2044-TOWNS-2BL,"APPLIANCES - KITCHEN - LEVEL C-ESTATE FREESTANDING GAS RANGE, MICROWAVE, HOOD, DISHWASHER, FRIDGE ILO LEVEL B-DESIGNER PACKAGE",2DC0904KITCHEN-0200,"EXPRESS DESIGN - INTERIOR - PACKAGE 16 - ILO SERIES 2 SPECIFICATIONS AND APPLIANCES - KITCHEN - LEVEL A-STANDARD FREESTANDING ELECTRIC RANGE, MICROWAVE, DISHWASHER, FRIDGE STAINLESS STEEL ILO LEVEL A-STANDARD PACKAGE AND BASE","APPLIANCES - KITCHEN - LEVEL C-ESTATE FREESTANDING GAS RANGE, MICROWAVE, HOOD, DISHWASHER, FRIDGE ILO LEVEL B-DESIGNER PACKAGE",5510-APPLIANCES 1ST,30555100620,GENERIC,1.0000,EA,APPLIANCES (COOKTOP;OVEN;RANGE;DW;MICROWAVE) - P.O. Dishwasher Level Estate,False,
Atlanta,ATL,5471-2044-TOWNS-BL,5471-2044-TOWNS-2BL,"APPLIANCES - KITCHEN - LEVEL C-ESTATE FREESTANDING GAS RANGE, MICROWAVE, HOOD, DISHWASHER, FRIDGE ILO LEVEL B-DESIGNER PACKAGE",2DC0904KITCHEN-0200,"EXPRESS DESIGN - INTERIOR - PACKAGE 17 - ILO SERIES 2 SPECIFICATIONS AND APPLIANCES - KITCHEN - LEVEL A-STANDARD FREESTANDING ELECTRIC RANGE, MICROWAVE, DISHWASHER, FRIDGE STAINLESS STEEL ILO LEVEL A-STANDARD PACKAGE AND BASE","APPLIANCES - KITCHEN - LEVEL C-ESTATE FREESTANDING GAS RANGE, MICROWAVE, HOOD, DISHWASHER, FRIDGE ILO LEVEL B-DESIGNER PACKAGE",5510-APPLIANCES 1ST,30555100580,GENERIC,-1.0000,EA,APPLIANCES (COOKTOP;OVEN;RANGE;DW;MICROWAVE) - P.O. Dishwasher Level Designer,False,
Atlanta,ATL,5471-2044-TOWNS-BL,5471-2044-TOWNS-2BL,"APPLIANCES - KITCHEN - LEVEL C-ESTATE FREESTANDING GAS RANGE, MICROWAVE, HOOD, DISHWASHER, FRIDGE ILO LEVEL B-DESIGNER PACKAGE",2DC0904KITCHEN-0200,"EXPRESS DESIGN - INTERIOR - PACKAGE 17 - ILO SERIES 2 SPECIFICATIONS AND APPLIANCES - KITCHEN - LEVEL A-STANDARD FREESTANDING ELECTRIC RANGE, MICROWAVE, DISHWASHER, FRIDGE STAINLESS STEEL ILO LEVEL A-STANDARD PACKAGE AND BASE","APPLIANCES - KITCHEN - LEVEL C-ESTATE FREESTANDING GAS RANGE, MICROWAVE, HOOD, DISHWASHER, FRIDGE ILO LEVEL B-DESIGNER PACKAGE",5510-APPLIANCES 1ST,30555100620,GENERIC,1.0000,EA,APPLIANCES (COOKTOP;OVEN;RANGE;DW;MICROWAVE) - P.O. Dishwasher Level Estate,False,
Atlanta,ATL,5471-2044-TOWNS-BL,5471-2044-TOWNS-2BL,"APPLIANCES - KITCHEN - LEVEL C-ESTATE FREESTANDING GAS RANGE, MICROWAVE, HOOD, DISHWASHER, FRIDGE ILO LEVEL B-DESIGNER PACKAGE",2DC0904KITCHEN-0200,"EXPRESS DESIGN - INTERIOR - PACKAGE 18 - ILO SERIES 2 SPECIFICATIONS AND APPLIANCES - KITCHEN - LEVEL A-STANDARD FREESTANDING ELECTRIC RANGE, MICROWAVE, DISHWASHER, FRIDGE STAINLESS STEEL ILO LEVEL A-STANDARD PACKAGE AND BASE","APPLIANCES - KITCHEN - LEVEL C-ESTATE FREESTANDING GAS RANGE, MICROWAVE, HOOD, DISHWASHER, FRIDGE ILO LEVEL B-DESIGNER PACKAGE",5510-APPLIANCES 1ST,30555100580,GENERIC,-1.0000,EA,APPLIANCES (COOKTOP;OVEN;RANGE;DW;MICROWAVE) - P.O. Dishwasher Level Designer,False,
Atlanta,ATL,5471-2044-TOWNS-BL,5471-2044-TOWNS-2BL,"APPLIANCES - KITCHEN - LEVEL C-ESTATE FREESTANDING GAS RANGE, MICROWAVE, HOOD, DISHWASHER, FRIDGE ILO LEVEL B-DESIGNER PACKAGE",2DC0904KITCHEN-0200,"EXPRESS DESIGN - INTERIOR - PACKAGE 18 - ILO SERIES 2 SPECIFICATIONS AND APPLIANCES - KITCHEN - LEVEL A-STANDARD FREESTANDING ELECTRIC RANGE, MICROWAVE, DISHWASHER, FRIDGE STAINLESS STEEL ILO LEVEL A-STANDARD PACKAGE AND BASE","APPLIANCES - KITCHEN - LEVEL C-ESTATE FREESTANDING GAS RANGE, MICROWAVE, HOOD, DISHWASHER, FRIDGE ILO LEVEL B-DESIGNER PACKAGE",5510-APPLIANCES 1ST,30555100620,GENERIC,1.0000,EA,APPLIANCES (COOKTOP;OVEN;RANGE;DW;MICROWAVE) - P.O. Dishwasher Level Estate,False,
Atlanta,ATL,5471-2044-TOWNS-BL,5471-2044-TOWNS-2BL,"APPLIANCES - KITCHEN - LEVEL C-ESTATE FREESTANDING GAS RANGE, MICROWAVE, HOOD, DISHWASHER, FRIDGE ILO LEVEL B-DESIGNER PACKAGE",2DC0904KITCHEN-0200,EXPRESS DESIGN - INTERIOR - PACKAGE 13 - ILO SERIES 2 SPECIFICATIONS AND BASE,"APPLIANCES - KITCHEN - LEVEL C-ESTATE FREESTANDING GAS RANGE, MICROWAVE, HOOD, DISHWASHER, FRIDGE ILO LEVEL B-DESIGNER PACKAGE",5510-APPLIANCES 1ST,30555100580,GENERIC,1.0000,EA,APPLIANCES (COOKTOP;OVEN;RANGE;DW;MICROWAVE) - P.O. Dishwasher Level Designer,False,
Atlanta,ATL,5471-2044-TOWNS-BL,5471-2044-TOWNS-2BL,"APPLIANCES - KITCHEN - LEVEL C-ESTATE FREESTANDING GAS RANGE, MICROWAVE, HOOD, DISHWASHER, FRIDGE ILO LEVEL B-DESIGNER PACKAGE",2DC0904KITCHEN-0200,EXPRESS DESIGN - INTERIOR - PACKAGE 13 - ILO SERIES 2 SPECIFICATIONS AND BASE,"APPLIANCES - KITCHEN - LEVEL C-ESTATE FREESTANDING GAS RANGE, MICROWAVE, HOOD, DISHWASHER, FRIDGE ILO LEVEL B-DESIGNER PACKAGE",5510-APPLIANCES 1ST,30555100620,GENERIC,-1.0000,EA,APPLIANCES (COOKTOP;OVEN;RANGE;DW;MICROWAVE) - P.O. Dishwasher Level Estate,False,
Atlanta,ATL,5471-2044-TOWNS-BL,5471-2044-TOWNS-2BL,"APPLIANCES - KITCHEN - LEVEL C-ESTATE FREESTANDING GAS RANGE, MICROWAVE, HOOD, DISHWASHER, FRIDGE ILO LEVEL B-DESIGNER PACKAGE",2DC0904KITCHEN-0200,EXPRESS DESIGN - INTERIOR - PACKAGE 14 - ILO SERIES 2 SPECIFICATIONS AND BASE,"APPLIANCES - KITCHEN - LEVEL C-ESTATE FREESTANDING GAS RANGE, MICROWAVE, HOOD, DISHWASHER, FRIDGE ILO LEVEL B-DESIGNER PACKAGE",5510-APPLIANCES 1ST,30555100580,GENERIC,1.0000,EA,APPLIANCES (COOKTOP;OVEN;RANGE;DW;MICROWAVE) - P.O. Dishwasher Level Designer,False,
Atlanta,ATL,5471-2044-TOWNS-BL,5471-2044-TOWNS-2BL,"APPLIANCES - KITCHEN - LEVEL C-ESTATE FREESTANDING GAS RANGE, MICROWAVE, HOOD, DISHWASHER, FRIDGE ILO LEVEL B-DESIGNER PACKAGE",2DC0904KITCHEN-0200,EXPRESS DESIGN - INTERIOR - PACKAGE 14 - ILO SERIES 2 SPECIFICATIONS AND BASE,"APPLIANCES - KITCHEN - LEVEL C-ESTATE FREESTANDING GAS RANGE, MICROWAVE, HOOD, DISHWASHER, FRIDGE ILO LEVEL B-DESIGNER PACKAGE",5510-APPLIANCES 1ST,30555100620,GENERIC,-1.0000,EA,APPLIANCES (COOKTOP;OVEN;RANGE;DW;MICROWAVE) - P.O. Dishwasher Level Estate,False,
Atlanta,ATL,5471-2044-TOWNS-BL,5471-2044-TOWNS-2BL,"APPLIANCES - KITCHEN - LEVEL C-ESTATE FREESTANDING GAS RANGE, MICROWAVE, HOOD, DISHWASHER, FRIDGE ILO LEVEL B-DESIGNER PACKAGE",2DC0904KITCHEN-0200,EXPRESS DESIGN - INTERIOR - PACKAGE 15 - ILO SERIES 2 SPECIFICATIONS AND BASE,"APPLIANCES - KITCHEN - LEVEL C-ESTATE FREESTANDING GAS RANGE, MICROWAVE, HOOD, DISHWASHER, FRIDGE ILO LEVEL B-DESIGNER PACKAGE",5510-APPLIANCES 1ST,30555100580,GENERIC,1.0000,EA,APPLIANCES (COOKTOP;OVEN;RANGE;DW;MICROWAVE) - P.O. Dishwasher Level Designer,False,
Atlanta,ATL,5471-2044-TOWNS-BL,5471-2044-TOWNS-2BL,"APPLIANCES - KITCHEN - LEVEL C-ESTATE FREESTANDING GAS RANGE, MICROWAVE, HOOD, DISHWASHER, FRIDGE ILO LEVEL B-DESIGNER PACKAGE",2DC0904KITCHEN-0200,EXPRESS DESIGN - INTERIOR - PACKAGE 15 - ILO SERIES 2 SPECIFICATIONS AND BASE,"APPLIANCES - KITCHEN - LEVEL C-ESTATE FREESTANDING GAS RANGE, MICROWAVE, HOOD, DISHWASHER, FRIDGE ILO LEVEL B-DESIGNER PACKAGE",5510-APPLIANCES 1ST,30555100620,GENERIC,-1.0000,EA,APPLIANCES (COOKTOP;OVEN;RANGE;DW;MICROWAVE) - P.O. Dishwasher Level Estate,False,
Atlanta,ATL,5471-2044-TOWNS-BL,5471-2044-TOWNS-2BL,"APPLIANCES - KITCHEN - LEVEL C-ESTATE FREESTANDING GAS RANGE, MICROWAVE, HOOD, DISHWASHER, FRIDGE ILO LEVEL B-DESIGNER PACKAGE",2DC0904KITCHEN-0200,EXPRESS DESIGN - INTERIOR - PACKAGE 16 - ILO SERIES 2 SPECIFICATIONS AND BASE,"APPLIANCES - KITCHEN - LEVEL C-ESTATE FREESTANDING GAS RANGE, MICROWAVE, HOOD, DISHWASHER, FRIDGE ILO LEVEL B-DESIGNER PACKAGE",5510-APPLIANCES 1ST,30555100580,GENERIC,1.0000,EA,APPLIANCES (COOKTOP;OVEN;RANGE;DW;MICROWAVE) - P.O. Dishwasher Level Designer,False,
Atlanta,ATL,5471-2044-TOWNS-BL,5471-2044-TOWNS-2BL,"APPLIANCES - KITCHEN - LEVEL C-ESTATE FREESTANDING GAS RANGE, MICROWAVE, HOOD, DISHWASHER, FRIDGE ILO LEVEL B-DESIGNER PACKAGE",2DC0904KITCHEN-0200,EXPRESS DESIGN - INTERIOR - PACKAGE 16 - ILO SERIES 2 SPECIFICATIONS AND BASE,"APPLIANCES - KITCHEN - LEVEL C-ESTATE FREESTANDING GAS RANGE, MICROWAVE, HOOD, DISHWASHER, FRIDGE ILO LEVEL B-DESIGNER PACKAGE",5510-APPLIANCES 1ST,30555100620,GENERIC,-1.0000,EA,APPLIANCES (COOKTOP;OVEN;RANGE;DW;MICROWAVE) - P.O. Dishwasher Level Estate,False,
Atlanta,ATL,5471-2044-TOWNS-BL,5471-2044-TOWNS-2BL,"APPLIANCES - KITCHEN - LEVEL C-ESTATE FREESTANDING GAS RANGE, MICROWAVE, HOOD, DISHWASHER, FRIDGE ILO LEVEL B-DESIGNER PACKAGE",2DC0904KITCHEN-0200,EXPRESS DESIGN - INTERIOR - PACKAGE 17 - ILO SERIES 2 SPECIFICATIONS AND BASE,"APPLIANCES - KITCHEN - LEVEL C-ESTATE FREESTANDING GAS RANGE, MICROWAVE, HOOD, DISHWASHER, FRIDGE ILO LEVEL B-DESIGNER PACKAGE",5510-APPLIANCES 1ST,30555100580,GENERIC,1.0000,EA,APPLIANCES (COOKTOP;OVEN;RANGE;DW;MICROWAVE) - P.O. Dishwasher Level Designer,False,
Atlanta,ATL,5471-2044-TOWNS-BL,5471-2044-TOWNS-2BL,"APPLIANCES - KITCHEN - LEVEL C-ESTATE FREESTANDING GAS RANGE, MICROWAVE, HOOD, DISHWASHER, FRIDGE ILO LEVEL B-DESIGNER PACKAGE",2DC0904KITCHEN-0200,EXPRESS DESIGN - INTERIOR - PACKAGE 17 - ILO SERIES 2 SPECIFICATIONS AND BASE,"APPLIANCES - KITCHEN - LEVEL C-ESTATE FREESTANDING GAS RANGE, MICROWAVE, HOOD, DISHWASHER, FRIDGE ILO LEVEL B-DESIGNER PACKAGE",5510-APPLIANCES 1ST,30555100620,GENERIC,-1.0000,EA,APPLIANCES (COOKTOP;OVEN;RANGE;DW;MICROWAVE) - P.O. Dishwasher Level Estate,False,
Atlanta,ATL,5471-2044-TOWNS-BL,5471-2044-TOWNS-2BL,"APPLIANCES - KITCHEN - LEVEL C-ESTATE FREESTANDING GAS RANGE, MICROWAVE, HOOD, DISHWASHER, FRIDGE ILO LEVEL B-DESIGNER PACKAGE",2DC0904KITCHEN-0200,EXPRESS DESIGN - INTERIOR - PACKAGE 18 - ILO SERIES 2 SPECIFICATIONS AND BASE,"APPLIANCES - KITCHEN - LEVEL C-ESTATE FREESTANDING GAS RANGE, MICROWAVE, HOOD, DISHWASHER, FRIDGE ILO LEVEL B-DESIGNER PACKAGE",5510-APPLIANCES 1ST,30555100580,GENERIC,1.0000,EA,APPLIANCES (COOKTOP;OVEN;RANGE;DW;MICROWAVE) - P.O. Dishwasher Level Designer,False,
Atlanta,ATL,5471-2044-TOWNS-BL,5471-2044-TOWNS-2BL,"APPLIANCES - KITCHEN - LEVEL C-ESTATE FREESTANDING GAS RANGE, MICROWAVE, HOOD, DISHWASHER, FRIDGE ILO LEVEL B-DESIGNER PACKAGE",2DC0904KITCHEN-0200,EXPRESS DESIGN - INTERIOR - PACKAGE 18 - ILO SERIES 2 SPECIFICATIONS AND BASE,"APPLIANCES - KITCHEN - LEVEL C-ESTATE FREESTANDING GAS RANGE, MICROWAVE, HOOD, DISHWASHER, FRIDGE ILO LEVEL B-DESIGNER PACKAGE",5510-APPLIANCES 1ST,30555100620,GENERIC,-1.0000,EA,APPLIANCES (COOKTOP;OVEN;RANGE;DW;MICROWAVE) - P.O. Dishwasher Level Estate,False,
Atlanta,ATL,5471-2044-TOWNS-BL,5471-2044-TOWNS-2BL,BASE,BASE0100,,Base House,3260-PREBUILT STAIRS,30332630110,GENERIC,2.0000,EA,PREBUILT STAIRS - P.O. Pre-Built Stairs Carpet Treads To 2nd Floor (9' 1st Floor),False,
Atlanta,ATL,5471-2044-TOWNS-BL,5471-2044-TOWNS-2BL,BASE,BASE0100,,Base House,1110-ARCH PLANS/SPEC,30111100120,GENERIC,1.0000,EA,ARCHITECTURAL PLANS & SPECS - Fee Architectural Base Plan Fee,False,
Atlanta,ATL,5471-2044-TOWNS-BL,5471-2044-TOWNS-2BL,BASE,BASE0100,,Base House,1120-INITIAL SURVEY,30111200112,GENERIC,1.0000,EA,INITIAL SURVEY - P.O. Site Plan with Erosion and Grading,False,
Atlanta,ATL,5471-2044-TOWNS-BL,5471-2044-TOWNS-2BL,BASE,BASE0100,,Base House,1121-AS-BUILT,30111210120,GENERIC,1.0000,EA,AS BUILT - P.O. Box Check/Foundation Verifications,False,
Atlanta,ATL,5471-2044-TOWNS-BL,5471-2044-TOWNS-2BL,BASE,BASE0100,,Base House,1122-ENG. INSPECTION,30111220120,GENERIC,3.0000,EA,ENGINEERED INSPECTION - Fee 3rd Party Inspection Service ilo Municipal Inspection per Inspection,False,
Atlanta,ATL,5471-2044-TOWNS-BL,5471-2044-TOWNS-2BL,BASE,BASE0100,,Base House,1123-LOT STAKING,30111230100,GENERIC,1.0000,EA,LOT STAKING - P.O. Stake Lot/Set Property Corners,False,
Atlanta,ATL,5471-2044-TOWNS-BL,5471-2044-TOWNS-2BL,BASE,BASE0100,,Base House,1124-HOUSE STAKING,30111240120,GENERIC,1.0000,EA,HOUSE STAKING - P.O. House Staking with offsets (8 stakes per lot),False,
Atlanta,ATL,5471-2044-TOWNS-BL,5471-2044-TOWNS-2BL,BASE,BASE0100,,Base House,1210-LOT CLEARING,30112100100,GENERIC,1.0000,EA,LOT CLEARING - P.O. Individual Lot Clearing,False,
Atlanta,ATL,5471-2044-TOWNS-BL,5471-2044-TOWNS-2BL,BASE,BASE0100,,Base House,1211-TREE REMOVAL,30112110100,GENERIC,1.0000,EA,TREE REMOVAL - P.O. Individual Lot Tree Removal,False,
Atlanta,ATL,5471-2044-TOWNS-BL,5471-2044-TOWNS-2BL,BASE,BASE0100,,Base House,1212-CURB CUT,30112120100,GENERIC,1.0000,EA,CURB CUT - P.O. Cut Curb Two Car Approach,False,
Atlanta,ATL,5471-2044-TOWNS-BL,5471-2044-TOWNS-2BL,BASE,BASE0100,,Base House,1220-ROUGH GRADING,30112200160,GENERIC,1.0000,EA,ROUGH GRADE - P.O. Labor and Equipment Rough Grade (brick cleanup),False,
Atlanta,ATL,5471-2044-TOWNS-BL,5471-2044-TOWNS-2BL,BASE,BASE0100,,Base House,1221-DRIVEWAY PAD&GRAVL,30112210120,GENERIC,1.0000,EA,DRIVEWAY PAD AND GRAVEL -  P.O. Materials Driveway Pad Gravel 20'x20',False,
Atlanta,ATL,5471-2044-TOWNS-BL,5471-2044-TOWNS-2BL,BASE,BASE0100,,Base House,1221-DRIVEWAY PAD&GRAVL,30112210100,GENERIC,1.0000,EA,DRIVEWAY PAD AND GRAVEL -  P.O. Labor and Equipment Install Temp Driveway,False,
Atlanta,ATL,5471-2044-TOWNS-BL,5471-2044-TOWNS-2BL,BASE,BASE0100,,Base House,1231-FINAL GRADING,30112310100,GENERIC,1.0000,EA,FINAL GRADING - P.O. Labor and Equipment Final Grade,False,
Atlanta,ATL,5471-2044-TOWNS-BL,5471-2044-TOWNS-2BL,BASE,BASE0100,,Base House,1250-EROSION CONTROL,30112500100,GENERIC,300.0000,LF,EROSION CONTROL - P.O. Labor; Equipment; and Materials Type A Silt Fence Installation by Lineal Feet,False,
Atlanta,ATL,5471-2044-TOWNS-BL,5471-2044-TOWNS-2BL,BASE,BASE0100,,Base House,1251-EROS CTRL MULCH,30112510100,GENERIC,5000.0000,EA,EROSION CONTROL-TEMP MULCH - P.O. Labor; Equipment; and Materials Temporary Mulch Installation by the Bale,False,
Atlanta,ATL,5471-2044-TOWNS-BL,5471-2044-TOWNS-2BL,BASE,BASE0100,,Base House,1410-TEMP ELECTRIC,30114100100,GENERIC,1.0000,EA,TEMPORARY ELECTRIC - Fee Temporary Electric Turnkey Charge,False,
Atlanta,ATL,5471-2044-TOWNS-BL,5471-2044-TOWNS-2BL,BASE,BASE0100,,Base House,1411-WATER TAP FEES,30114110100,GENERIC,1.0000,EA,WATER TAP FEES - Fee Water Utility Connection Charge,False,
Atlanta,ATL,5471-2044-TOWNS-BL,5471-2044-TOWNS-2BL,BASE,BASE0100,,Base House,1412-SEWER TAP FEES,30114120100,GENERIC,1.0000,EA,SEWER TAP FEES - Fee Sewer Utility Connection Charge,False,
Atlanta,ATL,5471-2044-TOWNS-BL,5471-2044-TOWNS-2BL,BASE,BASE0100,,Base House,1413-GAS LINE FEES,30114130120,GENERIC,1.0000,EA,GAS LINE - Fee  P.O. Labor and Equipment Gas Line Trenching,False,
Atlanta,ATL,5471-2044-TOWNS-BL,5471-2044-TOWNS-2BL,BASE,BASE0100,,Base House,1413-GAS LINE FEES,30114130100,GENERIC,1.0000,EA,GAS LINE - Fee Gas Line from Utility Provider,False,
Atlanta,ATL,5471-2044-TOWNS-BL,5471-2044-TOWNS-2BL,BASE,BASE0100,,Base House,1560-RESTROOMS,30115600100,GENERIC,1.0000,EA,RESTROOMS - Fee Construction Toilet Monthly Amount  (Quantity equals months under construction),False,
Atlanta,ATL,5471-2044-TOWNS-BL,5471-2044-TOWNS-2BL,BASE,BASE0100,,Base House,2020-EARTH HAULING,30220200140,GENERIC,2.0000,EA,EARTH HAULING - P.O. Labor and Equipment (20 Yard Trucks) to Haul Dirt Out to Internal Dump Site,False,
Atlanta,ATL,5471-2044-TOWNS-BL,5471-2044-TOWNS-2BL,BASE,BASE0100,,Base House,2020-EARTH HAULING,30220200120,GENERIC,2.0000,EA,EARTH HAULING - P.O. Labor and Equipment (20 Yard Trucks) to Haul Dirt Out to External Dump Site,False,
Atlanta,ATL,5471-2044-TOWNS-BL,5471-2044-TOWNS-2BL,BASE,BASE0100,,Base House,2020-EARTH HAULING,30220200110,GENERIC,2.0000,EA,EARTH HAULING - P.O. Labor and Equipment (Loader) to Load Haul Dirt Out to Internal/External Dump Site,False,
Atlanta,ATL,5471-2044-TOWNS-BL,5471-2044-TOWNS-2BL,BASE,BASE0100,,Base House,3203-FRAME MAT'L 3RD,30332030090,GENERIC,1.0000,EA,FRAMING MATERIAL 3RD - BUDGET Lumber Fill In,False,
Atlanta,ATL,5471-2044-TOWNS-BL,5471-2044-TOWNS-2BL,BASE,BASE0100,,Base House,3253-FRAME ROOF TRS,30332530100,GENERIC,1.0000,EA,FRAMING ROOF TRUSSES - P.O. Engineered Roof Truss System,False,
Atlanta,ATL,5471-2044-TOWNS-BL,5471-2044-TOWNS-2BL,BASE,BASE0100,,Base House,3320-FRMNG NAIL ALLOW,30333200160,GENERIC,1.0000,EA,FRAMING NAIL ALLOWANCE - P.O. Nail Allowance per Job,False,
Atlanta,ATL,5471-2044-TOWNS-BL,5471-2044-TOWNS-2BL,BASE,BASE0100,,Base House,3350-CRANE RENTAL,30333500140,GENERIC,1.0000,EA,CRANE RENTAL - P.O. Labor and Equipment Crane Rental Fuel  Surcharge,False,
Atlanta,ATL,5471-2044-TOWNS-BL,5471-2044-TOWNS-2BL,BASE,BASE0100,,Base House,3350-CRANE RENTAL,30333500120,GENERIC,3.0000,HR,CRANE RENTAL - P.O. Labor and Equipment Crane Rental Per Hour Charge,False,
Atlanta,ATL,5471-2044-TOWNS-BL,5471-2044-TOWNS-2BL,BASE,BASE0100,,Base House,3350-CRANE RENTAL,30333500100,GENERIC,1.0000,EA,CRANE RENTAL - P.O. Labor and Equipment Crane Rental Minimum Charge,False,
Atlanta,ATL,5471-2044-TOWNS-BL,5471-2044-TOWNS-2BL,BASE,BASE0100,,Base House,3607-WATER/SEWER,30136070120,GENERIC,30.0000,LF,WATER & SEWER SERVICE - P.O. Labor; Equipment; and Materials (Includes Gravel) to Excavate;Install;Backfill Sewer Line Service (Schedule 40) by Lineal,False,
Atlanta,ATL,5471-2044-TOWNS-BL,5471-2044-TOWNS-2BL,BASE,BASE0100,,Base House,3607-WATER/SEWER,30136070100,GENERIC,30.0000,LF,"WATER & SEWER SERVICE - P.O. Labor; Equipment; and Materials (Includes Gravel) to Excavate;Install;Backfill Water Line Service (1"" PEX) by Lineal Feet",False,
Atlanta,ATL,5471-2044-TOWNS-BL,5471-2044-TOWNS-2BL,BASE,BASE0100,,Base House,3840-HVAC BLOWER DR,30438400120,GENERIC,1.0000,EA,HVAC - BLOWER DOOR TEST - Blower Door Test and Report per Home,False,
Atlanta,ATL,5471-2044-TOWNS-BL,5471-2044-TOWNS-2BL,BASE,BASE0100,,Base House,3840-HVAC BLOWER DR,30438400100,GENERIC,1.0000,EA,HVAC - BLOWER DOOR TEST - Duct Blaster Test and Report per Home,False,
Atlanta,ATL,5471-2044-TOWNS-BL,5471-2044-TOWNS-2BL,BASE,BASE0100,,Base House,6014-PRESSURE WASH,30660140100,GENERIC,1.0000,EA,PRESSURE WASH - P.O. Labor and Materials to Pressure Wash Garage and Exterior Concrete per Home,False,
Atlanta,ATL,5471-2044-TOWNS-BL,5471-2044-TOWNS-2BL,BASE,BASE0100,,Base House,6020-EXT CLEAN DRAW1,30660200100,GENERIC,1.0000,EA,EXTERIOR CLEAN TURNKEY - P.O. Labor and Equipment to Remove Site Trash and Debris - Draw 1,False,
Atlanta,ATL,5471-2044-TOWNS-BL,5471-2044-TOWNS-2BL,BASE,BASE0100,,Base House,6036-PUNCHOUT,30660360120,GENERIC,1.0000,EA,PUNCHOUT - Fee Punchout Expenses,False,
Atlanta,ATL,5471-2044-TOWNS-BL,5471-2044-TOWNS-2BL,BASE,BASE0100,,Base House,6220-EXT CONC LABOR,30662200180,GENERIC,10.0000,TON,EXTERIOR CONCRETE LABOR OR TURNKEY - Labor; Equipment; and Material to Supply and Place Gravel Base by the Ton,False,
Atlanta,ATL,5471-2044-TOWNS-BL,5471-2044-TOWNS-2BL,BASE,BASE0100,,Base House,6220-EXT CONC LABOR,30662200120,GENERIC,500.0000,SF,EXTERIOR CONCRETE LABOR OR TURNKEY - Labor; Equipment; Form Material; and Expansion Joint to Install Driveway Apron by the Square Foot,False,
Atlanta,ATL,5471-2044-TOWNS-BL,5471-2044-TOWNS-2BL,BASE,BASE0100,,Base House,6220-EXT CONC LABOR,30662200100,GENERIC,450.0000,SF,EXTERIOR CONCRETE LABOR OR TURNKEY - Labor; Equipment; Form Material; and Expansion Joint to Install Driveway and Lead Walk by the Square Foot,False,
Atlanta,ATL,5471-2044-TOWNS-BL,5471-2044-TOWNS-2BL,BASE,BASE0100,,Base House,6330-EXT CONC FORMS,30663300100,GENERIC,250.0000,LF,EXTERIOR CONCRETE FORMING MATERIALS - P.O. 1x4 Mill Run,False,
Atlanta,ATL,5471-2044-TOWNS-BL,5471-2044-TOWNS-2BL,BASE,BASE0100,,Base House,6390-RETAINING WALLS,30663900100,GENERIC,1.0000,EA,RETAINING WALLS - P.O. Labor; Equipment; and Materials Retaining Wall Installed per Bid,False,
Atlanta,ATL,5471-2044-TOWNS-BL,5471-2044-TOWNS-2BL,BASE,BASE0100,,Base House,6410-LANDSCPAING,30664100320,GENERIC,5.0000,EA,LANDSCAPING - P.O. Labor; Equipment; and Materials Install Straw per Bale (120 sf coverage),False,
Atlanta,ATL,5471-2044-TOWNS-BL,5471-2044-TOWNS-2BL,BASE,BASE0100,,Base House,6410-LANDSCPAING,30664100280,GENERIC,10.0000,EA,LANDSCAPING - P.O. Labor; Equipment; and Materials Install 3 Gallon Plant,False,
Atlanta,ATL,5471-2044-TOWNS-BL,5471-2044-TOWNS-2BL,BASE,BASE0100,,Base House,6410-LANDSCPAING,30664100260,GENERIC,5.0000,EA,LANDSCAPING - P.O. Labor; Equipment; and Materials Install 5 Gallon Plant,False,
Atlanta,ATL,5471-2044-TOWNS-BL,5471-2044-TOWNS-2BL,BASE,BASE0100,,Base House,6410-LANDSCPAING,30664100240,GENERIC,5.0000,EA,LANDSCAPING - P.O. Labor; Equipment; and Materials Install 7 Gallon Shrub,False,
Atlanta,ATL,5471-2044-TOWNS-BL,5471-2044-TOWNS-2BL,BASE,BASE0100,,Base House,6410-LANDSCPAING,30664100220,GENERIC,1.0000,EA,LANDSCAPING - P.O. Labor; Equipment; and Materials Install 15 Gallon Ornamental Tree,False,
Atlanta,ATL,5471-2044-TOWNS-BL,5471-2044-TOWNS-2BL,BASE,BASE0100,,Base House,6410-LANDSCPAING,30664100100,GENERIC,10.0000,EA,LANDSCAPING - P.O. Labor; Equipment; and Materials Install Sod per Pallet (500 sf),False,
Atlanta,ATL,5471-2044-TOWNS-BL,5471-2044-TOWNS-2BL,BASE,BASE0100,,Base House,6420-IRRIGATION SYS,30664200120,GENERIC,3.0000,EA,IRRIGATION SYSTEM - P.O. Labor; Equipment; and Materials Install Irrigation System per Zone (Includes Backflow and Testing),False,
Atlanta,ATL,5471-2044-TOWNS-BL,5471-2044-TOWNS-2BL,BASE,BASE0100,,Base House,6420-IRRIGATION SYS,30664200100,GENERIC,1.0000,EA,IRRIGATION SYSTEM - P.O. Labor; Equipment; and Materials Install Irrigation Control and Rain Sensor,False,
Atlanta,ATL,5471-2044-TOWNS-BL,5471-2044-TOWNS-2BL,BASE,BASE0100,,Base House,6490-MAILBOX,30664900100,GENERIC,1.0000,EA,MAILBOX - P.O. Labor and Materials Install Mailbox per Community Specifications,False,
Atlanta,ATL,5471-2044-TOWNS-BL,5471-2044-TOWNS-2BL,BASE,BASE0100,,Base House,6510-CONTINGENCY,30665100100,GENERIC,1.0000,EA,CONTINGENCY - Budget Contingency During Construction Only,False,
Atlanta,ATL,5471-2044-TOWNS-BL,5471-2044-TOWNS-2BL,BASE,BASE0100,,Base House,1005-LOT COST,30110050120,GENERIC,1.0000,EA,LOT COST - Lot HUD Lot Cost After HUD Lot Improvements & Maintenance,False,
Atlanta,ATL,5471-2044-TOWNS-BL,5471-2044-TOWNS-2BL,BASE,BASE0100,,Base House,1005-LOT COST,30110050100,GENERIC,1.0000,EA,LOT COST - Lot HUD Lot Cost (Includes HUD Property Tax),False,
Atlanta,ATL,5471-2044-TOWNS-BL,5471-2044-TOWNS-2BL,BASE,BASE0100,,Base House,1065-HOA DUES,30110070100,GENERIC,1.0000,EA,HOA DUES - House HUD HOA Dues Paid After Lot Release,False,
Atlanta,ATL,5471-2044-TOWNS-BL,5471-2044-TOWNS-2BL,BASE,BASE0100,,Base House,1020-PERMIT ACQUISIT,30110200100,GENERIC,1.0000,EA,PERMIT ACQUISTION - P.O. Permit Expediting Service,False,
Atlanta,ATL,5471-2044-TOWNS-BL,5471-2044-TOWNS-2BL,BASE,BASE0100,,Base House,1030-PERMITS AND FEES,30110350120,GENERIC,1.0000,EA,PERMITS AND FEES -  Fee Step System Permit,False,
Atlanta,ATL,5471-2044-TOWNS-BL,5471-2044-TOWNS-2BL,BASE,BASE0100,,Base House,1030-PERMITS AND FEES,30110350100,GENERIC,1.0000,EA,PERMITS AND FEES - Fee Septic Permit,False,
Atlanta,ATL,5471-2044-TOWNS-BL,5471-2044-TOWNS-2BL,BASE,BASE0100,,Base House,1030-PERMITS AND FEES,30110340100,GENERIC,1.0000,EA,PERMITS AND FEES - Fee Sewer Permit,False,
Atlanta,ATL,5471-2044-TOWNS-BL,5471-2044-TOWNS-2BL,BASE,BASE0100,,Base House,1030-PERMITS AND FEES,30110320100,GENERIC,1.0000,EA,PERMITS AND FEES - Fee Water Permit,False,
Atlanta,ATL,5471-2044-TOWNS-BL,5471-2044-TOWNS-2BL,BASE,BASE0100,,Base House,1030-PERMITS AND FEES,30110310100,GENERIC,1.0000,EA,PERMITS AND FEES - Fee Impact Fee,False,
Atlanta,ATL,5471-2044-TOWNS-BL,5471-2044-TOWNS-2BL,BASE,BASE0100,,Base House,1030-PERMITS AND FEES,30110300160,GENERIC,1.0000,EA,PERMITS AND FEES - Fee Land Disturbance Permit Fee,False,
Atlanta,ATL,5471-2044-TOWNS-BL,5471-2044-TOWNS-2BL,BASE,BASE0100,,Base House,1030-PERMITS AND FEES,30110300140,GENERIC,1.0000,EA,PERMITS AND FEES - Fee Plan Review Fee,False,
Atlanta,ATL,5471-2044-TOWNS-BL,5471-2044-TOWNS-2BL,BASE,BASE0100,,Base House,1030-PERMITS AND FEES,30110300100,GENERIC,1.0000,EA,PERMITS AND FEES - Fee Building Permit,False,
Atlanta,ATL,5471-2044-TOWNS-BL,5471-2044-TOWNS-2BL,BASE,BASE0100,,Base House,1040-WARRANTY FEES,30110400120,GENERIC,1.0000,EA,WARRANTY FEES - Accrual Homebuyer's Warranty,False,
Atlanta,ATL,5471-2044-TOWNS-BL,5471-2044-TOWNS-2BL,BASE,BASE0100,,Base House,1040-WARRANTY FEES,30110400100,GENERIC,1.0000,EA,WARRANTY FEES - Accrual Warranty Fees,False,
Atlanta,ATL,5471-2044-TOWNS-BL,5471-2044-TOWNS-2BL,BASE,BASE0100,,Base House,1070-CONST LOAN COST,30110700100,GENERIC,1.0000,EA,CONSTRUCTION LOAN COSTS - House HUD Construction Loan Cost,False,
Atlanta,ATL,5471-2044-TOWNS-BL,5471-2044-TOWNS-2BL,BASE,BASE0100,,Base House,1075-CLOSING COSTS,30110750100,GENERIC,1.0000,EA,CLOSING COSTS - House HUD Seller Paid Closing Costs,False,
Atlanta,ATL,5471-2044-TOWNS-BL,5471-2044-TOWNS-2BL,BASE,BASE0100,,Base House,1550-ELECTRIC SERVIC,30115000120,GENERIC,1.0000,EA,ELECTRIC SERVICE - P.O. Labor and Materials Electric Line Conduit by Lineal Feet,False,
Atlanta,ATL,5471-2044-TOWNS-BL,5471-2044-TOWNS-2BL,BASE,BASE0100,,Base House,1550-ELECTRIC SERVIC,30115500100,GENERIC,1.0000,EA,ELECTRIC SERVICE - Fee Electric Utility Connection Charge,False,
Atlanta,ATL,5471-2044-TOWNS-BL,5471-2044-TOWNS-2BL,BASE,BASE0100,,Base House,1126-FINAL SURVEY,30111260100,GENERIC,1.0000,EA,FINAL SURVEY - P.O. Mortgage Survey,False,
Atlanta,ATL,5471-2044-TOWNS-BL,5471-2044-TOWNS-2BL,BASE,BASE0100,,Base House,6210-EXT CONC MAT'S,30662100110,GENERIC,2.0000,EA,EXTERIOR CONCRETE MATERIALS - P.O. Fuel Surcharge,False,
Atlanta,ATL,5471-2044-TOWNS-BL,5471-2044-TOWNS-2BL,BASE,BASE0100,,Base House,6210-EXT CONC MAT'S,30662100105,GENERIC,2.0000,EA,EXTERIOR CONCRETE MATERIALS - P.O. Environmental Fee,False,
Atlanta,ATL,5471-2044-TOWNS-BL,5471-2044-TOWNS-2BL,BASE,BASE0100,,Base House,6210-EXT CONC MAT'S,30662100140,GENERIC,5.0000,EA,EXTERIOR CONCRETE MATERIALS - P.O. Tar Fiber Expansion Joint (10' Piece),False,
Atlanta,ATL,5471-2044-TOWNS-BL,5471-2044-TOWNS-2BL,BASE,BASE0100,,Base House,6210-EXT CONC MAT'S,30662100100,GENERIC,17.0000,CY,EXTERIOR CONCRETE MATERIALS - P.O. 3;000 PSI Exterior Concrete Delivered to Site per Cubic Yard,False,
Atlanta,ATL,5471-2044-TOWNS-BL,5471-2044-TOWNS-2BL,BASE,BASE0100,,Base House,1.4-Key Measures-Fnd/Bsmt,FTG_08x20,GENERIC,106.0000,LF,8'' x 20'' Footing,False,
Atlanta,ATL,5471-2044-TOWNS-BL,5471-2044-TOWNS-2BL,BASE,BASE0100,,Base House,1.1-Key Measures Master-1st Floor,WT_2626_09,GENERIC,1.0000,EA,Wall Tee 2x6 - 2x6 9',False,
Atlanta,ATL,5471-2044-TOWNS-BL,5471-2044-TOWNS-2BL,BASE,BASE0100,,Base House,1.1-Key Measures Master-1st Floor,WE_2x6_GB_G10,GENERIC,2.0000,LF,LF Exterior 2x6 Over 10',False,
Atlanta,ATL,5471-2044-TOWNS-BL,5471-2044-TOWNS-2BL,BASE,BASE0100,,Base House,1.1-Key Measures Master-1st Floor,WE_2x6_GB_09,GENERIC,29.0000,LF,LF Exterior 2x6 9',False,
Atlanta,ATL,5471-2044-TOWNS-BL,5471-2044-TOWNS-2BL,BASE,BASE0100,,Base House,1.1-Key Measures Master-1st Floor,RM_PR_BDO_CR,GENERIC,41.0000,LF,Owners Bedroom Chair Rail,False,
Atlanta,ATL,5471-2044-TOWNS-BL,5471-2044-TOWNS-2BL,BASE,BASE0100,,Base House,1.1-Key Measures Master-1st Floor,RM_PR_BA1_CR,GENERIC,12.0000,LF,Bath #1 Chair Rail,False,
Atlanta,ATL,5471-2044-TOWNS-BL,5471-2044-TOWNS-2BL,BASE,BASE0100,,Base House,1.1-Key Measures Master-1st Floor,RM_PR_BA1_CM,GENERIC,15.0000,LF,Bath #1 Crown Mould,False,
Atlanta,ATL,5471-2044-TOWNS-BL,5471-2044-TOWNS-2BL,BASE,BASE0100,,Base House,1.1-Key Measures Master-1st Floor,RM_PR_BA1_BB,GENERIC,12.0000,LF,Bath #1 Base Board,False,
Atlanta,ATL,5471-2044-TOWNS-BL,5471-2044-TOWNS-2BL,BASE,BASE0100,,Base House,1.1-Key Measures Master-1st Floor,RM_BA1,GENERIC,18.0000,SF,Bath #1,False,
Atlanta,ATL,5471-2044-TOWNS-BL,5471-2044-TOWNS-2BL,BASE,BASE0100,,Base House,1.1-Key Measures Master-1st Floor,STL_LINTEL,GENERIC,8.0000,LF,Steel Lintel,False,
Atlanta,ATL,5471-2044-TOWNS-BL,5471-2044-TOWNS-2BL,BASE,BASE0100,,Base House,1.1-Key Measures Master-1st Floor,WA_STN_LDG,GENERIC,81.0000,LF,Foundation Wall With Stone Ledge Applied,False,
Atlanta,ATL,5471-2044-TOWNS-BL,5471-2044-TOWNS-2BL,BASE,BASE0100,,Base House,1.1-Key Measures Master-1st Floor,FTG_08x24,GENERIC,81.0000,LF,8'' x 24'' Footing,False,
Atlanta,ATL,5471-2044-TOWNS-BL,5471-2044-TOWNS-2BL,BASE,BASE0100,,Base House,1.1-Key Measures Master-1st Floor,WE_2x6_L8,GENERIC,30.0000,LF,LF Exterior 2x6 less than 8',False,
Atlanta,ATL,5471-2044-TOWNS-BL,5471-2044-TOWNS-2BL,BASE,BASE0100,,Base House,1.1-Key Measures Master-1st Floor,WE_2x6_09,GENERIC,70.0000,LF,LF Exterior 2x6 9',False,
Atlanta,ATL,5471-2044-TOWNS-BL,5471-2044-TOWNS-2BL,BASE,BASE0100,,Base House,1.1-Key Measures Master-1st Floor,WE_2x4_GB_G10,GENERIC,42.0000,LF,LF Exterior 2x4 Over 10',False,
Atlanta,ATL,5471-2044-TOWNS-BL,5471-2044-TOWNS-2BL,BASE,BASE0100,,Base House,1.1-Key Measures Master-1st Floor,WC_INT_2x6_G10,GENERIC,1.0000,EA,Wall Corner Int 2x6 Over 10',False,
Atlanta,ATL,5471-2044-TOWNS-BL,5471-2044-TOWNS-2BL,BASE,BASE0100,,Base House,1.1-Key Measures Master-1st Floor,WC_EXT_2x4_G10,GENERIC,1.0000,EA,Wall Corner Ext 2x4 Over 10',False,
Atlanta,ATL,5471-2044-TOWNS-BL,5471-2044-TOWNS-2BL,BASE,BASE0100,,Base House,1.1-Key Measures Master-1st Floor,RFSK,GENERIC,1101.0000,SF,RFSK Foundation Insulation,False,
Atlanta,ATL,5471-2044-TOWNS-BL,5471-2044-TOWNS-2BL,BASE,BASE0100,,Base House,1.1-Key Measures Master-1st Floor,RAIL_EXT,GENERIC,34.0000,LF,Railing Exterior,False,
Atlanta,ATL,5471-2044-TOWNS-BL,5471-2044-TOWNS-2BL,BASE,BASE0100,,Base House,1.1-Key Measures Master-1st Floor,EL_OT_RANGE,GENERIC,1.0000,EA,Range Outlet,False,
Atlanta,ATL,5471-2044-TOWNS-BL,5471-2044-TOWNS-2BL,BASE,BASE0100,,Base House,1.1-Key Measures Master-1st Floor,RM_PR_UR_CR,GENERIC,26.0000,LF,Utility Room Chair Rail,False,
Atlanta,ATL,5471-2044-TOWNS-BL,5471-2044-TOWNS-2BL,BASE,BASE0100,,Base House,1.1-Key Measures Master-1st Floor,RM_PR_UR_CM,GENERIC,29.0000,LF,Utility Room Crown Mould,False,
Atlanta,ATL,5471-2044-TOWNS-BL,5471-2044-TOWNS-2BL,BASE,BASE0100,,Base House,1.1-Key Measures Master-1st Floor,RM_PR_ST_CR,GENERIC,35.0000,LF,Study Chair Rail,False,
Atlanta,ATL,5471-2044-TOWNS-BL,5471-2044-TOWNS-2BL,BASE,BASE0100,,Base House,1.1-Key Measures Master-1st Floor,RM_PR_ST_CM,GENERIC,52.0000,LF,Study Crown Mould,False,
Atlanta,ATL,5471-2044-TOWNS-BL,5471-2044-TOWNS-2BL,BASE,BASE0100,,Base House,1.1-Key Measures Master-1st Floor,RM_PR_SR_CR,GENERIC,18.0000,LF,Sitting Room Chair Rail,False,
Atlanta,ATL,5471-2044-TOWNS-BL,5471-2044-TOWNS-2BL,BASE,BASE0100,,Base House,1.1-Key Measures Master-1st Floor,RM_PR_SR_CM,GENERIC,18.0000,LF,Sitting Room Crown Mould,False,
Atlanta,ATL,5471-2044-TOWNS-BL,5471-2044-TOWNS-2BL,BASE,BASE0100,,Base House,1.1-Key Measures Master-1st Floor,RM_PR_HA4_CR,GENERIC,26.0000,LF,Hall #4 Chair Rail,False,
Atlanta,ATL,5471-2044-TOWNS-BL,5471-2044-TOWNS-2BL,BASE,BASE0100,,Base House,1.1-Key Measures Master-1st Floor,RM_PR_HA4_CM,GENERIC,41.0000,LF,Hall #4 Crown Mould,False,
Atlanta,ATL,5471-2044-TOWNS-BL,5471-2044-TOWNS-2BL,BASE,BASE0100,,Base House,1.1-Key Measures Master-1st Floor,RM_PR_HA3_CR,GENERIC,12.0000,LF,Hall #3 Chair Rail,False,
Atlanta,ATL,5471-2044-TOWNS-BL,5471-2044-TOWNS-2BL,BASE,BASE0100,,Base House,1.1-Key Measures Master-1st Floor,RM_PR_HA3_CM,GENERIC,20.0000,LF,Hall #3 Crown Mould,False,
Atlanta,ATL,5471-2044-TOWNS-BL,5471-2044-TOWNS-2BL,BASE,BASE0100,,Base House,1.1-Key Measures Master-1st Floor,RM_PR_HA1_CR,GENERIC,14.0000,LF,Hall #1 Chair Rail,False,
Atlanta,ATL,5471-2044-TOWNS-BL,5471-2044-TOWNS-2BL,BASE,BASE0100,,Base House,1.1-Key Measures Master-1st Floor,RM_PR_HA1_CM,GENERIC,19.0000,LF,Hall #1 Crown Mould,False,
Atlanta,ATL,5471-2044-TOWNS-BL,5471-2044-TOWNS-2BL,BASE,BASE0100,,Base House,1.1-Key Measures Master-1st Floor,RM_PR_FY2_CR,GENERIC,15.0000,LF,Foyer 2 Sory Chair Rail,False,
Atlanta,ATL,5471-2044-TOWNS-BL,5471-2044-TOWNS-2BL,BASE,BASE0100,,Base House,1.1-Key Measures Master-1st Floor,RM_PR_BO_CR,GENERIC,77.0000,LF,Bonus Room Chair Rail,False,
Atlanta,ATL,5471-2044-TOWNS-BL,5471-2044-TOWNS-2BL,BASE,BASE0100,,Base House,1.1-Key Measures Master-1st Floor,RM_PR_BO_CM,GENERIC,48.0000,LF,Bonus Room Crown Mould,False,
Atlanta,ATL,5471-2044-TOWNS-BL,5471-2044-TOWNS-2BL,BASE,BASE0100,,Base House,1.1-Key Measures Master-1st Floor,RM_PR_BK_CR,GENERIC,13.0000,LF,Breakfast Chair Rail,False,
Atlanta,ATL,5471-2044-TOWNS-BL,5471-2044-TOWNS-2BL,BASE,BASE0100,,Base House,1.1-Key Measures Master-1st Floor,RM_PR_BK_CM,GENERIC,22.0000,LF,Breakfast Crown Mould,False,
Atlanta,ATL,5471-2044-TOWNS-BL,5471-2044-TOWNS-2BL,BASE,BASE0100,,Base House,1.1-Key Measures Master-1st Floor,RM_PR_BDO_CM,GENERIC,53.0000,LF,Owners Bedroom Crown Mould,False,
Atlanta,ATL,5471-2044-TOWNS-BL,5471-2044-TOWNS-2BL,BASE,BASE0100,,Base House,1.1-Key Measures Master-1st Floor,RM_PR_BDO_BB,GENERIC,86.0000,LF,Owners Bedroom Base Board,False,
Atlanta,ATL,5471-2044-TOWNS-BL,5471-2044-TOWNS-2BL,BASE,BASE0100,,Base House,1.1-Key Measures Master-1st Floor,RM_PR_BAO_CR,GENERIC,26.0000,LF,Owners Bath Chair Rail,False,
Atlanta,ATL,5471-2044-TOWNS-BL,5471-2044-TOWNS-2BL,BASE,BASE0100,,Base House,1.1-Key Measures Master-1st Floor,RM_PR_BAO_CM,GENERIC,28.0000,LF,Owners Bath Crown Mould,False,
Atlanta,ATL,5471-2044-TOWNS-BL,5471-2044-TOWNS-2BL,BASE,BASE0100,,Base House,1.1-Key Measures Master-1st Floor,RM_PR_BAO_BB,GENERIC,26.0000,LF,Owners Bath Base Board,False,
Atlanta,ATL,5471-2044-TOWNS-BL,5471-2044-TOWNS-2BL,BASE,BASE0100,,Base House,1.1-Key Measures Master-1st Floor,RM_PR_BA3_CR,GENERIC,13.0000,LF,Bath #3 Chair Rail,False,
Atlanta,ATL,5471-2044-TOWNS-BL,5471-2044-TOWNS-2BL,BASE,BASE0100,,Base House,1.1-Key Measures Master-1st Floor,RM_PR_BA3_CM,GENERIC,15.0000,LF,Bath #3 Crown Mould,False,
Atlanta,ATL,5471-2044-TOWNS-BL,5471-2044-TOWNS-2BL,BASE,BASE0100,,Base House,1.1-Key Measures Master-1st Floor,RM_BDO,GENERIC,342.0000,SF,Owners Bedroom,False,
Atlanta,ATL,5471-2044-TOWNS-BL,5471-2044-TOWNS-2BL,BASE,BASE0100,,Base House,1.1-Key Measures Master-1st Floor,RM_BAO,GENERIC,93.0000,SF,Owners Bath,False,
Atlanta,ATL,5471-2044-TOWNS-BL,5471-2044-TOWNS-2BL,BASE,BASE0100,,Base House,1.1-Key Measures Master-1st Floor,Shower-Enclosure,GENERIC,5.0000,LF,Glass Shower Enclosure,False,
Atlanta,ATL,5471-2044-TOWNS-BL,5471-2044-TOWNS-2BL,BASE,BASE0100,,Base House,1.1-Key Measures Master-1st Floor,AP_OV2_30,GENERIC,1.0000,EA,30in Double Built-In Oven,False,
Atlanta,ATL,5471-2044-TOWNS-BL,5471-2044-TOWNS-2BL,BASE,BASE0100,,Base House,1.1-Key Measures Master-1st Floor,AP_CT_30,GENERIC,1.0000,EA,30inCooktop,False,
Atlanta,ATL,5471-2044-TOWNS-BL,5471-2044-TOWNS-2BL,BASE,BASE0100,,Base House,1.1-Key Measures Master-1st Floor,EF_BRI_NET,GENERIC,191.0000,SF,Net Area of Brick Material,False,
Atlanta,ATL,5471-2044-TOWNS-BL,5471-2044-TOWNS-2BL,BASE,BASE0100,,Base House,1.1-Key Measures Master-1st Floor,RM_PR_STR2_CM,GENERIC,26.0000,LF,Stair 2 Walls Crown Mould,False,
Atlanta,ATL,5471-2044-TOWNS-BL,5471-2044-TOWNS-2BL,BASE,BASE0100,,Base House,1.1-Key Measures Master-1st Floor,RM_PR_PTY_CR,GENERIC,14.0000,LF,Pantry Chair Rail,False,
Atlanta,ATL,5471-2044-TOWNS-BL,5471-2044-TOWNS-2BL,BASE,BASE0100,,Base House,1.1-Key Measures Master-1st Floor,RM_PR_PTY_CM,GENERIC,16.0000,LF,Pantry Crown Mould,False,
Atlanta,ATL,5471-2044-TOWNS-BL,5471-2044-TOWNS-2BL,BASE,BASE0100,,Base House,1.1-Key Measures Master-1st Floor,RM_PR_KI_CR,GENERIC,12.0000,LF,Kitchen Chair Rail,False,
Atlanta,ATL,5471-2044-TOWNS-BL,5471-2044-TOWNS-2BL,BASE,BASE0100,,Base House,1.1-Key Measures Master-1st Floor,RM_PR_KI_CM,GENERIC,12.0000,LF,Kitchen Crown Mould,False,
Atlanta,ATL,5471-2044-TOWNS-BL,5471-2044-TOWNS-2BL,BASE,BASE0100,,Base House,1.1-Key Measures Master-1st Floor,RM_PR_HA2_CR,GENERIC,12.0000,LF,Hall #2 Chair Rail,False,
Atlanta,ATL,5471-2044-TOWNS-BL,5471-2044-TOWNS-2BL,BASE,BASE0100,,Base House,1.1-Key Measures Master-1st Floor,RM_PR_HA2_CM,GENERIC,23.0000,LF,Hall #2 Crown Mould,False,
Atlanta,ATL,5471-2044-TOWNS-BL,5471-2044-TOWNS-2BL,BASE,BASE0100,,Base House,1.1-Key Measures Master-1st Floor,RM_PR_FA_CR,GENERIC,38.0000,LF,Family Room Chair Rail,False,
Atlanta,ATL,5471-2044-TOWNS-BL,5471-2044-TOWNS-2BL,BASE,BASE0100,,Base House,1.1-Key Measures Master-1st Floor,RM_PR_FA_CM,GENERIC,63.0000,LF,Family Room Crown Mould,False,
Atlanta,ATL,5471-2044-TOWNS-BL,5471-2044-TOWNS-2BL,BASE,BASE0100,,Base House,1.1-Key Measures Master-1st Floor,RM_PR_BD3_CR,GENERIC,42.0000,LF,Bedroom #3 Chair Rail,False,
Atlanta,ATL,5471-2044-TOWNS-BL,5471-2044-TOWNS-2BL,BASE,BASE0100,,Base House,1.1-Key Measures Master-1st Floor,RM_PR_BD3_CM,GENERIC,53.0000,LF,Bedroom #3 Crown Mould,False,
Atlanta,ATL,5471-2044-TOWNS-BL,5471-2044-TOWNS-2BL,BASE,BASE0100,,Base House,1.1-Key Measures Master-1st Floor,RM_PR_BD2_CR,GENERIC,42.0000,LF,Bedroom #2 Chair Rail,False,
Atlanta,ATL,5471-2044-TOWNS-BL,5471-2044-TOWNS-2BL,BASE,BASE0100,,Base House,1.1-Key Measures Master-1st Floor,RM_PR_BD2_CM,GENERIC,50.0000,LF,Bedroom #2 Crown Mould,False,
Atlanta,ATL,5471-2044-TOWNS-BL,5471-2044-TOWNS-2BL,BASE,BASE0100,,Base House,1.1-Key Measures Master-1st Floor,RM_PR_BA2_CR,GENERIC,10.0000,LF,Bath #2 Chair Rail,False,
Atlanta,ATL,5471-2044-TOWNS-BL,5471-2044-TOWNS-2BL,BASE,BASE0100,,Base House,1.1-Key Measures Master-1st Floor,RM_PR_BA2_CM,GENERIC,12.0000,LF,Bath #2 Crown Mould,False,
Atlanta,ATL,5471-2044-TOWNS-BL,5471-2044-TOWNS-2BL,BASE,BASE0100,,Base House,1.1-Key Measures Master-1st Floor,RM_GA,GENERIC,590.0000,SF,Garage,False,
Atlanta,ATL,5471-2044-TOWNS-BL,5471-2044-TOWNS-2BL,BASE,BASE0100,,Base House,1.1-Key Measures Master-1st Floor,HW_HA_PRIVACY,GENERIC,5.0000,EA,Privacy,False,
Atlanta,ATL,5471-2044-TOWNS-BL,5471-2044-TOWNS-2BL,BASE,BASE0100,,Base House,5211-TRIM LBR/TKY,30552110092,GENERIC,2962.0000,SF,TRIM LABOR OR TURNKEY - P.O. Labor and Fasteners to Install Interior Trim by the Square Foot - Series 2,False,
Atlanta,ATL,5471-2044-TOWNS-BL,5471-2044-TOWNS-2BL,BASE,BASE0100,,Base House,4930-INT PAINT FINAL,30449300120,GENERIC,2962.0000,SF,"INTERIOR PAINT TURNKEY FINAL - P.O.  Interior Wall, Ceiling, Trim, and Door Touch Up (Ceiling contrasting color from wall) by the Living Space Square Foot - Series 3",False,
Atlanta,ATL,5471-2044-TOWNS-BL,5471-2044-TOWNS-2BL,BASE,BASE0100,,Base House,4930-INT PAINT FINAL,30449300110,GENERIC,2962.0000,SF,"INTERIOR PAINT TURNKEY FINAL - P.O.  Interior Wall, Ceiling, Trim, and Door Touch Up (Ceiling contrasting color from wall) by the Living Space Square Foot - Series 2",False,
Atlanta,ATL,5471-2044-TOWNS-BL,5471-2044-TOWNS-2BL,BASE,BASE0100,,Base House,4930-INT PAINT FINAL,30449300100,GENERIC,2962.0000,SF,"INTERIOR PAINT TURNKEY FINAL - P.O.  Interior Wall, Ceiling, Trim, and Door Touch Up (Ceiling contrasting color from wall) by the Living Space Square Foot - Series 1",False,
Atlanta,ATL,5471-2044-TOWNS-BL,5471-2044-TOWNS-2BL,BASE,BASE0100,,Base House,3330-SCREW DN SBFLR,30333300100,GENERIC,1.0000,EA,SCREW DOWN SUBFLOOR - P.O. Screw Down Subfloor,False,
Atlanta,ATL,5471-2044-TOWNS-BL,5471-2044-TOWNS-2BL,BASE,BASE0100,,Base House,3330-SCREW DN SBFLR,30333300120,GENERIC,1.0000,EA,SCREW DOWN SUBFLOOR - P.O. Grind Subfloor Seams,False,
Atlanta,ATL,5471-2044-TOWNS-BL,5471-2044-TOWNS-2BL,BASE,BASE0100,,Base House,3330-SCREW DN SBFLR,30333300140,GENERIC,1.0000,EA,SCREW DOWN SUBFLOOR - P.O. Install Foundation Bolts,False,
Atlanta,ATL,5471-2044-TOWNS-BL,5471-2044-TOWNS-2BL,BASE,BASE0100,,Base House,6013-HOUSE CLEAN TU,30660130160,GENERIC,2962.0000,SF,HOUSE CLEAN TURNKEY - P.O. Labor and Materials to Clean Home Interior by the Square Foot - Draw 4,False,
Atlanta,ATL,5471-2044-TOWNS-BL,5471-2044-TOWNS-2BL,BASE,BASE0100,,Base House,6012-HOUSE CLEAN FNL,30660120140,GENERIC,2962.0000,SF,HOUSE CLEAN TURNKEY - P.O. Labor and Materials to Clean Home Interior by the Square Foot - Draw 3,False,
Atlanta,ATL,5471-2044-TOWNS-BL,5471-2044-TOWNS-2BL,BASE,BASE0100,,Base House,6011-HOUSE CLEAN RGH,30660110120,GENERIC,2962.0000,SF,HOUSE CLEAN TURNKEY - P.O. Labor and Materials to Clean Home Interior by the Square Foot - Draw 2,False,
Atlanta,ATL,5471-2044-TOWNS-BL,5471-2044-TOWNS-2BL,BASE,BASE0100,,Base House,6010-HOUSE CLEAN WND,30660100100,GENERIC,2962.0000,SF,HOUSE CLEAN TURNKEY - P.O. Labor and Materials to Clean Home Interior by the Square Foot - Draw 1,False,
Atlanta,ATL,5471-2044-TOWNS-BL,5471-2044-TOWNS-2BL,BASE,BASE0100,,Base House,3340-FRAMING LBR DRAW3,30333400104,GENERIC,3955.0000,SF,FRAMING LABOR DRAW 3 - P.O. Frame Labor by the Under Roof Square Footage Draw 3,False,
Atlanta,ATL,5471-2044-TOWNS-BL,5471-2044-TOWNS-2BL,BASE,BASE0100,,Base House,3310-FRAMING LBR DRAW2,30333100102,GENERIC,3955.0000,SF,FRAMING LABOR DRAW 2 - P.O. Frame Labor by the Under Roof Square Footage Draw 2,False,
Atlanta,ATL,5471-2044-TOWNS-BL,5471-2044-TOWNS-2BL,BASE,BASE0100,,Base House,2142-MON. SLAB LBR/TKY,30221420100,GENERIC,2477.0000,SF,MONO SLAB LABOR - P.O. Monolithic Slab Labor by Square Foot,False,
Atlanta,ATL,5471-2044-TOWNS-BL,5471-2044-TOWNS-2BL,BASE,BASE0100,,Base House,3251-FRAME FLR TRS 2,30332511620,GENERIC,10.0000,EA,"FRAMING FLOOR TRUSSES 2ND - P.O. 1-1/2"" Joist Hanger Nail 1 Lb Box",False,
Atlanta,ATL,5471-2044-TOWNS-BL,5471-2044-TOWNS-2BL,BASE,BASE0100,,Base House,5230-INT STAIR RAIL,30552300100,GENERIC,5.0000,LF,INTERIOR STAIR RAILS - P.O. Prefabricated Wood Spindled Railing with Standard Newell by the Lineal Foot,False,
Atlanta,ATL,5471-2044-TOWNS-BL,5471-2044-TOWNS-2BL,BASE,BASE0100,,Base House,5410-CABINETS,30554101790,GENERIC,6.0000,EA,CABINETS - P.O. Labor and Materials Install Level Standard TC Base Cabinet Toekick 8' Lengths,False,
Atlanta,ATL,5471-2044-TOWNS-BL,5471-2044-TOWNS-2BL,BASE,BASE0100,,Base House,5410-CABINETS,30554101810,GENERIC,6.0000,EA,CABINETS - P.O. Labor and Materials Install Level Standard SS Scribe Molding 8' Lengths,False,
Atlanta,ATL,5471-2044-TOWNS-BL,5471-2044-TOWNS-2BL,BASE,BASE0100,,Base House,5410-CABINETS,30554100100,GENERIC,1.0000,EA,CABINETS - P.O. Delivery Charge,False,
Atlanta,ATL,5471-2044-TOWNS-BL,5471-2044-TOWNS-2BL,BASE,BASE0100,,Base House,5410-CABINETS,30554103560,GENERIC,3.0000,EA,CABINETS - P.O. Labor and Materials Install Level Designer SCM8 Standard Crown Molding 8' Lengths,False,
Atlanta,ATL,5471-2044-TOWNS-BL,5471-2044-TOWNS-2BL,BASE,BASE0100,,Base House,4740-BLOWN INSULATION,30447400220,GENERIC,2211.0000,SF,"BLOWN INSULATION - P.O. R-30 Certainteed Fiberglass Wool Blown Insulation (18 bags per 1,000 sf) by the Square Foot",False,
Atlanta,ATL,5471-2044-TOWNS-BL,5471-2044-TOWNS-2BL,BASE,BASE0100,,Base House,4740-BLOWN INSULATION,30447400360,GENERIC,1.0000,EA,BLOWN INSULATION - P.O. R38 Attic Access Cover,False,
Atlanta,ATL,5471-2044-TOWNS-BL,5471-2044-TOWNS-2BL,BASE,BASE0100,,Base House,1.6-Containers/Calculations,APDW_S2,GENERIC,1.0000,EA,Series 2 Dishwasher Container,False,
Atlanta,ATL,5471-2044-TOWNS-BL,5471-2044-TOWNS-2BL,BASE,BASE0100,,Base House,1.6-Containers/Calculations,S2_BASE,GENERIC,1.0000,EA,Base items for Series 2 Designer Plans,False,
Atlanta,ATL,5471-2044-TOWNS-BL,5471-2044-TOWNS-2BL,BASE,BASE0100,,Base House,5510-APPLIANCES 1ST,30555100880,GENERIC,1.0000,EA,APPLIANCES (COOKTOP;OVEN;RANGE;DW;MICROWAVE) - P.O. Microwave Install Code,False,
Atlanta,ATL,5471-2044-TOWNS-BL,5471-2044-TOWNS-2BL,BASE,BASE0100,,Base House,5510-APPLIANCES 1ST,30555100520,GENERIC,1.0000,EA,APPLIANCES (COOKTOP;OVEN;RANGE;DW;MICROWAVE) - P.O. Dishwasher Cord,False,
Atlanta,ATL,5471-2044-TOWNS-BL,5471-2044-TOWNS-2BL,BASE,BASE0100,,Base House,5510-APPLIANCES 1ST,30555100540,GENERIC,1.0000,EA,APPLIANCES (COOKTOP;OVEN;RANGE;DW;MICROWAVE) - P.O. Dishwasher Install Code,False,
Atlanta,ATL,5471-2044-TOWNS-BL,5471-2044-TOWNS-2BL,BASE,BASE0100,,Base House,5510-APPLIANCES 1ST,30555100500,GENERIC,1.0000,EA,APPLIANCES (COOKTOP;OVEN;RANGE;DW;MICROWAVE) - P.O. Granite Bracket Dishwasher Install Kit,False,
Atlanta,ATL,5471-2044-TOWNS-BL,5471-2044-TOWNS-2BL,BASE,BASE0100,,Base House,5510-APPLIANCES 1ST,30555100920,GENERIC,1.0000,EA,APPLIANCES (COOKTOP;OVEN;RANGE;DW;MICROWAVE) - P.O. Microwave Level Designer,False,
Atlanta,ATL,5471-2044-TOWNS-BL,5471-2044-TOWNS-2BL,BASE,BASE0100,,Base House,5510-APPLIANCES 1ST,30555100580,GENERIC,1.0000,EA,APPLIANCES (COOKTOP;OVEN;RANGE;DW;MICROWAVE) - P.O. Dishwasher Level Designer,False,
Atlanta,ATL,5471-2044-TOWNS-BL,5471-2044-TOWNS-2BL,BASE,BASE0100,,Base House,5550-APPLIANCES 2ND,30555500140,GENERIC,1.0000,EA,APPLIANCES (REFRIGERATOR;WASHER;DRYER) - P.O. Refrigerator Install Code,False,
Atlanta,ATL,5471-2044-TOWNS-BL,5471-2044-TOWNS-2BL,BASE,BASE0100,,Base House,5550-APPLIANCES 2ND,30555500240,GENERIC,1.0000,EA,APPLIANCES (REFRIGERATOR;WASHER;DRYER) - P.O. Stainless Steel Refrigerator Level Designer,False,
Atlanta,ATL,5471-2044-TOWNS-BL,5471-2044-TOWNS-2BL,BASE,BASE0100,,Base House,4730-INSULATION,30447300120,GENERIC,1870.0000,SF,"INSULATION - P.O. R-13 Craft Faced Batt Insulation (Certainteed 15""x 70'6"" rolls) by the Square Foot",False,
Atlanta,ATL,5471-2044-TOWNS-BL,5471-2044-TOWNS-2BL,BASE,BASE0100,,Base House,4730-INSULATION,30447300160,GENERIC,2815.0000,SF,"INSULATION - P.O. R-19 Craft Faced Batt Insulation (Certainteed 23"" x 70'6"" rolls) by the Square Foot",False,
Atlanta,ATL,5471-2044-TOWNS-BL,5471-2044-TOWNS-2BL,BASE,BASE0100,,Base House,4730-INSULATION,30447300320,GENERIC,106.0000,LF,"INSULATION - P.O. Cardboard Baffle 22 1/2"" x 24"" (Service Partner) by the Lineal Foot",False,
Atlanta,ATL,5471-2044-TOWNS-BL,5471-2044-TOWNS-2BL,BASE,BASE0100,,Base House,4730-INSULATION,30447300300,GENERIC,1.0000,EA,INSULATION - P.O. DOW Great Stuff Window and Door Foam,False,
Atlanta,ATL,5471-2044-TOWNS-BL,5471-2044-TOWNS-2BL,BASE,BASE0100,,Base House,4730-INSULATION,30447300280,GENERIC,1.0000,EA,INSULATION - P.O. DOW Great Stuff Gaps and Cracks Fire Rated Foam,False,
Atlanta,ATL,5471-2044-TOWNS-BL,5471-2044-TOWNS-2BL,BASE,BASE0100,,Base House,4011-ROOF LBR/TKY,30440110100,GENERIC,45.0000,SQ,ROOFING LABOR OR TURNKEY - P.O. Labor Install Roofing by the Square - Three Tab Shingle,False,
Atlanta,ATL,5471-2044-TOWNS-BL,5471-2044-TOWNS-2BL,BASE,BASE0100,,Base House,4010-ROOF MATERIAL,30440100200,GENERIC,2.0000,ROLL,ROOFING MATERIAL - P.O. Tamko Moisture Guard Plus,False,
Atlanta,ATL,5471-2044-TOWNS-BL,5471-2044-TOWNS-2BL,BASE,BASE0100,,Base House,4010-ROOF MATERIAL,30440100100,GENERIC,45.0000,SQ,ROOFING MATERIAL - P.O. Certainteed 25 Year 3 Tab Shingle,False,
Atlanta,ATL,5471-2044-TOWNS-BL,5471-2044-TOWNS-2BL,BASE,BASE0100,,Base House,4010-ROOF MATERIAL,30440100140,GENERIC,11.0000,ROLL,ROOFING MATERIAL - P.O. Tamko 15# Felt (4 squares per roll),False,
Atlanta,ATL,5471-2044-TOWNS-BL,5471-2044-TOWNS-2BL,BASE,BASE0100,,Base House,4010-ROOF MATERIAL,30440100300,GENERIC,113.0000,LF,ROOFING MATERIAL - P.O.Step Flashing by the Lineal Foot,False,
Atlanta,ATL,5471-2044-TOWNS-BL,5471-2044-TOWNS-2BL,BASE,BASE0100,,Base House,4010-ROOF MATERIAL,30440100260,GENERIC,433.0000,LF,"ROOFING MATERIAL - P.O. 6"" Eave Drip (Color to Match Fascia)",False,
Atlanta,ATL,5471-2044-TOWNS-BL,5471-2044-TOWNS-2BL,BASE,BASE0100,,Base House,4010-ROOF MATERIAL,30440100160,GENERIC,5.0000,EA,ROOFING MATERIAL - P.O. Certainteed Universal Starter Bundle,False,
Atlanta,ATL,5471-2044-TOWNS-BL,5471-2044-TOWNS-2BL,BASE,BASE0100,,Base House,4010-ROOF MATERIAL,30440100180,GENERIC,3.0000,EA,ROOFING MATERIAL - P.O. Certainteed Hip and Ridge Bundle,False,
Atlanta,ATL,5471-2044-TOWNS-BL,5471-2044-TOWNS-2BL,BASE,BASE0100,,Base House,4010-ROOF MATERIAL,30440100280,GENERIC,6.0000,EA,"ROOFING MATERIAL - P.O. 5"" x 5"" x 10' L-Flashing",False,
Atlanta,ATL,5471-2044-TOWNS-BL,5471-2044-TOWNS-2BL,BASE,BASE0100,,Base House,4010-ROOF MATERIAL,30440100320,GENERIC,18.0000,EA,ROOFING MATERIAL - P.O. Certainteed Ridge Vent (4' Sections),False,
Atlanta,ATL,5471-2044-TOWNS-BL,5471-2044-TOWNS-2BL,BASE,BASE0100,,Base House,5240-CLOSET SHELVING,30552400180,GENERIC,170.0000,LF,"CLOSET SHELVING - P.O. Rubbermaid Ventilated Wire Shelving Tight Mesh 12"" Depth (Pantry Closets; Incl Supports & Hardware) by LF",False,
Atlanta,ATL,5471-2044-TOWNS-BL,5471-2044-TOWNS-2BL,BASE,BASE0100,,Base House,5240-CLOSET SHELVING,30552400190,GENERIC,170.0000,LF,"CLOSET SHELVING - P.O. Rubbermaid Ventilated Wire Shelving Tight Mesh 12"" Depth (Pantry Closets; Incl Supports & Hardware) by LF",False,
Atlanta,ATL,5471-2044-TOWNS-BL,5471-2044-TOWNS-2BL,BASE,BASE0100,,Base House,5240-CLOSET SHELVING,30552400100,GENERIC,59.0000,LF,"CLOSET SHELVING - P.O. Rubbermaid Ventilated Wire Shelving & Rod 12"" Depth (Bedroom Closets; Incl Supports & Hardware) by LF",False,
Atlanta,ATL,5471-2044-TOWNS-BL,5471-2044-TOWNS-2BL,BASE,BASE0100,,Base House,5240-CLOSET SHELVING,30552400110,GENERIC,59.0000,LF,"CLOSET SHELVING - P.O. Rubbermaid Ventilated Wire Shelving & Rod 12"" Depth (Bedroom Closets; Incl Supports & Hardware) by LF",False,
Atlanta,ATL,5471-2044-TOWNS-BL,5471-2044-TOWNS-2BL,BASE,BASE0100,,Base House,5240-CLOSET SHELVING,30552400220,GENERIC,85.0000,LF,"CLOSET SHELVING - P.O. Rubbermaid Ventilated Wire Shelving 12"" Depth (Linen Closets; Incl Supports & Hardware) by LF",False,
Atlanta,ATL,5471-2044-TOWNS-BL,5471-2044-TOWNS-2BL,BASE,BASE0100,,Base House,5240-CLOSET SHELVING,30552400230,GENERIC,85.0000,LF,"CLOSET SHELVING - P.O. Rubbermaid Ventilated Wire Shelving 12"" Depth (Linen Closets; Incl Supports & Hardware) by LF",False,
Atlanta,ATL,5471-2044-TOWNS-BL,5471-2044-TOWNS-2BL,BASE,BASE0100,,Base House,5422-GRANITE TOPS,30554220160,GENERIC,66.0000,SF,GRANITE TOPS - P.O. Labor and Materials Install Level Standard 3 CM Granite Countertops by the Square Foot (Includes Rear and Side Splashes),False,
Atlanta,ATL,5471-2044-TOWNS-BL,5471-2044-TOWNS-2BL,BASE,BASE0100,,Base House,5422-GRANITE TOPS,30554220320,GENERIC,2.0000,EA,GRANITE TOPS - P.O. Labor and Materials Install Granite Bar Supports Each,False,
Atlanta,ATL,5471-2044-TOWNS-BL,5471-2044-TOWNS-2BL,BASE,BASE0100,,Base House,5422-GRANITE TOPS,30554220220,GENERIC,1.0000,EA,"GRANITE TOPS - P.O. Labor and Materials Mount Kitchen Undermount Stainless Steel 8"" Sink - Double Compartment",False,
Atlanta,ATL,5471-2044-TOWNS-BL,5471-2044-TOWNS-2BL,BASE,BASE0100,,Base House,5430-MIRRORS,30554300100,GENERIC,64.0000,SF,"MIRRORS - P.O. Labor to Install Polished Edge Mirrors by the Square Foot includes Mounting Rail (36"" Height Typical)",False,
Atlanta,ATL,5471-2044-TOWNS-BL,5471-2044-TOWNS-2BL,BASE,BASE0100,,Base House,5430-MIRRORS,30554300140,GENERIC,64.0000,SF,"MIRRORS - P.O. Materials to Install Polished Edge Mirrors by the Square Foot includes Mounting Rail (36"" Height Typical)",False,
Atlanta,ATL,5471-2044-TOWNS-BL,5471-2044-TOWNS-2BL,BASE,BASE0100,,Base House,5424-CULT MARBLE TPS,30554240100,GENERIC,256.0000,LI,CULTURED MARBLE - P.O. Labor and Materials Install Cultured Marble Vanity Top by the Lineal Inch (Includes Rear and Side Splashes),False,
Atlanta,ATL,5471-2044-TOWNS-BL,5471-2044-TOWNS-2BL,BASE,BASE0100,,Base House,5424-CULT MARBLE TPS,30554240120,GENERIC,6.0000,EA,CULTURED MARBLE - P.O. Labor and Materials Install Cultured Marble Vanity Sink Each,False,
Atlanta,ATL,5471-2044-TOWNS-BL,5471-2044-TOWNS-2BL,BASE,BASE0100,,Base House,5740-GUTTERS DWNSPTS,30657400120,GENERIC,12.0000,EA,GUTTERS AND DOWNPSOUTS - P.O. Labor and Materials to Install Downspout One Story,False,
Atlanta,ATL,5471-2044-TOWNS-BL,5471-2044-TOWNS-2BL,BASE,BASE0100,,Base House,5740-GUTTERS DWNSPTS,30657400140,GENERIC,4.0000,EA,GUTTERS AND DOWNPSOUTS - P.O. Labor and Materials to Install Downspout Two Story,False,
Atlanta,ATL,5471-2044-TOWNS-BL,5471-2044-TOWNS-2BL,BASE,BASE0100,,Base House,5740-GUTTERS DWNSPTS,30657400180,GENERIC,10.0000,EA,GUTTERS AND DOWNPSOUTS - P.O. Labor and Materials to Install Splash Block,False,
Atlanta,ATL,5471-2044-TOWNS-BL,5471-2044-TOWNS-2BL,BASE,BASE0100,,Base House,5740-GUTTERS DWNSPTS,30657400100,GENERIC,262.0000,LF,"GUTTERS AND DOWNPSOUTS - P.O. Labor and Materials to Install 5"" Seamless Gutters per Lineal Foot",False,
Atlanta,ATL,5471-2044-TOWNS-BL,5471-2044-TOWNS-2BL,BASE,BASE0100,,Base House,5440-SHWR ENCLOSURE,30554400260,GENERIC,1.0000,EA,"SHOWER ENCLOSURE - P.O. Labor to Install SAP TK03 Crystaline Hinge with In-Line and Return Panels (L-Shaped Unit; for door spans over 60"" wide; 74 15/",False,
Atlanta,ATL,5471-2044-TOWNS-BL,5471-2044-TOWNS-2BL,BASE,BASE0100,,Base House,4530-EXTERIOR DOORS,30445300320,GENERIC,3.0000,EA,EXTERIOR  DOORS - P.O. 2868 Prehung Fiberglass Door - Full Light,False,
Atlanta,ATL,5471-2044-TOWNS-BL,5471-2044-TOWNS-2BL,BASE,BASE0100,,Base House,4530-EXTERIOR DOORS,30445300600,GENERIC,5.0000,EA,EXTERIOR  DOORS - P.O. Construction Lock,False,
Atlanta,ATL,5471-2044-TOWNS-BL,5471-2044-TOWNS-2BL,BASE,BASE0100,,Base House,4530-EXTERIOR DOORS,30445300100,GENERIC,1.0000,EA,EXTERIOR  DOORS - P.O. Traditional Elevation - 3068 Prehung Fiberglass Door - Six Panel,False,
Atlanta,ATL,5471-2044-TOWNS-BL,5471-2044-TOWNS-2BL,BASE,BASE0100,,Base House,4530-EXTERIOR DOORS,30445300120,GENERIC,2.0000,EA,EXTERIOR  DOORS - P.O. Traditional Elevation - 3/4 Light Sidelight,False,
Atlanta,ATL,5471-2044-TOWNS-BL,5471-2044-TOWNS-2BL,BASE,BASE0100,,Base House,4570-GARAGE DOORS,30445700100,GENERIC,1.0000,EA,GARAGE DOORS - P.O. Traditional Elevation - 8x7 Garage Door with Hardware - Panel,False,
Atlanta,ATL,5471-2044-TOWNS-BL,5471-2044-TOWNS-2BL,BASE,BASE0100,,Base House,4570-GARAGE DOORS,30445700420,GENERIC,1.0000,EA,GARAGE DOORS - P.O. 1/3 HP Garage Door Opener,False,
Atlanta,ATL,5471-2044-TOWNS-BL,5471-2044-TOWNS-2BL,BASE,BASE0100,,Base House,4570-GARAGE DOORS,30445700140,GENERIC,1.0000,EA,GARAGE DOORS - P.O. Traditional Elevation - 16x7 Garage Door with Hardware - Panel,False,
Atlanta,ATL,5471-2044-TOWNS-BL,5471-2044-TOWNS-2BL,BASE,BASE0100,,Base House,4570-GARAGE DOORS,30445700440,GENERIC,1.0000,EA,GARAGE DOORS - P.O. 1/2 HP Garage Door Opener,False,
Atlanta,ATL,5471-2044-TOWNS-BL,5471-2044-TOWNS-2BL,BASE,BASE0100,,Base House,5292-WINDOW COVERINGS,30552921840,GENERIC,2.0000,EA,WINDOW COVERING - P.O. Level Standard Blinds 3060 Single Hung with Grids,False,
Atlanta,ATL,5471-2044-TOWNS-BL,5471-2044-TOWNS-2BL,BASE,BASE0100,,Base House,5292-WINDOW COVERINGS,30552920280,GENERIC,2.0000,EA,WINDOW COVERING - P.O. Level Standard Blinds 2040 Single Hung with Grids,False,
Atlanta,ATL,5471-2044-TOWNS-BL,5471-2044-TOWNS-2BL,BASE,BASE0100,,Base House,5292-WINDOW COVERINGS,30552921720,GENERIC,1.0000,EA,WINDOW COVERING - P.O. Level Standard Blinds 3050-2 Twin Single Hung with Grids,False,
Atlanta,ATL,5471-2044-TOWNS-BL,5471-2044-TOWNS-2BL,BASE,BASE0100,,Base House,5292-WINDOW COVERINGS,30552921880,GENERIC,2.0000,EA,WINDOW COVERING - P.O. Level Standard Blinds 3060-2 Twin Single Hung with Grids,False,
Atlanta,ATL,5471-2044-TOWNS-BL,5471-2044-TOWNS-2BL,BASE,BASE0100,,Base House,4520-WINDOW SCREENS,30445201840,GENERIC,2.0000,EA,WINDOW SCREENS - P.O. Lindsay/M/I 3060 Single Hung with Grids Window Screen,False,
Atlanta,ATL,5471-2044-TOWNS-BL,5471-2044-TOWNS-2BL,BASE,BASE0100,,Base House,4520-WINDOW SCREENS,30445201820,GENERIC,7.0000,EA,WINDOW SCREENS - P.O. Lindsay/M/I 3060 Single Hung Window Screen,False,
Atlanta,ATL,5471-2044-TOWNS-BL,5471-2044-TOWNS-2BL,BASE,BASE0100,,Base House,4520-WINDOW SCREENS,30445201620,GENERIC,3.0000,EA,WINDOW SCREENS - P.O. Lindsay/M/I 3050 Single Hung Window Window Screen,False,
Atlanta,ATL,5471-2044-TOWNS-BL,5471-2044-TOWNS-2BL,BASE,BASE0100,,Base House,4520-WINDOW SCREENS,30445201400,GENERIC,1.0000,EA,WINDOW SCREENS - P.O. Lindsay/M/I 3030 Single Hung Window Screen,False,
Atlanta,ATL,5471-2044-TOWNS-BL,5471-2044-TOWNS-2BL,BASE,BASE0100,,Base House,4520-WINDOW SCREENS,30445200280,GENERIC,2.0000,EA,WINDOW SCREENS - P.O. Lindsay/M/I 2040 Single Hung with Grids Window Screen,False,
Atlanta,ATL,5471-2044-TOWNS-BL,5471-2044-TOWNS-2BL,BASE,BASE0100,,Base House,4520-WINDOW SCREENS,30445201720,GENERIC,1.0000,EA,WINDOW SCREENS - P.O. Lindsay/M/I 3050-2 Twin Single Hung with Grids Window Screen,False,
Atlanta,ATL,5471-2044-TOWNS-BL,5471-2044-TOWNS-2BL,BASE,BASE0100,,Base House,4520-WINDOW SCREENS,30445201700,GENERIC,1.0000,EA,WINDOW SCREENS - P.O. Lindsay/M/I 3050-2 Twin Single Hung Window Screen,False,
Atlanta,ATL,5471-2044-TOWNS-BL,5471-2044-TOWNS-2BL,BASE,BASE0100,,Base House,4520-WINDOW SCREENS,30445201880,GENERIC,2.0000,EA,WINDOW SCREENS - P.O. Lindsay/M/I 3060-2 Twin Single Hung with Grids Window Screen,False,
Atlanta,ATL,5471-2044-TOWNS-BL,5471-2044-TOWNS-2BL,BASE,BASE0100,,Base House,4510-WINDOWS,30445101840,GENERIC,2.0000,EA,WINDOWS - P.O. Lindsay/M/I 3060 Single Hung with Grids,False,
Atlanta,ATL,5471-2044-TOWNS-BL,5471-2044-TOWNS-2BL,BASE,BASE0100,,Base House,4510-WINDOWS,30445101820,GENERIC,7.0000,EA,WINDOWS - P.O. Lindsay/M/I 3060 Single Hung,False,
Atlanta,ATL,5471-2044-TOWNS-BL,5471-2044-TOWNS-2BL,BASE,BASE0100,,Base House,4510-WINDOWS,30445101620,GENERIC,3.0000,EA,WINDOWS - P.O. Lindsay/M/I 3050 Single Hung Window,False,
Atlanta,ATL,5471-2044-TOWNS-BL,5471-2044-TOWNS-2BL,BASE,BASE0100,,Base House,4510-WINDOWS,30445101400,GENERIC,1.0000,EA,WINDOWS - P.O. Lindsay/M/I 3030 Single Hung,False,
Atlanta,ATL,5471-2044-TOWNS-BL,5471-2044-TOWNS-2BL,BASE,BASE0100,,Base House,4510-WINDOWS,30445100280,GENERIC,2.0000,EA,WINDOWS - P.O. Lindsay/M/I 2040 Single Hung with Grids,False,
Atlanta,ATL,5471-2044-TOWNS-BL,5471-2044-TOWNS-2BL,BASE,BASE0100,,Base House,4510-WINDOWS,30445102260,GENERIC,1.0000,EA,WINDOWS - P.O. Lindsay/M/I 4040 Fixed Window Tempered Glass Clear,False,
Atlanta,ATL,5471-2044-TOWNS-BL,5471-2044-TOWNS-2BL,BASE,BASE0100,,Base House,4510-WINDOWS,30445100100,GENERIC,4.0000,EA,WINDOWS - P.O. Lindsay/M/I 2020 Picture Window,False,
Atlanta,ATL,5471-2044-TOWNS-BL,5471-2044-TOWNS-2BL,BASE,BASE0100,,Base House,4510-WINDOWS,30445101720,GENERIC,1.0000,EA,WINDOWS - P.O. Lindsay/M/I 3050-2 Twin Single Hung with Grids,False,
Atlanta,ATL,5471-2044-TOWNS-BL,5471-2044-TOWNS-2BL,BASE,BASE0100,,Base House,4510-WINDOWS,30445101700,GENERIC,1.0000,EA,WINDOWS - P.O. Lindsay/M/I 3050-2 Twin Single Hung,False,
Atlanta,ATL,5471-2044-TOWNS-BL,5471-2044-TOWNS-2BL,BASE,BASE0100,,Base House,4510-WINDOWS,30445101880,GENERIC,2.0000,EA,WINDOWS - P.O. Lindsay/M/I 3060-2 Twin Single Hung with Grids,False,
Atlanta,ATL,5471-2044-TOWNS-BL,5471-2044-TOWNS-2BL,BASE,BASE0100,,Base House,4590-WNDW DOOR INSTL,3044590100,GENERIC,20.0000,EA,WINDOW AND DOOR INSTALLATION LABOR - P.O. Window Install - Single,False,
Atlanta,ATL,5471-2044-TOWNS-BL,5471-2044-TOWNS-2BL,BASE,BASE0100,,Base House,4590-WNDW DOOR INSTL,3044590120,GENERIC,4.0000,EA,WINDOW AND DOOR INSTALLATION LABOR - P.O. Window Install - Double,False,
Atlanta,ATL,5471-2044-TOWNS-BL,5471-2044-TOWNS-2BL,BASE,BASE0100,,Base House,4590-WNDW DOOR INSTL,3044590160,GENERIC,4.0000,EA,WINDOW AND DOOR INSTALLATION LABOR - P.O. Exterior Door Install - Single (includes construction lock install),False,
Atlanta,ATL,5471-2044-TOWNS-BL,5471-2044-TOWNS-2BL,BASE,BASE0100,,Base House,4590-WNDW DOOR INSTL,3044590190,GENERIC,2.0000,EA,WINDOW AND DOOR INSTALLATION LABOR - P.O. Exterior Sidelight Install,False,
Atlanta,ATL,5471-2044-TOWNS-BL,5471-2044-TOWNS-2BL,BASE,BASE0100,,Base House,5281-DR HDWR LBR/TKY,30552810140,GENERIC,1.0000,EA,DOOR HARDWARE LABOR OR TURNKEY - P.O. Level Standard Dummy Doorknobs,False,
Atlanta,ATL,5471-2044-TOWNS-BL,5471-2044-TOWNS-2BL,BASE,BASE0100,,Base House,5281-DR HDWR LBR/TKY,30552810200,GENERIC,1.0000,EA,DOOR HARDWARE LABOR OR TURNKEY - P.O. Level Standard Exterior Handleset,False,
Atlanta,ATL,5471-2044-TOWNS-BL,5471-2044-TOWNS-2BL,BASE,BASE0100,,Base House,5281-DR HDWR LBR/TKY,30552810220,GENERIC,1.0000,EA,DOOR HARDWARE LABOR OR TURNKEY - P.O. Level Standard Interior Trim,False,
Atlanta,ATL,5471-2044-TOWNS-BL,5471-2044-TOWNS-2BL,BASE,BASE0100,,Base House,5281-DR HDWR LBR/TKY,30552810100,GENERIC,15.0000,EA,DOOR HARDWARE LABOR OR TURNKEY - P.O. Level Standard Passage Doorknobs,False,
Atlanta,ATL,5471-2044-TOWNS-BL,5471-2044-TOWNS-2BL,BASE,BASE0100,,Base House,5281-DR HDWR LBR/TKY,30552810260,GENERIC,3.0000,EA,DOOR HARDWARE LABOR OR TURNKEY - P.O. Level Standard Keyed Doorknobs,False,
Atlanta,ATL,5471-2044-TOWNS-BL,5471-2044-TOWNS-2BL,BASE,BASE0100,,Base House,5281-DR HDWR LBR/TKY,30552810240,GENERIC,5.0000,EA,DOOR HARDWARE LABOR OR TURNKEY - P.O. Level Standard Deadbolt,False,
Atlanta,ATL,5471-2044-TOWNS-BL,5471-2044-TOWNS-2BL,BASE,BASE0100,,Base House,5281-DR HDWR LBR/TKY,30552810320,GENERIC,15.0000,EA,DOOR HARDWARE LABOR OR TURNKEY - P.O. BP9 Spring Door Bump,False,
Atlanta,ATL,5471-2044-TOWNS-BL,5471-2044-TOWNS-2BL,BASE,BASE0100,,Base House,5281-DR HDWR LBR/TKY,30552810340,GENERIC,12.0000,EA,DOOR HARDWARE LABOR OR TURNKEY - P.O. #41 Hinge Door Bump,False,
Atlanta,ATL,5471-2044-TOWNS-BL,5471-2044-TOWNS-2BL,BASE,BASE0100,,Base House,5281-DR HDWR LBR/TKY,30552810520,GENERIC,5.0000,EA,DOOR HARDWARE LABOR OR TURNKEY - P.O. Level Standard Interior Trim,False,
Atlanta,ATL,5471-2044-TOWNS-BL,5471-2044-TOWNS-2BL,BASE,BASE0100,,Base House,5020-DRYWALL LABOR,30550200180,GENERIC,273.0000,EA,DRYWALL LABOR - P.O. Labor to Hang; Finish; and Skim Level 5 Drywall Finish per Board,False,
Atlanta,ATL,5471-2044-TOWNS-BL,5471-2044-TOWNS-2BL,BASE,BASE0100,,Base House,5160-HARDWOOD LBR/TK,30551600100,GENERIC,449.0000,SF,HARDWOOD LABOR OR TURNKEY - P.O. Labor and Materials to Install Level Standard Hardwood Flooring on Concrete by the Square Foot,False,
Atlanta,ATL,5471-2044-TOWNS-BL,5471-2044-TOWNS-2BL,BASE,BASE0100,,Base House,5261-SHOE LBR/TKY,30552610100,GENERIC,106.0000,LF,SHOE MOULD LABOR OR TURNKEY - P.O. Labor and Fasteners to Install Shoe Moulding by the Lineal Foot,False,
Atlanta,ATL,5471-2044-TOWNS-BL,5471-2044-TOWNS-2BL,BASE,BASE0100,,Base House,5210-TRIM MATERIAL,30552101570,GENERIC,36.0000,EA,"TRIM MATERIAL - P.O. 610-5MDF 5 1/4"" x 16' Speed Base",False,
Atlanta,ATL,5471-2044-TOWNS-BL,5471-2044-TOWNS-2BL,BASE,BASE0100,,Base House,5210-TRIM MATERIAL,30552102280,GENERIC,7.0000,LF,TRIM MATERIAL - P.O. Primed Shoe Mld,False,
Atlanta,ATL,5471-2044-TOWNS-BL,5471-2044-TOWNS-2BL,BASE,BASE0100,,Base House,5210-TRIM MATERIAL,30552101640,GENERIC,97.0000,LF,"TRIM MATERIAL - P.O. 3-5/8"" Crown FJ",False,
Atlanta,ATL,5471-2044-TOWNS-BL,5471-2044-TOWNS-2BL,BASE,BASE0100,,Base House,5210-TRIM MATERIAL,30552101580,GENERIC,79.0000,LF,"TRIM MATERIAL - P.O. 5-1/4"" FJ Stool",False,
Atlanta,ATL,5471-2044-TOWNS-BL,5471-2044-TOWNS-2BL,BASE,BASE0100,,Base House,5210-TRIM MATERIAL,30552100180,GENERIC,4.0000,EA,TRIM MATERIAL - P.O. 2/0 Level Standard Level Standard Casing,False,
Atlanta,ATL,5471-2044-TOWNS-BL,5471-2044-TOWNS-2BL,BASE,BASE0100,,Base House,5210-TRIM MATERIAL,30552100380,GENERIC,1.0000,EA,TRIM MATERIAL - P.O. 5/4 DH Level Standard Level Standard Casing,False,
Atlanta,ATL,5471-2044-TOWNS-BL,5471-2044-TOWNS-2BL,BASE,BASE0100,,Base House,5210-TRIM MATERIAL,30552101740,GENERIC,1.0000,LF,"TRIM MATERIAL - P.O. 3-1/4"" 623 MDF Base",False,
Atlanta,ATL,5471-2044-TOWNS-BL,5471-2044-TOWNS-2BL,BASE,BASE0100,,Base House,5210-TRIM MATERIAL,30552101600,GENERIC,39.0000,LF,"TRIM MATERIAL - P.O. 2-3/4""  Chair Rail 1001 FJ",False,
Atlanta,ATL,5471-2044-TOWNS-BL,5471-2044-TOWNS-2BL,BASE,BASE0100,,Base House,5210-TRIM MATERIAL,30552101880,GENERIC,1.0000,EA,"TRIM MATERIAL - P.O. 22 1/2X54X8'9""Fold Stair Insul",False,
Atlanta,ATL,5471-2044-TOWNS-BL,5471-2044-TOWNS-2BL,BASE,BASE0100,,Base House,5210-TRIM MATERIAL,30552100240,GENERIC,2.0000,EA,TRIM MATERIAL - P.O. 2/8 Level Standard Level Standard Casing,False,
Atlanta,ATL,5471-2044-TOWNS-BL,5471-2044-TOWNS-2BL,BASE,BASE0100,,Base House,5210-TRIM MATERIAL,30552100220,GENERIC,7.0000,EA,TRIM MATERIAL - P.O. 2/6 Level Standard Level Standard Casing,False,
Atlanta,ATL,5471-2044-TOWNS-BL,5471-2044-TOWNS-2BL,BASE,BASE0100,,Base House,5210-TRIM MATERIAL,30552100200,GENERIC,6.0000,EA,TRIM MATERIAL - P.O. 2/4 Level Standard Level Standard Casing,False,
Atlanta,ATL,5471-2044-TOWNS-BL,5471-2044-TOWNS-2BL,BASE,BASE0100,,Base House,5210-TRIM MATERIAL,30552101440,GENERIC,1.0000,EA,TRIM MATERIAL - P.O. 2/8 Level Standard SNS Weather Strip,False,
Atlanta,ATL,5471-2044-TOWNS-BL,5471-2044-TOWNS-2BL,BASE,BASE0100,,Base House,5210-TRIM MATERIAL,30552101940,GENERIC,1.0000,EA,TRIM MATERIAL - P.O. 1 X 6 X 16 MDF,False,
Atlanta,ATL,5471-2044-TOWNS-BL,5471-2044-TOWNS-2BL,BASE,BASE0100,,Base House,5210-TRIM MATERIAL,30552101960,GENERIC,20.0000,EA,"TRIM MATERIAL - P.O. 5015 Primed 36"" Baluster ""S""",False,
Atlanta,ATL,5471-2044-TOWNS-BL,5471-2044-TOWNS-2BL,BASE,BASE0100,,Base House,5210-TRIM MATERIAL,30552102120,GENERIC,1.0000,EA,TRIM MATERIAL - P.O. 6010 Oak Colonial Handrail  16',False,
Atlanta,ATL,5471-2044-TOWNS-BL,5471-2044-TOWNS-2BL,BASE,BASE0100,,Base House,5210-TRIM MATERIAL,30552102140,GENERIC,1.0000,EA,"TRIM MATERIAL - P.O. 3009 Oak Newel Post Anchor 3"" (Surtight)",False,
Atlanta,ATL,5471-2044-TOWNS-BL,5471-2044-TOWNS-2BL,BASE,BASE0100,,Base House,5210-TRIM MATERIAL,30552102160,GENERIC,1.0000,EA,TRIM MATERIAL - P.O. 7337 Oak Oval Rosette,False,
Atlanta,ATL,5471-2044-TOWNS-BL,5471-2044-TOWNS-2BL,BASE,BASE0100,,Base House,5210-TRIM MATERIAL,30552102180,GENERIC,1.0000,EA,"TRIM MATERIAL - P.O. 4040 Oak Start Util Newel 48""",False,
Atlanta,ATL,5471-2044-TOWNS-BL,5471-2044-TOWNS-2BL,BASE,BASE0100,,Base House,5210-TRIM MATERIAL,30552102360,GENERIC,2.0000,EA,TRIM MATERIAL - P.O. 10B Orb Handrail Brackets Hd,False,
Atlanta,ATL,5471-2044-TOWNS-BL,5471-2044-TOWNS-2BL,BASE,BASE0100,,Base House,5180-CARPET LBR/TK,30551800100,GENERIC,155.0000,SY,CARPET LABOR OR TURNKEY - P.O. Labor and Materials to Install Level Standard Carpet and Level Standard Pad by the Square Yard,False,
Atlanta,ATL,5471-2044-TOWNS-BL,5471-2044-TOWNS-2BL,BASE,BASE0100,,Base House,5140-RES FLOOR LB/TK,30551400100,GENERIC,9.0000,SY,RESILIENT FLOORING LABOR OR TURNKEY - P.O. Labor and Materials to Install Level Standard Vinyl Flooring on Concrete by the Square Yard,False,
Atlanta,ATL,5471-2044-TOWNS-BL,5471-2044-TOWNS-2BL,BASE,BASE0100,,Base House,5140-RES FLOOR LB/TK,30551400120,GENERIC,4.0000,SY,RESILIENT FLOORING LABOR OR TURNKEY - P.O. Labor and Materials to Install Level Standard Vinyl Flooring on Subfloor by the Square Yard,False,
Atlanta,ATL,5471-2044-TOWNS-BL,5471-2044-TOWNS-2BL,BASE,BASE0100,,Base House,4260-STONE LBR/TKY,30442600100,GENERIC,729.0000,SF,STONE LABOR OR TURNKEY - P.O. Stone Labor by the Square Foot,False,
Atlanta,ATL,5471-2044-TOWNS-BL,5471-2044-TOWNS-2BL,BASE,BASE0100,,Base House,4250-STONE MAT'L,30442500100,GENERIC,729.0000,SF,STONE MATERIAL - P.O. Synthetic Stone Flats by the Square Foot,False,
Atlanta,ATL,5471-2044-TOWNS-BL,5471-2044-TOWNS-2BL,BASE,BASE0100,,Base House,4250-STONE MAT'L,30442500180,GENERIC,23.0000,EA,"STONE MATERIAL - P.O. 80 lb. bag of Type ""S"" Pre-Mix Masonry Mortar",False,
Atlanta,ATL,5471-2044-TOWNS-BL,5471-2044-TOWNS-2BL,BASE,BASE0100,,Base House,4250-STONE MAT'L,30442500190,GENERIC,2.0000,CY,STONE MATERIAL - P.O. Mason Sand per Cubic Yard,False,
Atlanta,ATL,5471-2044-TOWNS-BL,5471-2044-TOWNS-2BL,BASE,BASE0100,,Base House,4250-STONE MAT'L,30442500240,GENERIC,794.0000,EA,STONE MATERIAL - P.O. Felt Backed Metal Lathe by the Square Foot,False,
Atlanta,ATL,5471-2044-TOWNS-BL,5471-2044-TOWNS-2BL,BASE,BASE0100,,Base House,3750-STRCTRD WRNG TRM,30337500360,GENERIC,1.0000,EA,STRUCTRD WIRING TRIM - P.O. Labor and Materials STRUCTRD WIRING TRIM Item Installed - Flat Screen T.V. Prewire (Conduit; Cover; and HDMI Wire),False,
Atlanta,ATL,5471-2044-TOWNS-BL,5471-2044-TOWNS-2BL,BASE,BASE0100,,Base House,3750-STRCTRD WRNG TRM,30337500140,GENERIC,5.0000,EA,STRUCTRD WIRING TRIM - P.O. Labor and Materials STRUCTRD WIRING TRIM Item Installed - RG 6 Cable Outlet,False,
Atlanta,ATL,5471-2044-TOWNS-BL,5471-2044-TOWNS-2BL,BASE,BASE0100,,Base House,3750-STRCTRD WRNG TRM,30337500120,GENERIC,6.0000,EA,STRUCTRD WIRING TRIM - P.O. Labor and Materials STRUCTRD WIRING TRIM Item Installed - CAT 5 Phone Outlet,False,
Atlanta,ATL,5471-2044-TOWNS-BL,5471-2044-TOWNS-2BL,BASE,BASE0100,,Base House,3750-STRCTRD WRNG TRM,30337500170,GENERIC,1.0000,EA,STRUCTRD WIRING TRIM - P.O. Labor and Materials STRUCTRD WIRING TRIM Item Installed - 2 GIG Security System,False,
Atlanta,ATL,5471-2044-TOWNS-BL,5471-2044-TOWNS-2BL,BASE,BASE0100,,Base House,3750-STRCTRD WRNG TRM,30337500100,GENERIC,1.0000,EA,"STRUCTRD WIRING TRIM - P.O. Labor and Materials STRUCTRD WIRING TRIM Item Installed - 20"" OnQ Enclosure Hub",False,
Atlanta,ATL,5471-2044-TOWNS-BL,5471-2044-TOWNS-2BL,BASE,BASE0100,,Base House,3740-STRCTRD WRNG RGH,30337400360,GENERIC,1.0000,EA,STRUCTRD WIRING ROUGH - P.O. Labor and Materials STRUCTRD WIRING ROUGH Item Installed - Flat Screen T.V. Prewire (Conduit; Cover; and HDMI Wire),False,
Atlanta,ATL,5471-2044-TOWNS-BL,5471-2044-TOWNS-2BL,BASE,BASE0100,,Base House,3740-STRCTRD WRNG RGH,30337400140,GENERIC,5.0000,EA,STRUCTRD WIRING ROUGH - P.O. Labor and Materials STRUCTRD WIRING ROUGH Item Installed - RG 6 Cable Outlet,False,
Atlanta,ATL,5471-2044-TOWNS-BL,5471-2044-TOWNS-2BL,BASE,BASE0100,,Base House,3740-STRCTRD WRNG RGH,30337400120,GENERIC,6.0000,EA,STRUCTRD WIRING ROUGH - P.O. Labor and Materials STRUCTRD WIRING ROUGH Item Installed - CAT 5 Phone Outlet,False,
Atlanta,ATL,5471-2044-TOWNS-BL,5471-2044-TOWNS-2BL,BASE,BASE0100,,Base House,3740-STRCTRD WRNG RGH,30337400170,GENERIC,1.0000,EA,STRUCTRD WIRING ROUGH - P.O. Labor and Materials STRUCTRD WIRING ROUGH Item Installed - 2 GIG Security System,False,
Atlanta,ATL,5471-2044-TOWNS-BL,5471-2044-TOWNS-2BL,BASE,BASE0100,,Base House,3740-STRCTRD WRNG RGH,30337400100,GENERIC,1.0000,EA,"STRUCTRD WIRING ROUGH - P.O. Labor and Materials STRUCTRD WIRING ROUGH Item Installed - 20"" OnQ Enclosure Hub",False,
Atlanta,ATL,5471-2044-TOWNS-BL,5471-2044-TOWNS-2BL,BASE,BASE0100,,Base House,4920-INT PAINT W/T,30449200360,GENERIC,1.0000,EA,INTERIOR PAINTING TURNKEY - P.O. Fireplace Mantel Painting Each,False,
Atlanta,ATL,5471-2044-TOWNS-BL,5471-2044-TOWNS-2BL,BASE,BASE0100,,Base House,4920-INT PAINT W/T,30449200280,GENERIC,5.0000,LF,INTERIOR PAINTING TURNKEY - P.O. Interior Spindled Railing by the Lineal Foot,False,
Atlanta,ATL,5471-2044-TOWNS-BL,5471-2044-TOWNS-2BL,BASE,BASE0100,,Base House,4920-INT PAINT W/T,30449200130,GENERIC,616.0000,SF,INTERIOR PAINTING TURNKEY - P.O.  Interior Wall and Ceiling Painting Garage by the Square Foot,False,
Atlanta,ATL,5471-2044-TOWNS-BL,5471-2044-TOWNS-2BL,BASE,BASE0100,,Base House,4920-INT PAINT W/T,30449200140,GENERIC,2962.0000,SF,INTERIOR PAINTING TURNKEY - P.O. Interior Standard Trim and Doors Painting by the Square Foot,False,
Atlanta,ATL,5471-2044-TOWNS-BL,5471-2044-TOWNS-2BL,BASE,BASE0100,,Base House,4920-INT PAINT W/T,30449200100,GENERIC,2962.0000,SF,"INTERIOR PAINTING TURNKEY - P.O.  Interior Wall, Ceiling, Trim, and Door Painting (Ceiling contrasting color from wall) by the Living Space Square Foot - Series 1",False,
Atlanta,ATL,5471-2044-TOWNS-BL,5471-2044-TOWNS-2BL,BASE,BASE0100,,Base House,4920-INT PAINT W/T,30449200110,GENERIC,2962.0000,SF,"INTERIOR PAINTING TURNKEY - P.O.  Interior Wall, Ceiling, Trim, and Door Painting (Ceiling contrasting color from wall) by the Living Space Square Foot - Series 2",False,
Atlanta,ATL,5471-2044-TOWNS-BL,5471-2044-TOWNS-2BL,BASE,BASE0100,,Base House,4920-INT PAINT W/T,30449200120,GENERIC,2962.0000,SF,"INTERIOR PAINTING TURNKEY - P.O.  Interior Wall, Ceiling, Trim, and Door Painting (Ceiling contrasting color from wall) by the Living Space Square Foot - Series 3",False,
Atlanta,ATL,5471-2044-TOWNS-BL,5471-2044-TOWNS-2BL,BASE,BASE0100,,Base House,4920-INT PAINT W/T,30449200160,GENERIC,2962.0000,SF,INTERIOR PAINTING TURNKEY - P.O. Interior Designer Trim and Doors Painting by the Square Foot,False,
Atlanta,ATL,5471-2044-TOWNS-BL,5471-2044-TOWNS-2BL,BASE,BASE0100,,Base House,4920-INT PAINT W/T,30449200170,GENERIC,2962.0000,SF,INTERIOR PAINTING TURNKEY - P.O. Interior Estate Trim and Doors Painting by the Square Foot,False,
Atlanta,ATL,5471-2044-TOWNS-BL,5471-2044-TOWNS-2BL,BASE,BASE0100,,Base House,5270-MANTLE SURRND,30552700100,GENERIC,1.0000,EA,MANTEL AND SURROUND - P.O. Labor and Materials to Install Granite Surround and Unfinshed Mantel,False,
Atlanta,ATL,5471-2044-TOWNS-BL,5471-2044-TOWNS-2BL,BASE,BASE0100,,Base House,3810-HVAC ROUGH,30438100660,GENERIC,2.0000,EA,HVAC ROUGH - P.O. Labor and Materials Install Additional Gas Line Drop,False,
Atlanta,ATL,5471-2044-TOWNS-BL,5471-2044-TOWNS-2BL,BASE,BASE0100,,Base House,3810-HVAC ROUGH,30338100100,GENERIC,18.0000,EA,HVAC ROUGH - P.O. Labor and Materials (Excluding Equipment and Gas Lines) HVAC System - per Room,False,
Atlanta,ATL,5471-2044-TOWNS-BL,5471-2044-TOWNS-2BL,BASE,BASE0100,,Base House,3810-HVAC ROUGH,30438100632,GENERIC,1.0000,EA,HVAC ROUGH - P.O. Labor and Materials Install Bath Fan/Light Combo Venting and Terminations,False,
Atlanta,ATL,5471-2044-TOWNS-BL,5471-2044-TOWNS-2BL,BASE,BASE0100,,Base House,3810-HVAC ROUGH,30438100634,GENERIC,4.0000,EA,HVAC ROUGH - P.O. Labor and Materials Install Bath Fan Venting and Terminations,False,
Atlanta,ATL,5471-2044-TOWNS-BL,5471-2044-TOWNS-2BL,BASE,BASE0100,,Base House,3810-HVAC ROUGH,30438100630,GENERIC,1.0000,EA,HVAC ROUGH - P.O. Labor and Materials Install Dryer Venting and Terminations,False,
Atlanta,ATL,5471-2044-TOWNS-BL,5471-2044-TOWNS-2BL,BASE,BASE0100,,Base House,3810-HVAC ROUGH,30438100640,GENERIC,1.0000,EA,HVAC ROUGH - P.O. Labor and Materials Install Initial Gas Line Drop,False,
Atlanta,ATL,5471-2044-TOWNS-BL,5471-2044-TOWNS-2BL,BASE,BASE0100,,Base House,4205-FIREPLACE,30442050100,GENERIC,1.0000,EA,"FIREPLACE - P.O. Labor and Materials 36"" Interior Woodburning Fireplace Installed",False,
Atlanta,ATL,5471-2044-TOWNS-BL,5471-2044-TOWNS-2BL,BASE,BASE0100,,Base House,4205-FIREPLACE,30442050300,GENERIC,20.0000,LF,FIREPLACE - P.O. Labor and Materials Exhaust Pipe by the Foot,False,
Atlanta,ATL,5471-2044-TOWNS-BL,5471-2044-TOWNS-2BL,BASE,BASE0100,,Base House,4205-FIREPLACE,30442050340,GENERIC,1.0000,EA,FIREPLACE - P.O. Labor and Materials Chimney Cap Painted,False,
Atlanta,ATL,5471-2044-TOWNS-BL,5471-2044-TOWNS-2BL,BASE,BASE0100,,Base House,4205-FIREPLACE,30442050360,GENERIC,1.0000,EA,FIREPLACE - P.O. Labor and Materials Log Lighter,False,
Atlanta,ATL,5471-2044-TOWNS-BL,5471-2044-TOWNS-2BL,BASE,BASE0100,,Base House,3606-PLM TRIM FIXT,30336060340,GENERIC,1.0000,EA,PLUMBING TRIM FIXTURES - P.O. Level Standard Shower Faucet,False,
Atlanta,ATL,5471-2044-TOWNS-BL,5471-2044-TOWNS-2BL,BASE,BASE0100,,Base House,3606-PLM TRIM FIXT,30336060380,GENERIC,2.0000,EA,PLUMBING TRIM FIXTURES - P.O. Level Standard Tub Shower Faucet,False,
Atlanta,ATL,5471-2044-TOWNS-BL,5471-2044-TOWNS-2BL,BASE,BASE0100,,Base House,3606-PLM TRIM FIXT,30336050210,GENERIC,2.0000,EA,PLUMBING TRIM FIXTURES - P.O. Shower Curtain Rod,False,
Atlanta,ATL,5471-2044-TOWNS-BL,5471-2044-TOWNS-2BL,BASE,BASE0100,,Base House,3606-PLM TRIM FIXT,30336060100,GENERIC,4.0000,EA,PLUMBING TRIM FIXTURES - P.O. Round Commode,False,
Atlanta,ATL,5471-2044-TOWNS-BL,5471-2044-TOWNS-2BL,BASE,BASE0100,,Base House,3606-PLM TRIM FIXT,30336060160,GENERIC,1.0000,EA,PLUMBING TRIM FIXTURES - P.O. 1/3 HP Garbage Disposal,False,
Atlanta,ATL,5471-2044-TOWNS-BL,5471-2044-TOWNS-2BL,BASE,BASE0100,,Base House,3606-PLM TRIM FIXT,30336060180,GENERIC,1.0000,EA,PLUMBING TRIM FIXTURES - P.O. Level Standard Kitchen Faucet,False,
Atlanta,ATL,5471-2044-TOWNS-BL,5471-2044-TOWNS-2BL,BASE,BASE0100,,Base House,3606-PLM TRIM FIXT,30336060300,GENERIC,6.0000,EA,"PLUMBING TRIM FIXTURES - P.O. Level Standard Vanity Faucet - 4"" Spread",False,
Atlanta,ATL,5471-2044-TOWNS-BL,5471-2044-TOWNS-2BL,BASE,BASE0100,,Base House,3606-PLM TRIM FIXT,30336060500,GENERIC,1.0000,EA,PLUMBING TRIM FIXTURES - P.O. Water Heater Electric 50 Gallon,False,
Atlanta,ATL,5471-2044-TOWNS-BL,5471-2044-TOWNS-2BL,BASE,BASE0100,,Base House,5120-TILE LBR/TKY,30551200280,GENERIC,1.0000,EA,TILE LABOR OR TURNKEY - P.O. Labor and Materials to Install Level Standard Wall Tile Shower Recess (3x5 typical) Each,False,
Atlanta,ATL,5471-2044-TOWNS-BL,5471-2044-TOWNS-2BL,BASE,BASE0100,,Base House,5120-TILE LBR/TKY,30551200640,GENERIC,24.0000,SF,TILE LABOR OR TURNKEY - P.O. Labor and Materials to Install Level Standard Backsplash Tile by the Square Foot,False,
Atlanta,ATL,5471-2044-TOWNS-BL,5471-2044-TOWNS-2BL,BASE,BASE0100,,Base House,3620-PLUMBING TRIM,30336200120,GENERIC,18.0000,EA,PLUMBING TRIM - P.O. Labor and Materials Plumbing Installation (Not including Rough and Trim Fixtures) per Fixture - Draw 2,False,
Atlanta,ATL,5471-2044-TOWNS-BL,5471-2044-TOWNS-2BL,BASE,BASE0100,,Base House,3610-PLUMBING ROUGH,30336100100,GENERIC,18.0000,EA,PLUMBING ROUGH - P.O. Labor and Materials Plumbing Installation (Not including Rough and Trim Fixtures) per Fixture - Draw 1,False,
Atlanta,ATL,5471-2044-TOWNS-BL,5471-2044-TOWNS-2BL,BASE,BASE0100,,Base House,3610-PLUMBING ROUGH,30336100180,GENERIC,2.0000,EA,PLUMBING ROUGH - P.O. Tub Protection Per Fixture,False,
Atlanta,ATL,5471-2044-TOWNS-BL,5471-2044-TOWNS-2BL,BASE,BASE0100,,Base House,3610-PLUMBING ROUGH,30336100150,GENERIC,1.0000,EA,PLUMBING ROUGH - P.O. Water Meter Assembly Valves and Brackets Per Code,False,
Atlanta,ATL,5471-2044-TOWNS-BL,5471-2044-TOWNS-2BL,BASE,BASE0100,,Base House,3610-PLUMBING ROUGH,30336100160,GENERIC,1.0000,EA,PLUMBING ROUGH - P.O. Temporary Stand Pipe Water Spigot,False,
Atlanta,ATL,5471-2044-TOWNS-BL,5471-2044-TOWNS-2BL,BASE,BASE0100,,Base House,3605-PLM RGH FIXT,30336050280,GENERIC,1.0000,EA,"PLUMBING ROUGH FIXTURES - P.O. 48"" Shower Receptor without Surround (Left or Right Hand)",False,
Atlanta,ATL,5471-2044-TOWNS-BL,5471-2044-TOWNS-2BL,BASE,BASE0100,,Base House,3605-PLM RGH FIXT,30336050180,GENERIC,2.0000,EA,PLUMBING ROUGH FIXTURES - P.O. Tub Shower with Surround (Left or Right Hand),False,
Atlanta,ATL,5471-2044-TOWNS-BL,5471-2044-TOWNS-2BL,BASE,BASE0100,,Base House,3605-PLM RGH FIXT,30336050490,GENERIC,1.0000,EA,PLUMBING ROUGH FIXTURES - P.O. Washine Machine Box,False,
Atlanta,ATL,5471-2044-TOWNS-BL,5471-2044-TOWNS-2BL,BASE,BASE0100,,Base House,3605-PLM RGH FIXT,30336050215,GENERIC,1.0000,EA,PLUMBING ROUGH FIXTURES - P.O. Icemaker Supply; Box; Shutoff; and Hookup Line,False,
Atlanta,ATL,5471-2044-TOWNS-BL,5471-2044-TOWNS-2BL,BASE,BASE0100,,Base House,3605-PLM RGH FIXT,30336050430,GENERIC,2.0000,EA,PLUMBING ROUGH FIXTURES - P.O. Frost Free Hose Bib,False,
Atlanta,ATL,5471-2044-TOWNS-BL,5471-2044-TOWNS-2BL,BASE,BASE0100,,Base House,3720-ELECTRICAL TRIM,30337200760,GENERIC,20.0000,EA,ELECTRICAL TRIM- P.O. Labor and Materials Electrical Item Installed - Ceiling Mount Light Decorative (Supplied by Others),False,
Atlanta,ATL,5471-2044-TOWNS-BL,5471-2044-TOWNS-2BL,BASE,BASE0100,,Base House,3720-ELECTRICAL TRIM,30337200380,GENERIC,1.0000,EA,ELECTRICAL TRIM- P.O. Labor and Materials Electrical Item Installed - Four Way Switch,False,
Atlanta,ATL,5471-2044-TOWNS-BL,5471-2044-TOWNS-2BL,BASE,BASE0100,,Base House,3720-ELECTRICAL TRIM,30337200840,GENERIC,5.0000,EA,ELECTRICAL TRIM- P.O. Labor and Materials Electrical Item Installed - Wall Mount Light Decorative (Supplied by Others),False,
Atlanta,ATL,5471-2044-TOWNS-BL,5471-2044-TOWNS-2BL,BASE,BASE0100,,Base House,3720-ELECTRICAL TRIM,30337200860,GENERIC,6.0000,EA,ELECTRICAL TRIM- P.O. Labor and Materials Electrical Item Installed - Recess Can Light,False,
Atlanta,ATL,5471-2044-TOWNS-BL,5471-2044-TOWNS-2BL,BASE,BASE0100,,Base House,3720-ELECTRICAL TRIM,30337200900,GENERIC,5.0000,EA,ELECTRICAL TRIM- P.O. Labor and Materials Electrical Item Installed - Exterior Wall Mount Fixture (Supplied by Others),False,
Atlanta,ATL,5471-2044-TOWNS-BL,5471-2044-TOWNS-2BL,BASE,BASE0100,,Base House,3720-ELECTRICAL TRIM,30337200800,GENERIC,12.0000,EA,ELECTRICAL TRIM- P.O. Labor and Materials Electrical Item Installed - Ceiling Mount Light Keyless,False,
Atlanta,ATL,5471-2044-TOWNS-BL,5471-2044-TOWNS-2BL,BASE,BASE0100,,Base House,3720-ELECTRICAL TRIM,30337200140,GENERIC,3.0000,EA,ELECTRICAL TRIM- P.O. Labor and Materials Electrical Item Installed - Reinforced Ceiling Fan Outlet,False,
Atlanta,ATL,5471-2044-TOWNS-BL,5471-2044-TOWNS-2BL,BASE,BASE0100,,Base House,3720-ELECTRICAL TRIM,30337200120,GENERIC,-1.0000,EA,ELECTRICAL TRIM- P.O. Labor and Materials Electrical Item Installed - Ceiling Outlet,False,
Atlanta,ATL,5471-2044-TOWNS-BL,5471-2044-TOWNS-2BL,BASE,BASE0100,,Base House,3720-ELECTRICAL TRIM,30337200880,GENERIC,2.0000,EA,ELECTRICAL TRIM- P.O. Labor and Materials Electrical Item Installed - Interior Ceiling Fan w/ Light Kit (Supplied by Others),False,
Atlanta,ATL,5471-2044-TOWNS-BL,5471-2044-TOWNS-2BL,BASE,BASE0100,,Base House,3720-ELECTRICAL TRIM,30337200540,GENERIC,1.0000,EA,ELECTRICAL TRIM- P.O. Labor and Materials Electrical Item Installed - Bath Fan/Light Combo,False,
Atlanta,ATL,5471-2044-TOWNS-BL,5471-2044-TOWNS-2BL,BASE,BASE0100,,Base House,3720-ELECTRICAL TRIM,30337200520,GENERIC,4.0000,EA,ELECTRICAL TRIM- P.O. Labor and Materials Electrical Item Installed - Bath Fan,False,
Atlanta,ATL,5471-2044-TOWNS-BL,5471-2044-TOWNS-2BL,BASE,BASE0100,,Base House,3720-ELECTRICAL TRIM,30337200480,GENERIC,7.0000,EA,ELECTRICAL TRIM- P.O. Labor and Materials Electrical Item Installed - Smoke Detector,False,
Atlanta,ATL,5471-2044-TOWNS-BL,5471-2044-TOWNS-2BL,BASE,BASE0100,,Base House,3720-ELECTRICAL TRIM,30337200460,GENERIC,2.0000,EA,ELECTRICAL TRIM- P.O. Labor and Materials Electrical Item Installed - Carbon Monoxide Detector,False,
Atlanta,ATL,5471-2044-TOWNS-BL,5471-2044-TOWNS-2BL,BASE,BASE0100,,Base House,3720-ELECTRICAL TRIM,30337200360,GENERIC,18.0000,EA,ELECTRICAL TRIM- P.O. Labor and Materials Electrical Item Installed - Three Way Switch,False,
Atlanta,ATL,5471-2044-TOWNS-BL,5471-2044-TOWNS-2BL,BASE,BASE0100,,Base House,3720-ELECTRICAL TRIM,30337200340,GENERIC,35.0000,EA,ELECTRICAL TRIM- P.O. Labor and Materials Electrical Item Installed - Single Pole Switch,False,
Atlanta,ATL,5471-2044-TOWNS-BL,5471-2044-TOWNS-2BL,BASE,BASE0100,,Base House,3720-ELECTRICAL TRIM,30337200200,GENERIC,47.0000,EA,ELECTRICAL TRIM- P.O. Labor and Materials Electrical Item Installed - Duplex Outlet,False,
Atlanta,ATL,5471-2044-TOWNS-BL,5471-2044-TOWNS-2BL,BASE,BASE0100,,Base House,3720-ELECTRICAL TRIM,30337200180,GENERIC,4.0000,EA,ELECTRICAL TRIM- P.O. Labor and Materials Electrical Item Installed - Duplex Ground Fault (GFI) Weatherproof,False,
Atlanta,ATL,5471-2044-TOWNS-BL,5471-2044-TOWNS-2BL,BASE,BASE0100,,Base House,3720-ELECTRICAL TRIM,30337200160,GENERIC,13.0000,EA,ELECTRICAL TRIM- P.O. Labor and Materials Electrical Item Installed - Duplex Ground Fault (GFI),False,
Atlanta,ATL,5471-2044-TOWNS-BL,5471-2044-TOWNS-2BL,BASE,BASE0100,,Base House,3720-ELECTRICAL TRIM,30337200100,GENERIC,2.0000,EA,ELECTRICAL TRIM- P.O. Labor and Materials Electrical Item Installed - 220 Volt Outlet,False,
Atlanta,ATL,5471-2044-TOWNS-BL,5471-2044-TOWNS-2BL,BASE,BASE0100,,Base House,3720-ELECTRICAL TRIM,30337200220,GENERIC,1.0000,EA,ELECTRICAL TRIM- P.O. Labor and Materials Electrical Item Installed - 1/2 Switched Receptacle,False,
Atlanta,ATL,5471-2044-TOWNS-BL,5471-2044-TOWNS-2BL,BASE,BASE0100,,Base House,3720-ELECTRICAL TRIM,30337200620,GENERIC,1.0000,EA,ELECTRICAL TRIM- P.O. Labor and Materials Electrical Item Installed - Electric Water Heater (Supplied by Others) - Switch as per Code,False,
Atlanta,ATL,5471-2044-TOWNS-BL,5471-2044-TOWNS-2BL,BASE,BASE0100,,Base House,3720-ELECTRICAL TRIM,30337200240,GENERIC,4.0000,EA,ELECTRICAL TRIM- P.O. Labor and Materials Electrical Item Installed - 20 Amp Duplex Outlet (dedicated),False,
Atlanta,ATL,5471-2044-TOWNS-BL,5471-2044-TOWNS-2BL,BASE,BASE0100,,Base House,3720-ELECTRICAL TRIM,30337200590,GENERIC,1.0000,EA,"ELECTRICAL TRIM- P.O. Labor and Materials Electrical Item Installed - Air Conditioner (Supplied by Others) Wiring,Disconnect,and GFCI",False,
Atlanta,ATL,5471-2044-TOWNS-BL,5471-2044-TOWNS-2BL,BASE,BASE0100,,Base House,3720-ELECTRICAL TRIM,30337200550,GENERIC,1.0000,EA,ELECTRICAL TRIM- P.O. Labor and Materials Electrical Item Installed - Doorbell; Transformer; and Chime,False,
Atlanta,ATL,5471-2044-TOWNS-BL,5471-2044-TOWNS-2BL,BASE,BASE0100,,Base House,3720-ELECTRICAL TRIM,30337200700,GENERIC,1.0000,EA,ELECTRICAL TRIM- P.O. Labor and Materials Electrical Item Installed - Meter Can; SEU; Conduit; 200 Amp 42 Circuit Panel,False,
Atlanta,ATL,5471-2044-TOWNS-BL,5471-2044-TOWNS-2BL,BASE,BASE0100,,Base House,3720-ELECTRICAL TRIM,30337200580,GENERIC,1.0000,EA,ELECTRICAL TRIM- P.O. Labor and Materials Electrical Item Installed - Gas Furnace (Supplied by Others),False,
Atlanta,ATL,5471-2044-TOWNS-BL,5471-2044-TOWNS-2BL,BASE,BASE0100,,Base House,3760-LIGHT FIXTURES,30337600100,GENERIC,2.0000,EA,LIGHT FIXTURES - P.O. Level Standard Front Porch Hanging,False,
Atlanta,ATL,5471-2044-TOWNS-BL,5471-2044-TOWNS-2BL,BASE,BASE0100,,Base House,3760-LIGHT FIXTURES,30337600160,GENERIC,1.0000,EA,LIGHT FIXTURES - P.O. Level Standard Foyer Hanging,False,
Atlanta,ATL,5471-2044-TOWNS-BL,5471-2044-TOWNS-2BL,BASE,BASE0100,,Base House,3760-LIGHT FIXTURES,30337600200,GENERIC,15.0000,EA,LIGHT FIXTURES - P.O. Level Standard Hallway; Office; Bedroom,False,
Atlanta,ATL,5471-2044-TOWNS-BL,5471-2044-TOWNS-2BL,BASE,BASE0100,,Base House,3760-LIGHT FIXTURES,30337600240,GENERIC,1.0000,EA,LIGHT FIXTURES - P.O. Level Standard Breakfast Hanging,False,
Atlanta,ATL,5471-2044-TOWNS-BL,5471-2044-TOWNS-2BL,BASE,BASE0100,,Base House,3760-LIGHT FIXTURES,30337600420,GENERIC,1.0000,EA,LIGHT FIXTURES - P.O. Level Standard Vanity Series Master Bath,False,
Atlanta,ATL,5471-2044-TOWNS-BL,5471-2044-TOWNS-2BL,BASE,BASE0100,,Base House,3760-LIGHT FIXTURES,30337600400,GENERIC,4.0000,EA,LIGHT FIXTURES - P.O. Level Standard Vanity Series Hall Bath,False,
Atlanta,ATL,5471-2044-TOWNS-BL,5471-2044-TOWNS-2BL,BASE,BASE0100,,Base House,3760-LIGHT FIXTURES,30337600120,GENERIC,5.0000,EA,LIGHT FIXTURES - P.O. Level Standard Garage Wall Bracket,False,
Atlanta,ATL,5471-2044-TOWNS-BL,5471-2044-TOWNS-2BL,BASE,BASE0100,,Base House,3760-LIGHT FIXTURES,30337600095,GENERIC,11.0000,EA,LIGHT FIXTURES - P.O. Keyless,False,
Atlanta,ATL,5471-2044-TOWNS-BL,5471-2044-TOWNS-2BL,BASE,BASE0100,,Base House,3760-LIGHT FIXTURES,30337600320,GENERIC,2.0000,EA,LIGHT FIXTURES - P.O. Level Standard Interior Ceiling Fan with Light Kit,False,
Atlanta,ATL,5471-2044-TOWNS-BL,5471-2044-TOWNS-2BL,BASE,BASE0100,,Base House,3760-LIGHT FIXTURES,30337600096,GENERIC,7.0000,EA,LIGHT FIXTURES - P.O. Smoke Detector,False,
Atlanta,ATL,5471-2044-TOWNS-BL,5471-2044-TOWNS-2BL,BASE,BASE0100,,Base House,3760-LIGHT FIXTURES,30337600097,GENERIC,2.0000,EA,LIGHT FIXTURES - P.O. Carbon Monixide/Smoke Detector,False,
Atlanta,ATL,5471-2044-TOWNS-BL,5471-2044-TOWNS-2BL,BASE,BASE0100,,Base House,3760-LIGHT FIXTURES,30337600220,GENERIC,1.0000,EA,LIGHT FIXTURES - P.O. Level Standard Dining Room Hanging,False,
Atlanta,ATL,5471-2044-TOWNS-BL,5471-2044-TOWNS-2BL,BASE,BASE0100,,Base House,3760-LIGHT FIXTURES,30337600098,GENERIC,1.0000,EA,LIGHT FIXTURES - P.O. Doorbell Chime,False,
Atlanta,ATL,5471-2044-TOWNS-BL,5471-2044-TOWNS-2BL,BASE,BASE0100,,Base House,3710-ELECTRIC ROUGH,30337100760,GENERIC,20.0000,EA,ELECTRICAL ROUGH- P.O. Labor and Materials Electrical Item Installed - Ceiling Mount Light Decorative (Supplied by Others),False,
Atlanta,ATL,5471-2044-TOWNS-BL,5471-2044-TOWNS-2BL,BASE,BASE0100,,Base House,3710-ELECTRIC ROUGH,30337100380,GENERIC,1.0000,EA,ELECTRICAL ROUGH- P.O. Labor and Materials Electrical Item Installed - Four Way Switch,False,
Atlanta,ATL,5471-2044-TOWNS-BL,5471-2044-TOWNS-2BL,BASE,BASE0100,,Base House,3710-ELECTRIC ROUGH,30337100840,GENERIC,5.0000,EA,ELECTRICAL ROUGH- P.O. Labor and Materials Electrical Item Installed - Wall Mount Light Decorative (Supplied by Others),False,
Atlanta,ATL,5471-2044-TOWNS-BL,5471-2044-TOWNS-2BL,BASE,BASE0100,,Base House,3710-ELECTRIC ROUGH,30337100860,GENERIC,6.0000,EA,ELECTRICAL ROUGH- P.O. Labor and Materials Electrical Item Installed - Recess Can Light,False,
Atlanta,ATL,5471-2044-TOWNS-BL,5471-2044-TOWNS-2BL,BASE,BASE0100,,Base House,3710-ELECTRIC ROUGH,30337100900,GENERIC,5.0000,EA,ELECTRICAL ROUGH- P.O. Labor and Materials Electrical Item Installed - Exterior Wall Mount Fixture (Supplied by Others),False,
Atlanta,ATL,5471-2044-TOWNS-BL,5471-2044-TOWNS-2BL,BASE,BASE0100,,Base House,3710-ELECTRIC ROUGH,30337100800,GENERIC,12.0000,EA,ELECTRICAL ROUGH- P.O. Labor and Materials Electrical Item Installed - Ceiling Mount Light Keyless,False,
Atlanta,ATL,5471-2044-TOWNS-BL,5471-2044-TOWNS-2BL,BASE,BASE0100,,Base House,3710-ELECTRIC ROUGH,30337100140,GENERIC,5.0000,EA,ELECTRICAL ROUGH- P.O. Labor and Materials Electrical Item Installed - Reinforced Ceiling Fan Outlet,False,
Atlanta,ATL,5471-2044-TOWNS-BL,5471-2044-TOWNS-2BL,BASE,BASE0100,,Base House,3710-ELECTRIC ROUGH,30337100120,GENERIC,-3.0000,EA,ELECTRICAL ROUGH- P.O. Labor and Materials Electrical Item Installed - Ceiling Outlet,False,
Atlanta,ATL,5471-2044-TOWNS-BL,5471-2044-TOWNS-2BL,BASE,BASE0100,,Base House,3710-ELECTRIC ROUGH,30337100880,GENERIC,2.0000,EA,ELECTRICAL ROUGH- P.O. Labor and Materials Electrical Item Installed - Interior Ceiling Fan w/ Light Kit (Supplied by Others),False,
Atlanta,ATL,5471-2044-TOWNS-BL,5471-2044-TOWNS-2BL,BASE,BASE0100,,Base House,3710-ELECTRIC ROUGH,30337100540,GENERIC,1.0000,EA,ELECTRICAL ROUGH- P.O. Labor and Materials Electrical Item Installed - Bath Fan/Light Combo,False,
Atlanta,ATL,5471-2044-TOWNS-BL,5471-2044-TOWNS-2BL,BASE,BASE0100,,Base House,3710-ELECTRIC ROUGH,30337100520,GENERIC,4.0000,EA,ELECTRICAL ROUGH- P.O. Labor and Materials Electrical Item Installed - Bath Fan,False,
Atlanta,ATL,5471-2044-TOWNS-BL,5471-2044-TOWNS-2BL,BASE,BASE0100,,Base House,3710-ELECTRIC ROUGH,30337100480,GENERIC,7.0000,EA,ELECTRICAL ROUGH- P.O. Labor and Materials Electrical Item Installed - Smoke Detector,False,
Atlanta,ATL,5471-2044-TOWNS-BL,5471-2044-TOWNS-2BL,BASE,BASE0100,,Base House,3710-ELECTRIC ROUGH,30337100460,GENERIC,2.0000,EA,ELECTRICAL ROUGH- P.O. Labor and Materials Electrical Item Installed - Carbon Monoxide Detector,False,
Atlanta,ATL,5471-2044-TOWNS-BL,5471-2044-TOWNS-2BL,BASE,BASE0100,,Base House,3710-ELECTRIC ROUGH,30337100360,GENERIC,18.0000,EA,ELECTRICAL ROUGH- P.O. Labor and Materials Electrical Item Installed - Three Way Switch,False,
Atlanta,ATL,5471-2044-TOWNS-BL,5471-2044-TOWNS-2BL,BASE,BASE0100,,Base House,3710-ELECTRIC ROUGH,30337100340,GENERIC,35.0000,EA,ELECTRICAL ROUGH- P.O. Labor and Materials Electrical Item Installed - Single Pole Switch,False,
Atlanta,ATL,5471-2044-TOWNS-BL,5471-2044-TOWNS-2BL,BASE,BASE0100,,Base House,3710-ELECTRIC ROUGH,30337100200,GENERIC,47.0000,EA,ELECTRICAL ROUGH- P.O. Labor and Materials Electrical Item Installed - Duplex Outlet,False,
Atlanta,ATL,5471-2044-TOWNS-BL,5471-2044-TOWNS-2BL,BASE,BASE0100,,Base House,3710-ELECTRIC ROUGH,30337100180,GENERIC,4.0000,EA,ELECTRICAL ROUGH- P.O. Labor and Materials Electrical Item Installed - Duplex Ground Fault (GFI) Weatherproof,False,
Atlanta,ATL,5471-2044-TOWNS-BL,5471-2044-TOWNS-2BL,BASE,BASE0100,,Base House,3710-ELECTRIC ROUGH,30337100160,GENERIC,13.0000,EA,ELECTRICAL ROUGH- P.O. Labor and Materials Electrical Item Installed - Duplex Ground Fault (GFI),False,
Atlanta,ATL,5471-2044-TOWNS-BL,5471-2044-TOWNS-2BL,BASE,BASE0100,,Base House,3710-ELECTRIC ROUGH,30337100100,GENERIC,2.0000,EA,ELECTRICAL ROUGH- P.O. Labor and Materials Electrical Item Installed - 220 Volt Outlet,False,
Atlanta,ATL,5471-2044-TOWNS-BL,5471-2044-TOWNS-2BL,BASE,BASE0100,,Base House,3710-ELECTRIC ROUGH,30337100220,GENERIC,1.0000,EA,ELECTRICAL ROUGH- P.O. Labor and Materials Electrical Item Installed - 1/2 Switched Receptacle,False,
Atlanta,ATL,5471-2044-TOWNS-BL,5471-2044-TOWNS-2BL,BASE,BASE0100,,Base House,3710-ELECTRIC ROUGH,30337100620,GENERIC,1.0000,EA,ELECTRICAL ROUGH- P.O. Labor and Materials Electrical Item Installed - Electric Water Heater (Supplied by Others) - Switch as per Code,False,
Atlanta,ATL,5471-2044-TOWNS-BL,5471-2044-TOWNS-2BL,BASE,BASE0100,,Base House,3710-ELECTRIC ROUGH,30337100240,GENERIC,4.0000,EA,ELECTRICAL ROUGH- P.O. Labor and Materials Electrical Item Installed - 20 Amp Duplex Outlet (dedicated),False,
Atlanta,ATL,5471-2044-TOWNS-BL,5471-2044-TOWNS-2BL,BASE,BASE0100,,Base House,3710-ELECTRIC ROUGH,30337100590,GENERIC,1.0000,EA,"ELECTRICAL ROUGH- P.O. Labor and Materials Electrical Item Installed - Air Conditioner (Supplied by Others) Wiring,Disconnect,and GFCI",False,
Atlanta,ATL,5471-2044-TOWNS-BL,5471-2044-TOWNS-2BL,BASE,BASE0100,,Base House,3710-ELECTRIC ROUGH,30337100550,GENERIC,1.0000,EA,ELECTRICAL ROUGH- P.O. Labor and Materials Electrical Item Installed - Doorbell. Transformer; and Chime,False,
Atlanta,ATL,5471-2044-TOWNS-BL,5471-2044-TOWNS-2BL,BASE,BASE0100,,Base House,3710-ELECTRIC ROUGH,30337100700,GENERIC,1.0000,EA,ELECTRICAL ROUGH- P.O. Labor and Materials Electrical Item Installed - Meter Can; SEU; Conduit; 200 Amp 42 Circuit Panel,False,
Atlanta,ATL,5471-2044-TOWNS-BL,5471-2044-TOWNS-2BL,BASE,BASE0100,,Base House,3710-ELECTRIC ROUGH,30337100580,GENERIC,1.0000,EA,ELECTRICAL ROUGH- P.O. Labor and Materials Electrical Item Installed - Gas Furnace (Supplied by Others),False,
Atlanta,ATL,5471-2044-TOWNS-BL,5471-2044-TOWNS-2BL,BASE,BASE0100,,Base House,5010-DRYWALL MAT'L,30550100280,GENERIC,151.0000,EA,DRYWALL MATERIAL - P.O. Square Metal Corner Bead 10',False,
Atlanta,ATL,5471-2044-TOWNS-BL,5471-2044-TOWNS-2BL,BASE,BASE0100,,Base House,5010-DRYWALL MAT'L,30550100200,GENERIC,30.0000,BOX,DRYWALL MATERIAL - P.O. Joint Compound,False,
Atlanta,ATL,5471-2044-TOWNS-BL,5471-2044-TOWNS-2BL,BASE,BASE0100,,Base House,5010-DRYWALL MAT'L,30550100220,GENERIC,1686.0000,BOX,DRYWALL MATERIAL - P.O. Joint Tape (250 lf),False,
Atlanta,ATL,5471-2044-TOWNS-BL,5471-2044-TOWNS-2BL,BASE,BASE0100,,Base House,5010-DRYWALL MAT'L,30550100240,GENERIC,40.0000,BOX,"DRYWALL MATERIAL - P.O. 1 1/4"" Drywall Nails (1 lb box)",False,
Atlanta,ATL,5471-2044-TOWNS-BL,5471-2044-TOWNS-2BL,BASE,BASE0100,,Base House,5010-DRYWALL MAT'L,30550100260,GENERIC,40.0000,EA,"DRYWALL MATERIAL - P.O. 1 1/4"" Drywall Screws (1 lb box)",False,
Atlanta,ATL,5471-2044-TOWNS-BL,5471-2044-TOWNS-2BL,BASE,BASE0100,,Base House,5010-DRYWALL MAT'L,30550100180,GENERIC,19.0000,EA,"DRYWALL MATERIAL - P.O. 48""x12'x5/8"" Ceiling Board",False,
Atlanta,ATL,5471-2044-TOWNS-BL,5471-2044-TOWNS-2BL,BASE,BASE0100,,Base House,5010-DRYWALL MAT'L,30550100110,GENERIC,9469.0000,EA,"DRYWALL MATERIAL - P.O. 54""x12'x1/2"" Wall Board",False,
Atlanta,ATL,5471-2044-TOWNS-BL,5471-2044-TOWNS-2BL,BASE,BASE0100,,Base House,5010-DRYWALL MAT'L,30550100100,GENERIC,195.0000,EA,"DRYWALL MATERIAL - P.O. 48""x12'x1/2"" Wall Board",False,
Atlanta,ATL,5471-2044-TOWNS-BL,5471-2044-TOWNS-2BL,BASE,BASE0100,,Base House,5010-DRYWALL MAT'L,30550100160,GENERIC,61.0000,EA,"DRYWALL MATERIAL - P.O. 48""x12'x1/2"" Ceiling Board",False,
Atlanta,ATL,5471-2044-TOWNS-BL,5471-2044-TOWNS-2BL,BASE,BASE0100,,Base House,2140-MON. SLAB MAT'L,30221400210,GENERIC,83.0000,EA,MONO SLAB MATERIAL- P.O. Simpson Mudsill Anchors Galvanized Each,False,
Atlanta,ATL,5471-2044-TOWNS-BL,5471-2044-TOWNS-2BL,BASE,BASE0100,,Base House,2140-MON. SLAB MAT'L,30221400240,GENERIC,2.0000,ROLL,MONO SLAB MATERIAL- P.O. 6 MIL Visqueen (20'x100' roll) Each,False,
Atlanta,ATL,5471-2044-TOWNS-BL,5471-2044-TOWNS-2BL,BASE,BASE0100,,Base House,2140-MON. SLAB MAT'L,30221400280,GENERIC,4.0000,ROLL,MONO SLAB MATERIAL- P.O. Welded Wire Mesh (650 sf roll) Each,False,
Atlanta,ATL,5471-2044-TOWNS-BL,5471-2044-TOWNS-2BL,BASE,BASE0100,,Base House,2140-MON. SLAB MAT'L,30221400300,GENERIC,4.0000,BAG,MONO SLAB MATERIAL- P.O. Welded Wire Mesh Up Chairs (Bag of 100) Each,False,
Atlanta,ATL,5471-2044-TOWNS-BL,5471-2044-TOWNS-2BL,BASE,BASE0100,,Base House,2140-MON. SLAB MAT'L,30221400260,GENERIC,1.0000,ROLL,"MONO SLAB MATERIAL- P.O. 2"" Duct Tape (100' Roll) Each",False,
Atlanta,ATL,5471-2044-TOWNS-BL,5471-2044-TOWNS-2BL,BASE,BASE0100,,Base House,4240-BRICK LBR/TKY,30442400140,GENERIC,2.0000,EA,BRICK LABOR OR TURNKEY - P.O. Brick Jack Arch,False,
Atlanta,ATL,5471-2044-TOWNS-BL,5471-2044-TOWNS-2BL,BASE,BASE0100,,Base House,4240-BRICK LBR/TKY,30442400120,GENERIC,1.0000,EA,BRICK LABOR OR TURNKEY - P.O. Brick Freestanding Arch,False,
Atlanta,ATL,5471-2044-TOWNS-BL,5471-2044-TOWNS-2BL,BASE,BASE0100,,Base House,4240-BRICK LBR/TKY,30442400100,GENERIC,1.0000,EA,"BRICK LABOR OR TURNKEY - P.O. Brick Labor by the 1,000",False,
Atlanta,ATL,5471-2044-TOWNS-BL,5471-2044-TOWNS-2BL,BASE,BASE0100,,Base House,3820-HVAC TRIM,30338200100,GENERIC,20.0000,EA,HVAC TRIM - P.O. Labor and Materials (Excluding Equipment and Gas Lines) HVAC System - per Room,False,
Atlanta,ATL,5471-2044-TOWNS-BL,5471-2044-TOWNS-2BL,BASE,BASE0100,,Base House,3820-HVAC TRIM,30438200660,GENERIC,2.0000,EA,HVAC TRIM - P.O. Labor and Materials Install Additional Gas Line Drop,False,
Atlanta,ATL,5471-2044-TOWNS-BL,5471-2044-TOWNS-2BL,BASE,BASE0100,,Base House,3820-HVAC TRIM,30438200632,GENERIC,1.0000,EA,HVAC TRIM - P.O. Labor and Materials Install Bath Fan/Light Combo Venting and Terminations,False,
Atlanta,ATL,5471-2044-TOWNS-BL,5471-2044-TOWNS-2BL,BASE,BASE0100,,Base House,3820-HVAC TRIM,30438200634,GENERIC,4.0000,EA,HVAC TRIM - P.O. Labor and Materials Install Bath Fan Venting and Terminations,False,
Atlanta,ATL,5471-2044-TOWNS-BL,5471-2044-TOWNS-2BL,BASE,BASE0100,,Base House,3820-HVAC TRIM,30438200640,GENERIC,1.0000,EA,HVAC TRIM - P.O. Labor and Materials Install Initial Gas Line Drop,False,
Atlanta,ATL,5471-2044-TOWNS-BL,5471-2044-TOWNS-2BL,BASE,BASE0100,,Base House,3300-FRAMING LBR DRAW1,30333000090,GENERIC,2045.0000,SF,FRAMING LABOR DRAW 1 - P.O. Frame Labor by the Basement Square Footage Draw 1,False,
Atlanta,ATL,5471-2044-TOWNS-BL,5471-2044-TOWNS-2BL,BASE,BASE0100,,Base House,3300-FRAMING LBR DRAW1,30333000100,GENERIC,3955.0000,SF,FRAMING LABOR DRAW 1 - P.O. Frame Labor by the Under Roof Square Footage Draw 1,False,
Atlanta,ATL,5471-2044-TOWNS-BL,5471-2044-TOWNS-2BL,BASE,BASE0100,,Base House,2182-POURED WALL LBR,30221820100,GENERIC,38.0000,CY,POURED WALL LABOR - P.O. Poured Wall Slab Labor by Cubic Yard,False,
Atlanta,ATL,5471-2044-TOWNS-BL,5471-2044-TOWNS-2BL,BASE,BASE0100,,Base House,2181-POURED WALL CON,30221810100,GENERIC,38.0000,CY,"POURED WALL CONCRETE - P.O. 3,000 PSI Slab Poured Wall Slab Concrete Delivered to Site per Cubic Yard",False,
Atlanta,ATL,5471-2044-TOWNS-BL,5471-2044-TOWNS-2BL,BASE,BASE0100,,Base House,2181-POURED WALL CON,30221810105,GENERIC,38.0000,CY,POURED WALL CONCRETE - P.O. Environmental Fee,False,
Atlanta,ATL,5471-2044-TOWNS-BL,5471-2044-TOWNS-2BL,BASE,BASE0100,,Base House,2181-POURED WALL CON,30221810110,GENERIC,38.0000,CY,POURED WALL CONCRETE - P.O. Fuel Surcharge,False,
Atlanta,ATL,5471-2044-TOWNS-BL,5471-2044-TOWNS-2BL,BASE,BASE0100,,Base House,2180-POURED WALL MAT,30221800100,GENERIC,1070.0000,EA,POURED WALL MATERIAL - P.O. #4 Rebar 20' Length Each,False,
Atlanta,ATL,5471-2044-TOWNS-BL,5471-2044-TOWNS-2BL,BASE,BASE0100,,Base House,2180-POURED WALL MAT,30221800140,GENERIC,25.0000,EA,POURED WALL MATERIAL - P.O. Simpson MASA Strap Each,False,
Atlanta,ATL,5471-2044-TOWNS-BL,5471-2044-TOWNS-2BL,BASE,BASE0100,,Base House,3201-FRAME MAT'L 1ST,30332012740,GENERIC,2.0000,EA,FRAMING MATERIAL 1ST - P.O.  6 X 6 X 16 Pressure Treated,False,
Atlanta,ATL,5471-2044-TOWNS-BL,5471-2044-TOWNS-2BL,BASE,BASE0100,,Base House,3201-FRAME MAT'L 1ST,30332012440,GENERIC,3.0000,EA,FRAMING MATERIAL 1ST - P.O.  2 X 12 X 16 Pressure Treated,False,
Atlanta,ATL,5471-2044-TOWNS-BL,5471-2044-TOWNS-2BL,BASE,BASE0100,,Base House,3201-FRAME MAT'L 1ST,30332012220,GENERIC,10.0000,EA,FRAMING MATERIAL 1ST - P.O.  2 X 6 X 16 Pressure Treated,False,
Atlanta,ATL,5471-2044-TOWNS-BL,5471-2044-TOWNS-2BL,BASE,BASE0100,,Base House,3201-FRAME MAT'L 1ST,30332010820,GENERIC,24.0000,EA,FRAMING MATERIAL 1ST - P.O.  2 X 6 X 16 #3 SPF,False,
Atlanta,ATL,5471-2044-TOWNS-BL,5471-2044-TOWNS-2BL,BASE,BASE0100,,Base House,3201-FRAME MAT'L 1ST,30332011460,GENERIC,6.0000,EA,FRAMING MATERIAL 1ST - P.O.  2 X 6 X 18 #2 SPF,False,
Atlanta,ATL,5471-2044-TOWNS-BL,5471-2044-TOWNS-2BL,BASE,BASE0100,,Base House,3201-FRAME MAT'L 1ST,30332010680,GENERIC,151.0000,EA,FRAMING MATERIAL 1ST - P.O.  2 X 4 X 16 #3 SPF,False,
Atlanta,ATL,5471-2044-TOWNS-BL,5471-2044-TOWNS-2BL,BASE,BASE0100,,Base House,3201-FRAME MAT'L 1ST,30332012160,GENERIC,44.0000,EA,FRAMING MATERIAL 1ST - P.O.  2 X 4 X 16 Pressure Treated,False,
Atlanta,ATL,5471-2044-TOWNS-BL,5471-2044-TOWNS-2BL,BASE,BASE0100,,Base House,3201-FRAME MAT'L 1ST,30332010700,GENERIC,44.0000,EA,FRAMING MATERIAL 1ST - P.O.  2 X 4 X 18 #3 SPF,False,
Atlanta,ATL,5471-2044-TOWNS-BL,5471-2044-TOWNS-2BL,BASE,BASE0100,,Base House,3201-FRAME MAT'L 1ST,30332010400,GENERIC,24.0000,EA,FRAMING MATERIAL 1ST - P.O.  2 X 4 X 10 Pre-Cut Studs,False,
Atlanta,ATL,5471-2044-TOWNS-BL,5471-2044-TOWNS-2BL,BASE,BASE0100,,Base House,3201-FRAME MAT'L 1ST,30332010380,GENERIC,801.0000,EA,FRAMING MATERIAL 1ST - P.O.  2 X 4 X 9 Pre-Cut Studs,False,
Atlanta,ATL,5471-2044-TOWNS-BL,5471-2044-TOWNS-2BL,BASE,BASE0100,,Base House,3201-FRAME MAT'L 1ST,30332010440,GENERIC,96.0000,EA,FRAMING MATERIAL 1ST - P.O.  2 X 6 X 9 Pre-Cut Studs,False,
Atlanta,ATL,5471-2044-TOWNS-BL,5471-2044-TOWNS-2BL,BASE,BASE0100,,Base House,3201-FRAME MAT'L 1ST,30332010760,GENERIC,23.0000,EA,FRAMING MATERIAL 1ST - P.O.  2 X 6 X 10 #3 SPF,False,
Atlanta,ATL,5471-2044-TOWNS-BL,5471-2044-TOWNS-2BL,BASE,BASE0100,,Base House,3201-FRAME MAT'L 1ST,30332015480,GENERIC,8.0000,EA,FRAMING MATERIAL 1ST - P.O.  PAHD42 Slab Anchor,False,
Atlanta,ATL,5471-2044-TOWNS-BL,5471-2044-TOWNS-2BL,BASE,BASE0100,,Base House,3201-FRAME MAT'L 1ST,30332015500,GENERIC,4.0000,EA,FRAMING MATERIAL 1ST - P.O.  LSTA24 Straps,False,
Atlanta,ATL,5471-2044-TOWNS-BL,5471-2044-TOWNS-2BL,BASE,BASE0100,,Base House,3201-FRAME MAT'L 1ST,30332011580,GENERIC,2.0000,EA,FRAMING MATERIAL 1ST - P.O.  2 X 8 X 8 #2 SPF,False,
Atlanta,ATL,5471-2044-TOWNS-BL,5471-2044-TOWNS-2BL,BASE,BASE0100,,Base House,3201-FRAME MAT'L 1ST,30332011660,GENERIC,1.0000,EA,FRAMING MATERIAL 1ST - P.O.  2 X 8 X 16 #2 SPF,False,
Atlanta,ATL,5471-2044-TOWNS-BL,5471-2044-TOWNS-2BL,BASE,BASE0100,,Base House,3201-FRAME MAT'L 1ST,30332010340,GENERIC,100.0000,EA,FRAMING MATERIAL 1ST - P.O.  3/4 T&G WEYERHAUSER EDGE GOLD,False,
Atlanta,ATL,5471-2044-TOWNS-BL,5471-2044-TOWNS-2BL,BASE,BASE0100,,Base House,3201-FRAME MAT'L 1ST,30332012900,GENERIC,25.0000,EA,FRAMING MATERIAL 1ST - P.O.  SUBFLOOR ADHESVIE,False,
Atlanta,ATL,5471-2044-TOWNS-BL,5471-2044-TOWNS-2BL,BASE,BASE0100,,Base House,3201-FRAME MAT'L 1ST,30332011960,GENERIC,4.0000,EA,FRAMING MATERIAL 1ST - P.O.  2 X 12 X 12 #2 YP,False,
Atlanta,ATL,5471-2044-TOWNS-BL,5471-2044-TOWNS-2BL,BASE,BASE0100,,Base House,3201-FRAME MAT'L 1ST,30332015020,GENERIC,1.0000,BOX,FRAMING MATERIAL 1ST - P.O.  8 D Cut Hot Dipped Galvinized 5 LB Box (8CUTMAS5 TN MKT),False,
Atlanta,ATL,5471-2044-TOWNS-BL,5471-2044-TOWNS-2BL,BASE,BASE0100,,Base House,3201-FRAME MAT'L 1ST,30332011440,GENERIC,13.0000,EA,FRAMING MATERIAL 1ST - P.O.  2 X 6 X 16 #2 SPF,False,
Atlanta,ATL,5471-2044-TOWNS-BL,5471-2044-TOWNS-2BL,BASE,BASE0100,,Base House,2310-WATERPROOFING,30223000100,GENERIC,1111.0000,SF,WATERPROOFING - P.O. 40 MIL Waterprrofing Membrane by Square Feet,False,
Atlanta,ATL,5471-2044-TOWNS-BL,5471-2044-TOWNS-2BL,BASE,BASE0100,,Base House,4230-BRICK MATERIAL,30442300300,GENERIC,2.0000,EA,BRICK MATERIAL - P.O. Lintel 3 X 3.5 X 36,False,
Atlanta,ATL,5471-2044-TOWNS-BL,5471-2044-TOWNS-2BL,BASE,BASE0100,,Base House,4230-BRICK MATERIAL,30442300460,GENERIC,1.0000,EA,BRICK MATERIAL - P.O. Lintel 3.5 X 5 X 24,False,
Atlanta,ATL,5471-2044-TOWNS-BL,5471-2044-TOWNS-2BL,BASE,BASE0100,,Base House,4230-BRICK MATERIAL,30442300100,GENERIC,1194.0000,EA,BRICK MATERIAL - P.O. Queen Brick by the Brick (520 per Cube; 5.5 per square foot),False,
Atlanta,ATL,5471-2044-TOWNS-BL,5471-2044-TOWNS-2BL,BASE,BASE0100,,Base House,4230-BRICK MATERIAL,30442300160,GENERIC,7.0000,BAG,BRICK MATERIAL - P.O. Mortar Type N - Ivorie (1 bag per 33 Square Foot),False,
Atlanta,ATL,5471-2044-TOWNS-BL,5471-2044-TOWNS-2BL,BASE,BASE0100,,Base House,4230-BRICK MATERIAL,30442300180,GENERIC,2.0000,TON,"BRICK MATERIAL - P.O. Fine Brick Mason Sand - One Ton Bag (1 ton per 1,000 brick)",False,
Atlanta,ATL,5471-2044-TOWNS-BL,5471-2044-TOWNS-2BL,BASE,BASE0100,,Base House,4230-BRICK MATERIAL,30442300200,GENERIC,1.0000,BOX,BRICK MATERIAL - P.O. Corrugated Brick Wall Ties - Box of 250,False,
Atlanta,ATL,5471-2044-TOWNS-BL,5471-2044-TOWNS-2BL,BASE,BASE0100,,Base House,2121-SLAB PUMPING,30221210120,GENERIC,43.0000,CY,SLAB PUMPING - P.O. Rental Concrete Pump Truck per Cubic Yard,False,
Atlanta,ATL,5471-2044-TOWNS-BL,5471-2044-TOWNS-2BL,BASE,BASE0100,,Base House,2121-SLAB PUMPING,30221210100,GENERIC,3.0000,HR,SLAB PUMPING - P.O. Rental Concrete Pump Truck per Hour,False,
Atlanta,ATL,5471-2044-TOWNS-BL,5471-2044-TOWNS-2BL,BASE,BASE0100,,Base House,2104-FOUNDATION FORM,30221040120,GENERIC,6.0000,EA,FOUNDATION FORM MATERIAL - P.O.  2 X 6 X 16 #3,False,
Atlanta,ATL,5471-2044-TOWNS-BL,5471-2044-TOWNS-2BL,BASE,BASE0100,,Base House,2104-FOUNDATION FORM,30221040100,GENERIC,14.0000,EA,FOUNDATION FORM MATERIAL - P.O.  2 X 4 X 16 #3,False,
Atlanta,ATL,5471-2044-TOWNS-BL,5471-2044-TOWNS-2BL,BASE,BASE0100,,Base House,2104-FOUNDATION FORM,30221040140,GENERIC,2.0000,EA,FOUNDATION FORM MATERIAL - P.O.  2 X 8 X 16 #3,False,
Atlanta,ATL,5471-2044-TOWNS-BL,5471-2044-TOWNS-2BL,BASE,BASE0100,,Base House,2141-MON. SLAB CONC,30221410100,GENERIC,43.0000,CY,"MONO SLAB CONCRETE - P.O. 3,000 PSI Slab MonoSlab Concrete Delivered to Site Per Cubic Yard",False,
Atlanta,ATL,5471-2044-TOWNS-BL,5471-2044-TOWNS-2BL,BASE,BASE0100,,Base House,2141-MON. SLAB CONC,30221410105,GENERIC,5.0000,EA,MONO SLAB CONCRETE - P.O. Environmental Fee,False,
Atlanta,ATL,5471-2044-TOWNS-BL,5471-2044-TOWNS-2BL,BASE,BASE0100,,Base House,2141-MON. SLAB CONC,30221410110,GENERIC,5.0000,EA,MONO SLAB CONCRETE - P.O. Fuel Surcharge,False,
Atlanta,ATL,5471-2044-TOWNS-BL,5471-2044-TOWNS-2BL,BASE,BASE0100,,Base House,2510-TERMITE PROTECT,30225000100,GENERIC,1.0000,EA,TERMITE TREATMENT - P.O. Labor and Materials Boracare Installation,False,
Atlanta,ATL,5471-2044-TOWNS-BL,5471-2044-TOWNS-2BL,BASE,BASE0100,,Base House,1200-SLAB PREP,30112000100,GENERIC,1.0000,EA,SLAB PREP - P.O. Scrape Lot and Prep Lot for Slab Form,False,
Atlanta,ATL,5471-2044-TOWNS-BL,5471-2044-TOWNS-2BL,BASE,BASE0100,,Base House,4910-EXTERIOR PAINT,30449100340,GENERIC,346.0000,LF,EXTERIOR PAINTING TURNKEY - P.O. Cement Board Siding Trim Painting by the Lineal Foot,False,
Atlanta,ATL,5471-2044-TOWNS-BL,5471-2044-TOWNS-2BL,BASE,BASE0100,,Base House,4910-EXTERIOR PAINT,30449100380,GENERIC,3.0000,EA,EXTERIOR PAINTING TURNKEY - P.O. Masonry Lintel Painting Each,False,
Atlanta,ATL,5471-2044-TOWNS-BL,5471-2044-TOWNS-2BL,BASE,BASE0100,,Base House,4910-EXTERIOR PAINT,30449100220,GENERIC,6.0000,EA,EXTERIOR PAINTING TURNKEY - P.O. Decorative Trim (Decorative Gable Vents; Capitals; Corbels; etc) Staining Each,False,
Atlanta,ATL,5471-2044-TOWNS-BL,5471-2044-TOWNS-2BL,BASE,BASE0100,,Base House,4910-EXTERIOR PAINT,30449100240,GENERIC,6.0000,EA,EXTERIOR PAINTING TURNKEY - P.O. Exterior Door Painting Each,False,
Atlanta,ATL,5471-2044-TOWNS-BL,5471-2044-TOWNS-2BL,BASE,BASE0100,,Base House,4910-EXTERIOR PAINT,30449100270,GENERIC,2.0000,EA,EXTERIOR PAINTING TURNKEY - P.O. Garage Door Painting Each,False,
Atlanta,ATL,5471-2044-TOWNS-BL,5471-2044-TOWNS-2BL,BASE,BASE0100,,Base House,4910-EXTERIOR PAINT,30449100100,GENERIC,3259.0000,SF,EXTERIOR PAINTING TURNKEY - P.O. Primed Cement Board Siding Painting by the Square Foot,False,
Atlanta,ATL,5471-2044-TOWNS-BL,5471-2044-TOWNS-2BL,BASE,BASE0100,,Base House,3202-FRAME MAT'L 2ND,30332020680,GENERIC,24.0000,EA,FRAMING MATERIAL 2ND - P.O.  2 X 4 X 16 #3 SPF,False,
Atlanta,ATL,5471-2044-TOWNS-BL,5471-2044-TOWNS-2BL,BASE,BASE0100,,Base House,3202-FRAME MAT'L 2ND,30332020360,GENERIC,184.0000,EA,FRAMING MATERIAL 2ND - P.O.  2 X 4 X 8 Pre-Cut Studs,False,
Atlanta,ATL,5471-2044-TOWNS-BL,5471-2044-TOWNS-2BL,BASE,BASE0100,,Base House,3202-FRAME MAT'L 2ND,30332020820,GENERIC,29.0000,EA,FRAMING MATERIAL 2ND - P.O.  2 X 6 X 16 #3 SPF,False,
Atlanta,ATL,5471-2044-TOWNS-BL,5471-2044-TOWNS-2BL,BASE,BASE0100,,Base House,3202-FRAME MAT'L 2ND,30332021020,GENERIC,21.0000,EA,FRAMING MATERIAL 2ND - P.O.  2 X 8 X 16 #3 SPF,False,
Atlanta,ATL,5471-2044-TOWNS-BL,5471-2044-TOWNS-2BL,BASE,BASE0100,,Base House,3202-FRAME MAT'L 2ND,30332021440,GENERIC,9.0000,EA,FRAMING MATERIAL 2ND - P.O.  2 X 6 X 16 #2 SPF,False,
Atlanta,ATL,5471-2044-TOWNS-BL,5471-2044-TOWNS-2BL,BASE,BASE0100,,Base House,3202-FRAME MAT'L 2ND,30332025600,GENERIC,143.0000,EA,FRAMING MATERIAL 2ND - P.O.  H2.5 Hurrican Rafter Tie,False,
Atlanta,ATL,5471-2044-TOWNS-BL,5471-2044-TOWNS-2BL,BASE,BASE0100,,Base House,3202-FRAME MAT'L 2ND,30332020420,GENERIC,16.0000,EA,FRAMING MATERIAL 2ND - P.O.  2 X 6 X 8 Pre-Cut Studs,False,
Atlanta,ATL,5471-2044-TOWNS-BL,5471-2044-TOWNS-2BL,BASE,BASE0100,,Base House,3202-FRAME MAT'L 2ND,30332020260,GENERIC,336.0000,EA,"FRAMING MATERIAL 2ND - P.O.  7/16"" OSB",False,
Atlanta,ATL,5471-2044-TOWNS-BL,5471-2044-TOWNS-2BL,BASE,BASE0100,,Base House,3202-FRAME MAT'L 2ND,30332025620,GENERIC,3.0000,EA,"FRAMING MATERIAL 2ND - P.O.  7/16"" Plywood Clips (1 Box- 250 pcs)",False,
Atlanta,ATL,5471-2044-TOWNS-BL,5471-2044-TOWNS-2BL,BASE,BASE0100,,Base House,4131-SIDING LBR/TKY,30441310220,GENERIC,302.0000,LF,SIDING LABOR OR TURNKEY - P.O. Vinyl Soffit - Royal Triple 4 Traditional Soffit Fully Vented by Lineal Feet,False,
Atlanta,ATL,5471-2044-TOWNS-BL,5471-2044-TOWNS-2BL,BASE,BASE0100,,Base House,4131-SIDING LBR/TKY,30441310300,GENERIC,19.0000,EA,SIDING LABOR OR TURNKEY - P.O. James Hardie  Trim Boards  - 5/4x6x16 - Primed,False,
Atlanta,ATL,5471-2044-TOWNS-BL,5471-2044-TOWNS-2BL,BASE,BASE0100,,Base House,4131-SIDING LBR/TKY,30441310660,GENERIC,3.0000,EA,SIDING LABOR OR TURNKEY - P.O. Cedar Corbel - 4x4,False,
Atlanta,ATL,5471-2044-TOWNS-BL,5471-2044-TOWNS-2BL,BASE,BASE0100,,Base House,4131-SIDING LBR/TKY,30441310600,GENERIC,3.0000,EA,SIDING LABOR OR TURNKEY - P.O. Pitched Wood Gable Bracket,False,
Atlanta,ATL,5471-2044-TOWNS-BL,5471-2044-TOWNS-2BL,BASE,BASE0100,,Base House,4131-SIDING LBR/TKY,30441310700,GENERIC,49.0000,SQ,SIDING LABOR OR TURNKEY - P.O. Housewrap - Techwrap by the Square (Includes seam tape),False,
Atlanta,ATL,5471-2044-TOWNS-BL,5471-2044-TOWNS-2BL,BASE,BASE0100,,Base House,4131-SIDING LBR/TKY,30441310240,GENERIC,139.0000,LF,SIDING LABOR OR TURNKEY - P.O. Vinyl Soffit - Royal Triple 4 Traditional Soffit Solid by Lineal Feet,False,
Atlanta,ATL,5471-2044-TOWNS-BL,5471-2044-TOWNS-2BL,BASE,BASE0100,,Base House,4131-SIDING LBR/TKY,30441310320,GENERIC,4.0000,EA,SIDING LABOR OR TURNKEY - P.O. James Hardie Trim Boards  - 5/4x8x16 - Primed,False,
Atlanta,ATL,5471-2044-TOWNS-BL,5471-2044-TOWNS-2BL,BASE,BASE0100,,Base House,4131-SIDING LBR/TKY,30441310280,GENERIC,4.0000,EA,SIDING LABOR OR TURNKEY - P.O. James Hardie Trim Boards - 5/4x4x16 - Primed,False,
Atlanta,ATL,5471-2044-TOWNS-BL,5471-2044-TOWNS-2BL,BASE,BASE0100,,Base House,4131-SIDING LBR/TKY,30441310270,GENERIC,53.0000,LF,SIDING LABOR OR TURNKEY - P.O. ACM Trim Coil Water Table Flashing (Color to match Siding) by the Lineal Foot,False,
Atlanta,ATL,5471-2044-TOWNS-BL,5471-2044-TOWNS-2BL,BASE,BASE0100,,Base House,4131-SIDING LBR/TKY,30441310370,GENERIC,1.0000,EA,SIDING LABOR OR TURNKEY - P.O. James Hardie Trim Boards  - 4x8x1/2 - Primed,False,
Atlanta,ATL,5471-2044-TOWNS-BL,5471-2044-TOWNS-2BL,BASE,BASE0100,,Base House,4131-SIDING LBR/TKY,30441310100,GENERIC,37.0000,SQ,"SIDING LABOR OR TURNKEY - P.O. Cemplank by James Hardie Select Cedarmill 8.25"" Lap Siding (7"" exposure) per Square - Primed",False,
Atlanta,ATL,5471-2044-TOWNS-BL,5471-2044-TOWNS-2BL,BASE,BASE0100,,Base House,4131-SIDING LBR/TKY,30441310120,GENERIC,2.0000,SQ,SIDING LABOR OR TURNKEY - P.O. James Hardie Board n Batten 4'x10' Sheets 1x2 Batten Strips per Square - Primed,False,
Atlanta,ATL,5471-2044-TOWNS-BL,5471-2044-TOWNS-2BL,BASE,BASE0100,,Base House,4131-SIDING LBR/TKY,30441310260,GENERIC,435.0000,LF,"SIDING LABOR OR TURNKEY - P.O. ACM Trim Coil 24"" x 50' Roll (Color to match Trim) by Lineal Feet",False,
Atlanta,ATL,5471-2044-TOWNS-BL,5471-2044-TOWNS-2BL,BASE,BASE0100,,Base House,4131-SIDING LBR/TKY,30441310540,GENERIC,6.0000,PR,SIDING LABOR OR TURNKEY - P.O. Mid America Vinyl Board n Batten Shutter (size per plan),False,
Atlanta,ATL,5471-2044-TOWNS-BL,5471-2044-TOWNS-2BL,BASE,BASE0100,,Base House,4130-SIDING MATERIAL,30441300220,GENERIC,302.0000,LF,SIDING MATERIAL - P.O. Vinyl Soffit - Royal Triple 4 Traditional Soffit Fully Vented by the Lineal Foot,False,
Atlanta,ATL,5471-2044-TOWNS-BL,5471-2044-TOWNS-2BL,BASE,BASE0100,,Base House,4130-SIDING MATERIAL,30441300300,GENERIC,19.0000,EA,SIDING MATERIAL - P.O. James Hardie  Trim Boards  - 5/4x6x16 - Primed,False,
Atlanta,ATL,5471-2044-TOWNS-BL,5471-2044-TOWNS-2BL,BASE,BASE0100,,Base House,4130-SIDING MATERIAL,30441300660,GENERIC,3.0000,EA,SIDING MATERIAL - P.O. Cedar Corbel - 4x4,False,
Atlanta,ATL,5471-2044-TOWNS-BL,5471-2044-TOWNS-2BL,BASE,BASE0100,,Base House,4130-SIDING MATERIAL,30441300640,GENERIC,3.0000,EA,SIDING MATERIAL - P.O. Pitched Wood Gable Bracket,False,
Atlanta,ATL,5471-2044-TOWNS-BL,5471-2044-TOWNS-2BL,BASE,BASE0100,,Base House,4130-SIDING MATERIAL,30441300700,GENERIC,49.0000,SQ,SIDING MATERIAL - P.O. Housewrap - Techwrap by the Square (Includes seam tape),False,
Atlanta,ATL,5471-2044-TOWNS-BL,5471-2044-TOWNS-2BL,BASE,BASE0100,,Base House,4130-SIDING MATERIAL,30441300240,GENERIC,139.0000,LF,SIDING MATERIAL - P.O. Vinyl Soffit - Royal Triple 4 Traditional Soffit Solid by the Lineal Foot,False,
Atlanta,ATL,5471-2044-TOWNS-BL,5471-2044-TOWNS-2BL,BASE,BASE0100,,Base House,4130-SIDING MATERIAL,30441300320,GENERIC,4.0000,EA,SIDING MATERIAL - P.O. James Hardie Trim Boards  - 5/4x8x16 - Primed,False,
Atlanta,ATL,5471-2044-TOWNS-BL,5471-2044-TOWNS-2BL,BASE,BASE0100,,Base House,4130-SIDING MATERIAL,30441300280,GENERIC,4.0000,EA,SIDING MATERIAL - P.O. James Hardie Trim Boards - 5/4x4x16 - Primed,False,
Atlanta,ATL,5471-2044-TOWNS-BL,5471-2044-TOWNS-2BL,BASE,BASE0100,,Base House,4130-SIDING MATERIAL,30441300270,GENERIC,53.0000,LF,SIDING MATERIAL - P.O. ACM Trim Coil Water Table Flashing (Color to match Siding) by the Lineal Foot,False,
Atlanta,ATL,5471-2044-TOWNS-BL,5471-2044-TOWNS-2BL,BASE,BASE0100,,Base House,4130-SIDING MATERIAL,30441300370,GENERIC,1.0000,EA,SIDING MATERIAL - P.O. James Hardie Trim Boards  - 4x8x1/2 - Primed,False,
Atlanta,ATL,5471-2044-TOWNS-BL,5471-2044-TOWNS-2BL,BASE,BASE0100,,Base House,4130-SIDING MATERIAL,30441300100,GENERIC,37.0000,SQ,"SIDING MATERIAL - P.O. Cemplank by James Hardie Select Cedarmill 8.25"" Lap Siding (7"" exposure) per Square - Primed",False,
Atlanta,ATL,5471-2044-TOWNS-BL,5471-2044-TOWNS-2BL,BASE,BASE0100,,Base House,4130-SIDING MATERIAL,30441300120,GENERIC,2.0000,SQ,SIDING MATERIAL - P.O. James Hardie Board n Batten 4'x10' Sheets 1x2 Batten Strips per Square - Primed,False,
Atlanta,ATL,5471-2044-TOWNS-BL,5471-2044-TOWNS-2BL,BASE,BASE0100,,Base House,4130-SIDING MATERIAL,30441300260,GENERIC,435.0000,LF,"SIDING MATERIAL - P.O. ACM Trim Coil 24"" x 50' Roll (Color to match Trim) by the Lineal Foot",False,
Atlanta,ATL,5471-2044-TOWNS-BL,5471-2044-TOWNS-2BL,BASE,BASE0100,,Base House,4130-SIDING MATERIAL,30441300540,GENERIC,6.0000,PR,SIDING MATERIAL - P.O. Mid America Vinyl Board n Batten Shutter (size per plan),False,
Atlanta,ATL,5471-2044-TOWNS-BL,5471-2044-TOWNS-2BL,BASE,BASE0100,,Base House,4030-MTL ROOF LBR/TK,30440300120,GENERIC,19.0000,LF,METAL ROOFING LABOR OR TURNKEY - P.O. Labor to Install Brick Counter Flashing by the Lineal Foot,False,
Atlanta,ATL,5471-2044-TOWNS-BL,5471-2044-TOWNS-2BL,BASE,BASE0100,,Base House,4030-MTL ROOF LBR/TK,30440300140,GENERIC,1.0000,EA,METAL ROOFING LABOR OR TURNKEY - P.O. Roof Inpsection and Punchout,False,
Atlanta,ATL,5471-2044-TOWNS-BL,5471-2044-TOWNS-2BL,BRICK WRAP - 3 SIDES - SIDE LOAD GARAGE CONDITION (EXCLUDES CHIMNEY),1SO0300BRICKWRA0110,BASE,BRICK WRAP - 3 SIDES - SIDE LOAD GARAGE CONDITION (EXCLUDES CHIMNEY),2112-SAND,30221120120,GENERIC,2.0000,CY,SAND - P.O. Fine Brick Mason Sand per Cubic Yard,False,
Atlanta,ATL,5471-2044-TOWNS-BL,5471-2044-TOWNS-2BL,BRICK WRAP - 3 SIDES - SIDE LOAD GARAGE CONDITION (EXCLUDES CHIMNEY),1SO0300BRICKWRA0110,BASE,BRICK WRAP - 3 SIDES - SIDE LOAD GARAGE CONDITION (EXCLUDES CHIMNEY),4230-BRICK MATERIAL,30442300180,GENERIC,-2.0000,TON,"BRICK MATERIAL - P.O. Fine Brick Mason Sand - One Ton Bag (1 ton per 1,000 brick)",False,
Atlanta,ATL,5471-2044-TOWNS-BL,5471-2044-TOWNS-2BL,BRICK WRAP - 3 SIDES - SIDE LOAD GARAGE CONDITION (EXCLUDES CHIMNEY),1SO0300BRICKWRA0110,BRK_3,BRICK WRAP - 3 SIDES - SIDE LOAD GARAGE CONDITION (EXCLUDES CHIMNEY),4230-BRICK MATERIAL,30442300180,GENERIC,-10.0000,TON,"BRICK MATERIAL - P.O. Fine Brick Mason Sand - One Ton Bag (1 ton per 1,000 brick)",False,
Atlanta,ATL,5471-2044-TOWNS-BL,5471-2044-TOWNS-2BL,BRICK WRAP - 3 SIDES - SIDE LOAD GARAGE CONDITION (EXCLUDES CHIMNEY),1SO0300BRICKWRA0110,BRK_3,BRICK WRAP - 3 SIDES - SIDE LOAD GARAGE CONDITION (EXCLUDES CHIMNEY),2112-SAND,30221120120,GENERIC,13.0000,CY,SAND - P.O. Fine Brick Mason Sand per Cubic Yard,False,
Atlanta,ATL,5471-2044-TOWNS-BL,5471-2044-TOWNS-2BL,BRICK WRAP - 3 SIDES - SIDE LOAD GARAGE CONDITION (EXCLUDES CHIMNEY),1SO0300BRICKWRA0110,BRK_4,BRICK WRAP - 3 SIDES - SIDE LOAD GARAGE CONDITION (EXCLUDES CHIMNEY),4230-BRICK MATERIAL,30442300180,GENERIC,-18.0000,TON,"BRICK MATERIAL - P.O. Fine Brick Mason Sand - One Ton Bag (1 ton per 1,000 brick)",False,
Atlanta,ATL,5471-2044-TOWNS-BL,5471-2044-TOWNS-2BL,BRICK WRAP - 3 SIDES - SIDE LOAD GARAGE CONDITION (EXCLUDES CHIMNEY),1SO0300BRICKWRA0110,BRK_4,BRICK WRAP - 3 SIDES - SIDE LOAD GARAGE CONDITION (EXCLUDES CHIMNEY),2112-SAND,30221120120,GENERIC,25.0000,CY,SAND - P.O. Fine Brick Mason Sand per Cubic Yard,False,
Atlanta,ATL,5471-2044-TOWNS-BL,5471-2044-TOWNS-2BL,BRICK WRAP - 3 SIDES - THREE CAR GARAGE CONDITION (EXCLUDES CHIMNEY),1SO0300BRICKWRA0120,BASE,BRICK WRAP - 3 SIDES - THREE CAR GARAGE CONDITION (EXCLUDES CHIMNEY),2112-SAND,30221120120,GENERIC,2.0000,CY,SAND - P.O. Fine Brick Mason Sand per Cubic Yard,False,
Atlanta,ATL,5471-2044-TOWNS-BL,5471-2044-TOWNS-2BL,BRICK WRAP - 3 SIDES - THREE CAR GARAGE CONDITION (EXCLUDES CHIMNEY),1SO0300BRICKWRA0120,BASE,BRICK WRAP - 3 SIDES - THREE CAR GARAGE CONDITION (EXCLUDES CHIMNEY),4230-BRICK MATERIAL,30442300180,GENERIC,-2.0000,TON,"BRICK MATERIAL - P.O. Fine Brick Mason Sand - One Ton Bag (1 ton per 1,000 brick)",False,
Atlanta,ATL,5471-2044-TOWNS-BL,5471-2044-TOWNS-2BL,BRICK WRAP - 3 SIDES - THREE CAR GARAGE CONDITION (EXCLUDES CHIMNEY),1SO0300BRICKWRA0120,BRK_3,BRICK WRAP - 3 SIDES - THREE CAR GARAGE CONDITION (EXCLUDES CHIMNEY),4230-BRICK MATERIAL,30442300180,GENERIC,-10.0000,TON,"BRICK MATERIAL - P.O. Fine Brick Mason Sand - One Ton Bag (1 ton per 1,000 brick)",False,
Atlanta,ATL,5471-2044-TOWNS-BL,5471-2044-TOWNS-2BL,BRICK WRAP - 3 SIDES - THREE CAR GARAGE CONDITION (EXCLUDES CHIMNEY),1SO0300BRICKWRA0120,BRK_3,BRICK WRAP - 3 SIDES - THREE CAR GARAGE CONDITION (EXCLUDES CHIMNEY),2112-SAND,30221120120,GENERIC,13.0000,CY,SAND - P.O. Fine Brick Mason Sand per Cubic Yard,False,
Atlanta,ATL,5471-2044-TOWNS-BL,5471-2044-TOWNS-2BL,BRICK WRAP - 3 SIDES - THREE CAR GARAGE CONDITION (EXCLUDES CHIMNEY),1SO0300BRICKWRA0120,BRK_4,BRICK WRAP - 3 SIDES - THREE CAR GARAGE CONDITION (EXCLUDES CHIMNEY),4230-BRICK MATERIAL,30442300180,GENERIC,-18.0000,TON,"BRICK MATERIAL - P.O. Fine Brick Mason Sand - One Ton Bag (1 ton per 1,000 brick)",False,
Atlanta,ATL,5471-2044-TOWNS-BL,5471-2044-TOWNS-2BL,BRICK WRAP - 3 SIDES - THREE CAR GARAGE CONDITION (EXCLUDES CHIMNEY),1SO0300BRICKWRA0120,BRK_4,BRICK WRAP - 3 SIDES - THREE CAR GARAGE CONDITION (EXCLUDES CHIMNEY),2112-SAND,30221120120,GENERIC,25.0000,CY,SAND - P.O. Fine Brick Mason Sand per Cubic Yard,False,
Atlanta,ATL,5471-2044-TOWNS-BL,5471-2044-TOWNS-2BL,BRICK WRAP - 3 SIDES WATER TABLE - FRONT LOAD GARAGE CONDITION (EXCLUDES CHIMNEY),1SO0300BRICKWRA0130,BASE,BRICK WRAP - 3 SIDES WATER TABLE - FRONT LOAD GARAGE CONDITION (EXCLUDES CHIMNEY),2112-SAND,30221120120,GENERIC,2.0000,CY,SAND - P.O. Fine Brick Mason Sand per Cubic Yard,False,
Atlanta,ATL,5471-2044-TOWNS-BL,5471-2044-TOWNS-2BL,BRICK WRAP - 3 SIDES WATER TABLE - FRONT LOAD GARAGE CONDITION (EXCLUDES CHIMNEY),1SO0300BRICKWRA0130,BASE,BRICK WRAP - 3 SIDES WATER TABLE - FRONT LOAD GARAGE CONDITION (EXCLUDES CHIMNEY),4230-BRICK MATERIAL,30442300180,GENERIC,-2.0000,TON,"BRICK MATERIAL - P.O. Fine Brick Mason Sand - One Ton Bag (1 ton per 1,000 brick)",False,
Atlanta,ATL,5471-2044-TOWNS-BL,5471-2044-TOWNS-2BL,BRICK WRAP - 3 SIDES WATER TABLE - FRONT LOAD GARAGE CONDITION (EXCLUDES CHIMNEY),1SO0300BRICKWRA0130,BRK_3,BRICK WRAP - 3 SIDES WATER TABLE - FRONT LOAD GARAGE CONDITION (EXCLUDES CHIMNEY),4230-BRICK MATERIAL,30442300180,GENERIC,-10.0000,TON,"BRICK MATERIAL - P.O. Fine Brick Mason Sand - One Ton Bag (1 ton per 1,000 brick)",False,
Atlanta,ATL,5471-2044-TOWNS-BL,5471-2044-TOWNS-2BL,BRICK WRAP - 3 SIDES WATER TABLE - FRONT LOAD GARAGE CONDITION (EXCLUDES CHIMNEY),1SO0300BRICKWRA0130,BRK_3,BRICK WRAP - 3 SIDES WATER TABLE - FRONT LOAD GARAGE CONDITION (EXCLUDES CHIMNEY),2112-SAND,30221120120,GENERIC,13.0000,CY,SAND - P.O. Fine Brick Mason Sand per Cubic Yard,False,
Atlanta,ATL,5471-2044-TOWNS-BL,5471-2044-TOWNS-2BL,BRICK WRAP - 3 SIDES WATER TABLE - FRONT LOAD GARAGE CONDITION (EXCLUDES CHIMNEY),1SO0300BRICKWRA0130,BRK_4,BRICK WRAP - 3 SIDES WATER TABLE - FRONT LOAD GARAGE CONDITION (EXCLUDES CHIMNEY),4230-BRICK MATERIAL,30442300180,GENERIC,-18.0000,TON,"BRICK MATERIAL - P.O. Fine Brick Mason Sand - One Ton Bag (1 ton per 1,000 brick)",False,
Atlanta,ATL,5471-2044-TOWNS-BL,5471-2044-TOWNS-2BL,BRICK WRAP - 3 SIDES WATER TABLE - FRONT LOAD GARAGE CONDITION (EXCLUDES CHIMNEY),1SO0300BRICKWRA0130,BRK_4,BRICK WRAP - 3 SIDES WATER TABLE - FRONT LOAD GARAGE CONDITION (EXCLUDES CHIMNEY),2112-SAND,30221120120,GENERIC,25.0000,CY,SAND - P.O. Fine Brick Mason Sand per Cubic Yard,False,
Atlanta,ATL,5471-2044-TOWNS-BL,5471-2044-TOWNS-2BL,BRICK WRAP - 3 SIDES WATER TABLE - SIDE LOAD GARAGE CONDITION (EXCLUDES CHIMNEY),1SO0300BRICKWRA0140,BASE,BRICK WRAP - 3 SIDES WATER TABLE - SIDE LOAD GARAGE CONDITION (EXCLUDES CHIMNEY),2112-SAND,30221120120,GENERIC,2.0000,CY,SAND - P.O. Fine Brick Mason Sand per Cubic Yard,False,
Atlanta,ATL,5471-2044-TOWNS-BL,5471-2044-TOWNS-2BL,BRICK WRAP - 3 SIDES WATER TABLE - SIDE LOAD GARAGE CONDITION (EXCLUDES CHIMNEY),1SO0300BRICKWRA0140,BASE,BRICK WRAP - 3 SIDES WATER TABLE - SIDE LOAD GARAGE CONDITION (EXCLUDES CHIMNEY),4230-BRICK MATERIAL,30442300180,GENERIC,-2.0000,TON,"BRICK MATERIAL - P.O. Fine Brick Mason Sand - One Ton Bag (1 ton per 1,000 brick)",False,
Atlanta,ATL,5471-2044-TOWNS-BL,5471-2044-TOWNS-2BL,BRICK WRAP - 3 SIDES WATER TABLE - SIDE LOAD GARAGE CONDITION (EXCLUDES CHIMNEY),1SO0300BRICKWRA0140,BRK_3,BRICK WRAP - 3 SIDES WATER TABLE - SIDE LOAD GARAGE CONDITION (EXCLUDES CHIMNEY),4230-BRICK MATERIAL,30442300180,GENERIC,-10.0000,TON,"BRICK MATERIAL - P.O. Fine Brick Mason Sand - One Ton Bag (1 ton per 1,000 brick)",False,
Atlanta,ATL,5471-2044-TOWNS-BL,5471-2044-TOWNS-2BL,BRICK WRAP - 3 SIDES WATER TABLE - SIDE LOAD GARAGE CONDITION (EXCLUDES CHIMNEY),1SO0300BRICKWRA0140,BRK_3,BRICK WRAP - 3 SIDES WATER TABLE - SIDE LOAD GARAGE CONDITION (EXCLUDES CHIMNEY),2112-SAND,30221120120,GENERIC,13.0000,CY,SAND - P.O. Fine Brick Mason Sand per Cubic Yard,False,
Atlanta,ATL,5471-2044-TOWNS-BL,5471-2044-TOWNS-2BL,BRICK WRAP - 3 SIDES WATER TABLE - SIDE LOAD GARAGE CONDITION (EXCLUDES CHIMNEY),1SO0300BRICKWRA0140,BRK_4,BRICK WRAP - 3 SIDES WATER TABLE - SIDE LOAD GARAGE CONDITION (EXCLUDES CHIMNEY),4230-BRICK MATERIAL,30442300180,GENERIC,-18.0000,TON,"BRICK MATERIAL - P.O. Fine Brick Mason Sand - One Ton Bag (1 ton per 1,000 brick)",False,
Atlanta,ATL,5471-2044-TOWNS-BL,5471-2044-TOWNS-2BL,BRICK WRAP - 3 SIDES WATER TABLE - SIDE LOAD GARAGE CONDITION (EXCLUDES CHIMNEY),1SO0300BRICKWRA0140,BRK_4,BRICK WRAP - 3 SIDES WATER TABLE - SIDE LOAD GARAGE CONDITION (EXCLUDES CHIMNEY),2112-SAND,30221120120,GENERIC,25.0000,CY,SAND - P.O. Fine Brick Mason Sand per Cubic Yard,False,
Atlanta,ATL,5471-2044-TOWNS-BL,5471-2044-TOWNS-2BL,BRICK WRAP - 3 SIDES WATER TABLE - THREE CAR GARAGE CONDITION (EXCLUDES CHIMNEY),1SO0300BRICKWRA0150,BASE,BRICK WRAP - 3 SIDES WATER TABLE - THREE CAR GARAGE CONDITION (EXCLUDES CHIMNEY),2112-SAND,30221120120,GENERIC,2.0000,CY,SAND - P.O. Fine Brick Mason Sand per Cubic Yard,False,
Atlanta,ATL,5471-2044-TOWNS-BL,5471-2044-TOWNS-2BL,BRICK WRAP - 3 SIDES WATER TABLE - THREE CAR GARAGE CONDITION (EXCLUDES CHIMNEY),1SO0300BRICKWRA0150,BASE,BRICK WRAP - 3 SIDES WATER TABLE - THREE CAR GARAGE CONDITION (EXCLUDES CHIMNEY),4230-BRICK MATERIAL,30442300180,GENERIC,-2.0000,TON,"BRICK MATERIAL - P.O. Fine Brick Mason Sand - One Ton Bag (1 ton per 1,000 brick)",False,
Atlanta,ATL,5471-2044-TOWNS-BL,5471-2044-TOWNS-2BL,BRICK WRAP - 3 SIDES WATER TABLE - THREE CAR GARAGE CONDITION (EXCLUDES CHIMNEY),1SO0300BRICKWRA0150,BRK_3,BRICK WRAP - 3 SIDES WATER TABLE - THREE CAR GARAGE CONDITION (EXCLUDES CHIMNEY),4230-BRICK MATERIAL,30442300180,GENERIC,-10.0000,TON,"BRICK MATERIAL - P.O. Fine Brick Mason Sand - One Ton Bag (1 ton per 1,000 brick)",False,
Atlanta,ATL,5471-2044-TOWNS-BL,5471-2044-TOWNS-2BL,BRICK WRAP - 3 SIDES WATER TABLE - THREE CAR GARAGE CONDITION (EXCLUDES CHIMNEY),1SO0300BRICKWRA0150,BRK_3,BRICK WRAP - 3 SIDES WATER TABLE - THREE CAR GARAGE CONDITION (EXCLUDES CHIMNEY),2112-SAND,30221120120,GENERIC,13.0000,CY,SAND - P.O. Fine Brick Mason Sand per Cubic Yard,False,
Atlanta,ATL,5471-2044-TOWNS-BL,5471-2044-TOWNS-2BL,BRICK WRAP - 3 SIDES WATER TABLE - THREE CAR GARAGE CONDITION (EXCLUDES CHIMNEY),1SO0300BRICKWRA0150,BRK_4,BRICK WRAP - 3 SIDES WATER TABLE - THREE CAR GARAGE CONDITION (EXCLUDES CHIMNEY),4230-BRICK MATERIAL,30442300180,GENERIC,-18.0000,TON,"BRICK MATERIAL - P.O. Fine Brick Mason Sand - One Ton Bag (1 ton per 1,000 brick)",False,
Atlanta,ATL,5471-2044-TOWNS-BL,5471-2044-TOWNS-2BL,BRICK WRAP - 3 SIDES WATER TABLE - THREE CAR GARAGE CONDITION (EXCLUDES CHIMNEY),1SO0300BRICKWRA0150,BRK_4,BRICK WRAP - 3 SIDES WATER TABLE - THREE CAR GARAGE CONDITION (EXCLUDES CHIMNEY),2112-SAND,30221120120,GENERIC,25.0000,CY,SAND - P.O. Fine Brick Mason Sand per Cubic Yard,False,
Atlanta,ATL,5471-2044-TOWNS-BL,5471-2044-TOWNS-2BL,BRICK WRAP - 4 SIDES - SIDE LOAD GARAGE CONDITION (EXCLUDES CHIMNEY),1SO0300BRICKWRA0170,BASE,BRICK WRAP - 4 SIDES - SIDE LOAD GARAGE CONDITION (EXCLUDES CHIMNEY),2112-SAND,30221120120,GENERIC,2.0000,CY,SAND - P.O. Fine Brick Mason Sand per Cubic Yard,False,
Atlanta,ATL,5471-2044-TOWNS-BL,5471-2044-TOWNS-2BL,BRICK WRAP - 4 SIDES - SIDE LOAD GARAGE CONDITION (EXCLUDES CHIMNEY),1SO0300BRICKWRA0170,BASE,BRICK WRAP - 4 SIDES - SIDE LOAD GARAGE CONDITION (EXCLUDES CHIMNEY),4230-BRICK MATERIAL,30442300180,GENERIC,-2.0000,TON,"BRICK MATERIAL - P.O. Fine Brick Mason Sand - One Ton Bag (1 ton per 1,000 brick)",False,
Atlanta,ATL,5471-2044-TOWNS-BL,5471-2044-TOWNS-2BL,BRICK WRAP - 4 SIDES - SIDE LOAD GARAGE CONDITION (EXCLUDES CHIMNEY),1SO0300BRICKWRA0170,BRK_3,BRICK WRAP - 4 SIDES - SIDE LOAD GARAGE CONDITION (EXCLUDES CHIMNEY),4230-BRICK MATERIAL,30442300180,GENERIC,-10.0000,TON,"BRICK MATERIAL - P.O. Fine Brick Mason Sand - One Ton Bag (1 ton per 1,000 brick)",False,
Atlanta,ATL,5471-2044-TOWNS-BL,5471-2044-TOWNS-2BL,BRICK WRAP - 4 SIDES - SIDE LOAD GARAGE CONDITION (EXCLUDES CHIMNEY),1SO0300BRICKWRA0170,BRK_3,BRICK WRAP - 4 SIDES - SIDE LOAD GARAGE CONDITION (EXCLUDES CHIMNEY),2112-SAND,30221120120,GENERIC,13.0000,CY,SAND - P.O. Fine Brick Mason Sand per Cubic Yard,False,
Atlanta,ATL,5471-2044-TOWNS-BL,5471-2044-TOWNS-2BL,BRICK WRAP - 4 SIDES - SIDE LOAD GARAGE CONDITION (EXCLUDES CHIMNEY),1SO0300BRICKWRA0170,BRK_4,BRICK WRAP - 4 SIDES - SIDE LOAD GARAGE CONDITION (EXCLUDES CHIMNEY),4230-BRICK MATERIAL,30442300180,GENERIC,-18.0000,TON,"BRICK MATERIAL - P.O. Fine Brick Mason Sand - One Ton Bag (1 ton per 1,000 brick)",False,
Atlanta,ATL,5471-2044-TOWNS-BL,5471-2044-TOWNS-2BL,BRICK WRAP - 4 SIDES - SIDE LOAD GARAGE CONDITION (EXCLUDES CHIMNEY),1SO0300BRICKWRA0170,BRK_4,BRICK WRAP - 4 SIDES - SIDE LOAD GARAGE CONDITION (EXCLUDES CHIMNEY),2112-SAND,30221120120,GENERIC,25.0000,CY,SAND - P.O. Fine Brick Mason Sand per Cubic Yard,False,
Atlanta,ATL,5471-2044-TOWNS-BL,5471-2044-TOWNS-2BL,BRICK WRAP - 4 SIDES - THREE CAR GARAGE CONDITION (EXCLUDES CHIMNEY),1SO0300BRICKWRA0180,BASE,BRICK WRAP - 4 SIDES - THREE CAR GARAGE CONDITION (EXCLUDES CHIMNEY),2112-SAND,30221120120,GENERIC,2.0000,CY,SAND - P.O. Fine Brick Mason Sand per Cubic Yard,False,
Atlanta,ATL,5471-2044-TOWNS-BL,5471-2044-TOWNS-2BL,BRICK WRAP - 4 SIDES - THREE CAR GARAGE CONDITION (EXCLUDES CHIMNEY),1SO0300BRICKWRA0180,BASE,BRICK WRAP - 4 SIDES - THREE CAR GARAGE CONDITION (EXCLUDES CHIMNEY),4230-BRICK MATERIAL,30442300180,GENERIC,-2.0000,TON,"BRICK MATERIAL - P.O. Fine Brick Mason Sand - One Ton Bag (1 ton per 1,000 brick)",False,
Atlanta,ATL,5471-2044-TOWNS-BL,5471-2044-TOWNS-2BL,BRICK WRAP - 4 SIDES - THREE CAR GARAGE CONDITION (EXCLUDES CHIMNEY),1SO0300BRICKWRA0180,BRK_3,BRICK WRAP - 4 SIDES - THREE CAR GARAGE CONDITION (EXCLUDES CHIMNEY),4230-BRICK MATERIAL,30442300180,GENERIC,-10.0000,TON,"BRICK MATERIAL - P.O. Fine Brick Mason Sand - One Ton Bag (1 ton per 1,000 brick)",False,
Atlanta,ATL,5471-2044-TOWNS-BL,5471-2044-TOWNS-2BL,BRICK WRAP - 4 SIDES - THREE CAR GARAGE CONDITION (EXCLUDES CHIMNEY),1SO0300BRICKWRA0180,BRK_3,BRICK WRAP - 4 SIDES - THREE CAR GARAGE CONDITION (EXCLUDES CHIMNEY),2112-SAND,30221120120,GENERIC,13.0000,CY,SAND - P.O. Fine Brick Mason Sand per Cubic Yard,False,
Atlanta,ATL,5471-2044-TOWNS-BL,5471-2044-TOWNS-2BL,BRICK WRAP - 4 SIDES - THREE CAR GARAGE CONDITION (EXCLUDES CHIMNEY),1SO0300BRICKWRA0180,BRK_4,BRICK WRAP - 4 SIDES - THREE CAR GARAGE CONDITION (EXCLUDES CHIMNEY),4230-BRICK MATERIAL,30442300180,GENERIC,-18.0000,TON,"BRICK MATERIAL - P.O. Fine Brick Mason Sand - One Ton Bag (1 ton per 1,000 brick)",False,
Atlanta,ATL,5471-2044-TOWNS-BL,5471-2044-TOWNS-2BL,BRICK WRAP - 4 SIDES - THREE CAR GARAGE CONDITION (EXCLUDES CHIMNEY),1SO0300BRICKWRA0180,BRK_4,BRICK WRAP - 4 SIDES - THREE CAR GARAGE CONDITION (EXCLUDES CHIMNEY),2112-SAND,30221120120,GENERIC,25.0000,CY,SAND - P.O. Fine Brick Mason Sand per Cubic Yard,False,
Atlanta,ATL,5471-2044-TOWNS-BL,5471-2044-TOWNS-2BL,BRICK WRAP - 4 SIDES WATER TABLE - FRONT LOAD GARAGE CONDITION (EXCLUDES CHIMNEY),1SO0300BRICKWRA0190,BASE,BRICK WRAP - 4 SIDES WATER TABLE - FRONT LOAD GARAGE CONDITION (EXCLUDES CHIMNEY),2112-SAND,30221120120,GENERIC,2.0000,CY,SAND - P.O. Fine Brick Mason Sand per Cubic Yard,False,
Atlanta,ATL,5471-2044-TOWNS-BL,5471-2044-TOWNS-2BL,BRICK WRAP - 4 SIDES WATER TABLE - FRONT LOAD GARAGE CONDITION (EXCLUDES CHIMNEY),1SO0300BRICKWRA0190,BASE,BRICK WRAP - 4 SIDES WATER TABLE - FRONT LOAD GARAGE CONDITION (EXCLUDES CHIMNEY),4230-BRICK MATERIAL,30442300180,GENERIC,-2.0000,TON,"BRICK MATERIAL - P.O. Fine Brick Mason Sand - One Ton Bag (1 ton per 1,000 brick)",False,
Atlanta,ATL,5471-2044-TOWNS-BL,5471-2044-TOWNS-2BL,BRICK WRAP - 4 SIDES WATER TABLE - FRONT LOAD GARAGE CONDITION (EXCLUDES CHIMNEY),1SO0300BRICKWRA0190,BRK_3,BRICK WRAP - 4 SIDES WATER TABLE - FRONT LOAD GARAGE CONDITION (EXCLUDES CHIMNEY),4230-BRICK MATERIAL,30442300180,GENERIC,-10.0000,TON,"BRICK MATERIAL - P.O. Fine Brick Mason Sand - One Ton Bag (1 ton per 1,000 brick)",False,
Atlanta,ATL,5471-2044-TOWNS-BL,5471-2044-TOWNS-2BL,BRICK WRAP - 4 SIDES WATER TABLE - FRONT LOAD GARAGE CONDITION (EXCLUDES CHIMNEY),1SO0300BRICKWRA0190,BRK_3,BRICK WRAP - 4 SIDES WATER TABLE - FRONT LOAD GARAGE CONDITION (EXCLUDES CHIMNEY),2112-SAND,30221120120,GENERIC,13.0000,CY,SAND - P.O. Fine Brick Mason Sand per Cubic Yard,False,
Atlanta,ATL,5471-2044-TOWNS-BL,5471-2044-TOWNS-2BL,BRICK WRAP - 4 SIDES WATER TABLE - FRONT LOAD GARAGE CONDITION (EXCLUDES CHIMNEY),1SO0300BRICKWRA0190,BRK_4,BRICK WRAP - 4 SIDES WATER TABLE - FRONT LOAD GARAGE CONDITION (EXCLUDES CHIMNEY),4230-BRICK MATERIAL,30442300180,GENERIC,-18.0000,TON,"BRICK MATERIAL - P.O. Fine Brick Mason Sand - One Ton Bag (1 ton per 1,000 brick)",False,
Atlanta,ATL,5471-2044-TOWNS-BL,5471-2044-TOWNS-2BL,BRICK WRAP - 4 SIDES WATER TABLE - FRONT LOAD GARAGE CONDITION (EXCLUDES CHIMNEY),1SO0300BRICKWRA0190,BRK_4,BRICK WRAP - 4 SIDES WATER TABLE - FRONT LOAD GARAGE CONDITION (EXCLUDES CHIMNEY),2112-SAND,30221120120,GENERIC,25.0000,CY,SAND - P.O. Fine Brick Mason Sand per Cubic Yard,False,
Atlanta,ATL,5471-2044-TOWNS-BL,5471-2044-TOWNS-2BL,BRICK WRAP - 4 SIDES WATER TABLE - SIDE LOAD GARAGE CONDITION (EXCLUDES CHIMNEY),1SO0300BRICKWRA0200,BASE,BRICK WRAP - 4 SIDES WATER TABLE - SIDE LOAD GARAGE CONDITION (EXCLUDES CHIMNEY),2112-SAND,30221120120,GENERIC,2.0000,CY,SAND - P.O. Fine Brick Mason Sand per Cubic Yard,False,
Atlanta,ATL,5471-2044-TOWNS-BL,5471-2044-TOWNS-2BL,BRICK WRAP - 4 SIDES WATER TABLE - SIDE LOAD GARAGE CONDITION (EXCLUDES CHIMNEY),1SO0300BRICKWRA0200,BASE,BRICK WRAP - 4 SIDES WATER TABLE - SIDE LOAD GARAGE CONDITION (EXCLUDES CHIMNEY),4230-BRICK MATERIAL,30442300180,GENERIC,-2.0000,TON,"BRICK MATERIAL - P.O. Fine Brick Mason Sand - One Ton Bag (1 ton per 1,000 brick)",False,
Atlanta,ATL,5471-2044-TOWNS-BL,5471-2044-TOWNS-2BL,BRICK WRAP - 4 SIDES WATER TABLE - SIDE LOAD GARAGE CONDITION (EXCLUDES CHIMNEY),1SO0300BRICKWRA0200,BRK_3,BRICK WRAP - 4 SIDES WATER TABLE - SIDE LOAD GARAGE CONDITION (EXCLUDES CHIMNEY),4230-BRICK MATERIAL,30442300180,GENERIC,-10.0000,TON,"BRICK MATERIAL - P.O. Fine Brick Mason Sand - One Ton Bag (1 ton per 1,000 brick)",False,
Atlanta,ATL,5471-2044-TOWNS-BL,5471-2044-TOWNS-2BL,BRICK WRAP - 4 SIDES WATER TABLE - SIDE LOAD GARAGE CONDITION (EXCLUDES CHIMNEY),1SO0300BRICKWRA0200,BRK_3,BRICK WRAP - 4 SIDES WATER TABLE - SIDE LOAD GARAGE CONDITION (EXCLUDES CHIMNEY),2112-SAND,30221120120,GENERIC,13.0000,CY,SAND - P.O. Fine Brick Mason Sand per Cubic Yard,False,
Atlanta,ATL,5471-2044-TOWNS-BL,5471-2044-TOWNS-2BL,BRICK WRAP - 4 SIDES WATER TABLE - SIDE LOAD GARAGE CONDITION (EXCLUDES CHIMNEY),1SO0300BRICKWRA0200,BRK_4,BRICK WRAP - 4 SIDES WATER TABLE - SIDE LOAD GARAGE CONDITION (EXCLUDES CHIMNEY),4230-BRICK MATERIAL,30442300180,GENERIC,-18.0000,TON,"BRICK MATERIAL - P.O. Fine Brick Mason Sand - One Ton Bag (1 ton per 1,000 brick)",False,
Atlanta,ATL,5471-2044-TOWNS-BL,5471-2044-TOWNS-2BL,BRICK WRAP - 4 SIDES WATER TABLE - SIDE LOAD GARAGE CONDITION (EXCLUDES CHIMNEY),1SO0300BRICKWRA0200,BRK_4,BRICK WRAP - 4 SIDES WATER TABLE - SIDE LOAD GARAGE CONDITION (EXCLUDES CHIMNEY),2112-SAND,30221120120,GENERIC,25.0000,CY,SAND - P.O. Fine Brick Mason Sand per Cubic Yard,False,
Atlanta,ATL,5471-2044-TOWNS-BL,5471-2044-TOWNS-2BL,BRICK WRAP - 4 SIDES WATER TABLE - THREE CAR GARAGE CONDITION (EXCLUDES CHIMNEY),1SO0300BRICKWRA0210,BASE,BRICK WRAP - 4 SIDES WATER TABLE - THREE CAR GARAGE CONDITION (EXCLUDES CHIMNEY),2112-SAND,30221120120,GENERIC,2.0000,CY,SAND - P.O. Fine Brick Mason Sand per Cubic Yard,False,
Atlanta,ATL,5471-2044-TOWNS-BL,5471-2044-TOWNS-2BL,BRICK WRAP - 4 SIDES WATER TABLE - THREE CAR GARAGE CONDITION (EXCLUDES CHIMNEY),1SO0300BRICKWRA0210,BASE,BRICK WRAP - 4 SIDES WATER TABLE - THREE CAR GARAGE CONDITION (EXCLUDES CHIMNEY),4230-BRICK MATERIAL,30442300180,GENERIC,-2.0000,TON,"BRICK MATERIAL - P.O. Fine Brick Mason Sand - One Ton Bag (1 ton per 1,000 brick)",False,
Atlanta,ATL,5471-2044-TOWNS-BL,5471-2044-TOWNS-2BL,BRICK WRAP - 4 SIDES WATER TABLE - THREE CAR GARAGE CONDITION (EXCLUDES CHIMNEY),1SO0300BRICKWRA0210,BRK_3,BRICK WRAP - 4 SIDES WATER TABLE - THREE CAR GARAGE CONDITION (EXCLUDES CHIMNEY),4230-BRICK MATERIAL,30442300180,GENERIC,-10.0000,TON,"BRICK MATERIAL - P.O. Fine Brick Mason Sand - One Ton Bag (1 ton per 1,000 brick)",False,
Atlanta,ATL,5471-2044-TOWNS-BL,5471-2044-TOWNS-2BL,BRICK WRAP - 4 SIDES WATER TABLE - THREE CAR GARAGE CONDITION (EXCLUDES CHIMNEY),1SO0300BRICKWRA0210,BRK_3,BRICK WRAP - 4 SIDES WATER TABLE - THREE CAR GARAGE CONDITION (EXCLUDES CHIMNEY),2112-SAND,30221120120,GENERIC,13.0000,CY,SAND - P.O. Fine Brick Mason Sand per Cubic Yard,False,
Atlanta,ATL,5471-2044-TOWNS-BL,5471-2044-TOWNS-2BL,BRICK WRAP - 4 SIDES WATER TABLE - THREE CAR GARAGE CONDITION (EXCLUDES CHIMNEY),1SO0300BRICKWRA0210,BRK_4,BRICK WRAP - 4 SIDES WATER TABLE - THREE CAR GARAGE CONDITION (EXCLUDES CHIMNEY),4230-BRICK MATERIAL,30442300180,GENERIC,-18.0000,TON,"BRICK MATERIAL - P.O. Fine Brick Mason Sand - One Ton Bag (1 ton per 1,000 brick)",False,
Atlanta,ATL,5471-2044-TOWNS-BL,5471-2044-TOWNS-2BL,BRICK WRAP - 4 SIDES WATER TABLE - THREE CAR GARAGE CONDITION (EXCLUDES CHIMNEY),1SO0300BRICKWRA0210,BRK_4,BRICK WRAP - 4 SIDES WATER TABLE - THREE CAR GARAGE CONDITION (EXCLUDES CHIMNEY),2112-SAND,30221120120,GENERIC,25.0000,CY,SAND - P.O. Fine Brick Mason Sand per Cubic Yard,False,
Atlanta,ATL,5471-2044-TOWNS-BL,5471-2044-TOWNS-2BL,BRK_3,1SO0300BRICKWRA0100,BASE,BRICK WRAP - 3 SIDES - FRONT LOAD GARAGE CONDITION (EXCLUDES CHIMNEY),2112-SAND,30221120120,GENERIC,2.0000,CY,SAND - P.O. Fine Brick Mason Sand per Cubic Yard,False,
Atlanta,ATL,5471-2044-TOWNS-BL,5471-2044-TOWNS-2BL,BRK_3,1SO0300BRICKWRA0100,BASE,BRICK WRAP - 3 SIDES - FRONT LOAD GARAGE CONDITION (EXCLUDES CHIMNEY),4230-BRICK MATERIAL,30442300180,GENERIC,-2.0000,TON,"BRICK MATERIAL - P.O. Fine Brick Mason Sand - One Ton Bag (1 ton per 1,000 brick)",False,
Atlanta,ATL,5471-2044-TOWNS-BL,5471-2044-TOWNS-2BL,BRK_3,1SO0300BRICKWRA0100,,BRICK WRAP - 3 SIDES - FRONT LOAD GARAGE CONDITION (EXCLUDES CHIMNEY),2112-SAND,30221120120,GENERIC,13.0000,CY,SAND - P.O. Fine Brick Mason Sand per Cubic Yard,False,
Atlanta,ATL,5471-2044-TOWNS-BL,5471-2044-TOWNS-2BL,BRK_3,1SO0300BRICKWRA0100,,BRICK WRAP - 3 SIDES - FRONT LOAD GARAGE CONDITION (EXCLUDES CHIMNEY),4030-MTL ROOF LBR/TK,30440300120,GENERIC,-10.0000,LF,METAL ROOFING LABOR OR TURNKEY - P.O. Labor to Install Brick Counter Flashing by the Lineal Foot,False,
Atlanta,ATL,5471-2044-TOWNS-BL,5471-2044-TOWNS-2BL,BRK_3,1SO0300BRICKWRA0100,,BRICK WRAP - 3 SIDES - FRONT LOAD GARAGE CONDITION (EXCLUDES CHIMNEY),2104-FOUNDATION FORM,30221040100,GENERIC,1.0000,EA,FOUNDATION FORM MATERIAL - P.O.  2 X 4 X 16 #3,False,
Atlanta,ATL,5471-2044-TOWNS-BL,5471-2044-TOWNS-2BL,BRK_3,1SO0300BRICKWRA0100,,BRICK WRAP - 3 SIDES - FRONT LOAD GARAGE CONDITION (EXCLUDES CHIMNEY),2104-FOUNDATION FORM,30221040120,GENERIC,1.0000,EA,FOUNDATION FORM MATERIAL - P.O.  2 X 6 X 16 #3,False,
Atlanta,ATL,5471-2044-TOWNS-BL,5471-2044-TOWNS-2BL,BRK_3,1SO0300BRICKWRA0100,,BRICK WRAP - 3 SIDES - FRONT LOAD GARAGE CONDITION (EXCLUDES CHIMNEY),2141-MON. SLAB CONC,30221410110,GENERIC,1.0000,EA,MONO SLAB CONCRETE - P.O. Fuel Surcharge,False,
Atlanta,ATL,5471-2044-TOWNS-BL,5471-2044-TOWNS-2BL,BRK_3,1SO0300BRICKWRA0100,,BRICK WRAP - 3 SIDES - FRONT LOAD GARAGE CONDITION (EXCLUDES CHIMNEY),2141-MON. SLAB CONC,30221410105,GENERIC,1.0000,EA,MONO SLAB CONCRETE - P.O. Environmental Fee,False,
Atlanta,ATL,5471-2044-TOWNS-BL,5471-2044-TOWNS-2BL,BRK_3,1SO0300BRICKWRA0100,,BRICK WRAP - 3 SIDES - FRONT LOAD GARAGE CONDITION (EXCLUDES CHIMNEY),2141-MON. SLAB CONC,30221410100,GENERIC,1.0000,CY,"MONO SLAB CONCRETE - P.O. 3,000 PSI Slab MonoSlab Concrete Delivered to Site Per Cubic Yard",False,
Atlanta,ATL,5471-2044-TOWNS-BL,5471-2044-TOWNS-2BL,BRK_3,1SO0300BRICKWRA0100,,BRICK WRAP - 3 SIDES - FRONT LOAD GARAGE CONDITION (EXCLUDES CHIMNEY),2121-SLAB PUMPING,30221210120,GENERIC,1.0000,CY,SLAB PUMPING - P.O. Rental Concrete Pump Truck per Cubic Yard,False,
Atlanta,ATL,5471-2044-TOWNS-BL,5471-2044-TOWNS-2BL,BRK_3,1SO0300BRICKWRA0100,,BRICK WRAP - 3 SIDES - FRONT LOAD GARAGE CONDITION (EXCLUDES CHIMNEY),2310-WATERPROOFING,30223000100,GENERIC,3.0000,SF,WATERPROOFING - P.O. 40 MIL Waterprrofing Membrane by Square Feet,False,
Atlanta,ATL,5471-2044-TOWNS-BL,5471-2044-TOWNS-2BL,BRK_3,1SO0300BRICKWRA0100,,BRICK WRAP - 3 SIDES - FRONT LOAD GARAGE CONDITION (EXCLUDES CHIMNEY),2180-POURED WALL MAT,30221800140,GENERIC,-1.0000,EA,POURED WALL MATERIAL - P.O. Simpson MASA Strap Each,False,
Atlanta,ATL,5471-2044-TOWNS-BL,5471-2044-TOWNS-2BL,BRK_3,1SO0300BRICKWRA0100,,BRICK WRAP - 3 SIDES - FRONT LOAD GARAGE CONDITION (EXCLUDES CHIMNEY),2180-POURED WALL MAT,30221800100,GENERIC,-13.0000,EA,POURED WALL MATERIAL - P.O. #4 Rebar 20' Length Each,False,
Atlanta,ATL,5471-2044-TOWNS-BL,5471-2044-TOWNS-2BL,BRK_3,1SO0300BRICKWRA0100,,BRICK WRAP - 3 SIDES - FRONT LOAD GARAGE CONDITION (EXCLUDES CHIMNEY),2181-POURED WALL CON,30221810110,GENERIC,-1.0000,CY,POURED WALL CONCRETE - P.O. Fuel Surcharge,False,
Atlanta,ATL,5471-2044-TOWNS-BL,5471-2044-TOWNS-2BL,BRK_3,1SO0300BRICKWRA0100,,BRICK WRAP - 3 SIDES - FRONT LOAD GARAGE CONDITION (EXCLUDES CHIMNEY),2181-POURED WALL CON,30221810105,GENERIC,-1.0000,CY,POURED WALL CONCRETE - P.O. Environmental Fee,False,
Atlanta,ATL,5471-2044-TOWNS-BL,5471-2044-TOWNS-2BL,BRK_3,1SO0300BRICKWRA0100,,BRICK WRAP - 3 SIDES - FRONT LOAD GARAGE CONDITION (EXCLUDES CHIMNEY),2181-POURED WALL CON,30221810100,GENERIC,-1.0000,CY,"POURED WALL CONCRETE - P.O. 3,000 PSI Slab Poured Wall Slab Concrete Delivered to Site per Cubic Yard",False,
Atlanta,ATL,5471-2044-TOWNS-BL,5471-2044-TOWNS-2BL,BRK_3,1SO0300BRICKWRA0100,,BRICK WRAP - 3 SIDES - FRONT LOAD GARAGE CONDITION (EXCLUDES CHIMNEY),2182-POURED WALL LBR,30221820100,GENERIC,-1.0000,CY,POURED WALL LABOR - P.O. Poured Wall Slab Labor by Cubic Yard,False,
Atlanta,ATL,5471-2044-TOWNS-BL,5471-2044-TOWNS-2BL,BRK_3,1SO0300BRICKWRA0100,,BRICK WRAP - 3 SIDES - FRONT LOAD GARAGE CONDITION (EXCLUDES CHIMNEY),4260-STONE LBR/TKY,30442600100,GENERIC,2.0000,SF,STONE LABOR OR TURNKEY - P.O. Stone Labor by the Square Foot,False,
Atlanta,ATL,5471-2044-TOWNS-BL,5471-2044-TOWNS-2BL,BRK_3,1SO0300BRICKWRA0100,,BRICK WRAP - 3 SIDES - FRONT LOAD GARAGE CONDITION (EXCLUDES CHIMNEY),4250-STONE MAT'L,30442500240,GENERIC,2.0000,EA,STONE MATERIAL - P.O. Felt Backed Metal Lathe by the Square Foot,False,
Atlanta,ATL,5471-2044-TOWNS-BL,5471-2044-TOWNS-2BL,BRK_3,1SO0300BRICKWRA0100,,BRICK WRAP - 3 SIDES - FRONT LOAD GARAGE CONDITION (EXCLUDES CHIMNEY),4250-STONE MAT'L,30442500180,GENERIC,1.0000,EA,"STONE MATERIAL - P.O. 80 lb. bag of Type ""S"" Pre-Mix Masonry Mortar",False,
Atlanta,ATL,5471-2044-TOWNS-BL,5471-2044-TOWNS-2BL,BRK_3,1SO0300BRICKWRA0100,,BRICK WRAP - 3 SIDES - FRONT LOAD GARAGE CONDITION (EXCLUDES CHIMNEY),4250-STONE MAT'L,30442500100,GENERIC,2.0000,SF,STONE MATERIAL - P.O. Synthetic Stone Flats by the Square Foot,False,
Atlanta,ATL,5471-2044-TOWNS-BL,5471-2044-TOWNS-2BL,BRK_3,1SO0300BRICKWRA0100,,BRICK WRAP - 3 SIDES - FRONT LOAD GARAGE CONDITION (EXCLUDES CHIMNEY),4011-ROOF LBR/TKY,30440110100,GENERIC,1.0000,SQ,ROOFING LABOR OR TURNKEY - P.O. Labor Install Roofing by the Square - Three Tab Shingle,False,
Atlanta,ATL,5471-2044-TOWNS-BL,5471-2044-TOWNS-2BL,BRK_3,1SO0300BRICKWRA0100,,BRICK WRAP - 3 SIDES - FRONT LOAD GARAGE CONDITION (EXCLUDES CHIMNEY),4010-ROOF MATERIAL,30440100260,GENERIC,-1.0000,LF,"ROOFING MATERIAL - P.O. 6"" Eave Drip (Color to Match Fascia)",False,
Atlanta,ATL,5471-2044-TOWNS-BL,5471-2044-TOWNS-2BL,BRK_3,1SO0300BRICKWRA0100,,BRICK WRAP - 3 SIDES - FRONT LOAD GARAGE CONDITION (EXCLUDES CHIMNEY),4010-ROOF MATERIAL,30440100160,GENERIC,-1.0000,EA,ROOFING MATERIAL - P.O. Certainteed Universal Starter Bundle,False,
Atlanta,ATL,5471-2044-TOWNS-BL,5471-2044-TOWNS-2BL,BRK_3,1SO0300BRICKWRA0100,,BRICK WRAP - 3 SIDES - FRONT LOAD GARAGE CONDITION (EXCLUDES CHIMNEY),4010-ROOF MATERIAL,30440100280,GENERIC,1.0000,EA,"ROOFING MATERIAL - P.O. 5"" x 5"" x 10' L-Flashing",False,
Atlanta,ATL,5471-2044-TOWNS-BL,5471-2044-TOWNS-2BL,BRK_3,1SO0300BRICKWRA0100,,BRICK WRAP - 3 SIDES - FRONT LOAD GARAGE CONDITION (EXCLUDES CHIMNEY),4010-ROOF MATERIAL,30440100100,GENERIC,1.0000,SQ,ROOFING MATERIAL - P.O. Certainteed 25 Year 3 Tab Shingle,False,
Atlanta,ATL,5471-2044-TOWNS-BL,5471-2044-TOWNS-2BL,BRK_3,1SO0300BRICKWRA0100,,BRICK WRAP - 3 SIDES - FRONT LOAD GARAGE CONDITION (EXCLUDES CHIMNEY),4010-ROOF MATERIAL,30440100180,GENERIC,1.0000,EA,ROOFING MATERIAL - P.O. Certainteed Hip and Ridge Bundle,False,
Atlanta,ATL,5471-2044-TOWNS-BL,5471-2044-TOWNS-2BL,BRK_3,1SO0300BRICKWRA0100,,BRICK WRAP - 3 SIDES - FRONT LOAD GARAGE CONDITION (EXCLUDES CHIMNEY),4010-ROOF MATERIAL,30440100300,GENERIC,3.0000,LF,ROOFING MATERIAL - P.O.Step Flashing by the Lineal Foot,False,
Atlanta,ATL,5471-2044-TOWNS-BL,5471-2044-TOWNS-2BL,BRK_3,1SO0300BRICKWRA0100,,BRICK WRAP - 3 SIDES - FRONT LOAD GARAGE CONDITION (EXCLUDES CHIMNEY),4010-ROOF MATERIAL,30440100140,GENERIC,1.0000,ROLL,ROOFING MATERIAL - P.O. Tamko 15# Felt (4 squares per roll),False,
Atlanta,ATL,5471-2044-TOWNS-BL,5471-2044-TOWNS-2BL,BRK_3,1SO0300BRICKWRA0100,,BRICK WRAP - 3 SIDES - FRONT LOAD GARAGE CONDITION (EXCLUDES CHIMNEY),4010-ROOF MATERIAL,30440100200,GENERIC,1.0000,ROLL,ROOFING MATERIAL - P.O. Tamko Moisture Guard Plus,False,
Atlanta,ATL,5471-2044-TOWNS-BL,5471-2044-TOWNS-2BL,BRK_3,1SO0300BRICKWRA0100,,BRICK WRAP - 3 SIDES - FRONT LOAD GARAGE CONDITION (EXCLUDES CHIMNEY),3710-ELECTRIC ROUGH,30337100200,GENERIC,1.0000,EA,ELECTRICAL ROUGH- P.O. Labor and Materials Electrical Item Installed - Duplex Outlet,False,
Atlanta,ATL,5471-2044-TOWNS-BL,5471-2044-TOWNS-2BL,BRK_3,1SO0300BRICKWRA0100,,BRICK WRAP - 3 SIDES - FRONT LOAD GARAGE CONDITION (EXCLUDES CHIMNEY),3720-ELECTRICAL TRIM,30337200200,GENERIC,1.0000,EA,ELECTRICAL TRIM- P.O. Labor and Materials Electrical Item Installed - Duplex Outlet,False,
Atlanta,ATL,5471-2044-TOWNS-BL,5471-2044-TOWNS-2BL,BRK_3,1SO0300BRICKWRA0100,,BRICK WRAP - 3 SIDES - FRONT LOAD GARAGE CONDITION (EXCLUDES CHIMNEY),4230-BRICK MATERIAL,30442300200,GENERIC,3.0000,BOX,BRICK MATERIAL - P.O. Corrugated Brick Wall Ties - Box of 250,False,
Atlanta,ATL,5471-2044-TOWNS-BL,5471-2044-TOWNS-2BL,BRK_3,1SO0300BRICKWRA0100,,BRICK WRAP - 3 SIDES - FRONT LOAD GARAGE CONDITION (EXCLUDES CHIMNEY),4230-BRICK MATERIAL,30442300160,GENERIC,51.0000,BAG,BRICK MATERIAL - P.O. Mortar Type N - Ivorie (1 bag per 33 Square Foot),False,
Atlanta,ATL,5471-2044-TOWNS-BL,5471-2044-TOWNS-2BL,BRK_3,1SO0300BRICKWRA0100,,BRICK WRAP - 3 SIDES - FRONT LOAD GARAGE CONDITION (EXCLUDES CHIMNEY),4230-BRICK MATERIAL,30442300100,GENERIC,9257.0000,EA,BRICK MATERIAL - P.O. Queen Brick by the Brick (520 per Cube; 5.5 per square foot),False,
Atlanta,ATL,5471-2044-TOWNS-BL,5471-2044-TOWNS-2BL,BRK_3,1SO0300BRICKWRA0100,,BRICK WRAP - 3 SIDES - FRONT LOAD GARAGE CONDITION (EXCLUDES CHIMNEY),4230-BRICK MATERIAL,30442300460,GENERIC,4.0000,EA,BRICK MATERIAL - P.O. Lintel 3.5 X 5 X 24,False,
Atlanta,ATL,5471-2044-TOWNS-BL,5471-2044-TOWNS-2BL,BRK_3,1SO0300BRICKWRA0100,,BRICK WRAP - 3 SIDES - FRONT LOAD GARAGE CONDITION (EXCLUDES CHIMNEY),4230-BRICK MATERIAL,30442300300,GENERIC,1.0000,EA,BRICK MATERIAL - P.O. Lintel 3 X 3.5 X 36,False,
Atlanta,ATL,5471-2044-TOWNS-BL,5471-2044-TOWNS-2BL,BRK_3,1SO0300BRICKWRA0100,,BRICK WRAP - 3 SIDES - FRONT LOAD GARAGE CONDITION (EXCLUDES CHIMNEY),4230-BRICK MATERIAL,30442300540,GENERIC,1.0000,EA,BRICK MATERIAL - P.O. Lintel 3.5 X 5 X 48,False,
Atlanta,ATL,5471-2044-TOWNS-BL,5471-2044-TOWNS-2BL,BRK_3,1SO0300BRICKWRA0100,,BRICK WRAP - 3 SIDES - FRONT LOAD GARAGE CONDITION (EXCLUDES CHIMNEY),4230-BRICK MATERIAL,30442300560,GENERIC,1.0000,EA,BRICK MATERIAL - P.O. Lintel 3.5 X 5 X 72,False,
Atlanta,ATL,5471-2044-TOWNS-BL,5471-2044-TOWNS-2BL,BRK_3,1SO0300BRICKWRA0100,,BRICK WRAP - 3 SIDES - FRONT LOAD GARAGE CONDITION (EXCLUDES CHIMNEY),4230-BRICK MATERIAL,30442300720,GENERIC,21.0000,EA,BRICK MATERIAL - P.O. Lag Bolts,False,
Atlanta,ATL,5471-2044-TOWNS-BL,5471-2044-TOWNS-2BL,BRK_3,1SO0300BRICKWRA0100,,BRICK WRAP - 3 SIDES - FRONT LOAD GARAGE CONDITION (EXCLUDES CHIMNEY),4230-BRICK MATERIAL,30442300640,GENERIC,1.0000,EA,BRICK MATERIAL - P.O. Lintel 3.5 X 5  X 108,False,
Atlanta,ATL,5471-2044-TOWNS-BL,5471-2044-TOWNS-2BL,BRK_3,1SO0300BRICKWRA0100,,BRICK WRAP - 3 SIDES - FRONT LOAD GARAGE CONDITION (EXCLUDES CHIMNEY),4230-BRICK MATERIAL,30442300440,GENERIC,1.0000,EA,BRICK MATERIAL - P.O. Lintel 3.5 X 5  X 216,False,
Atlanta,ATL,5471-2044-TOWNS-BL,5471-2044-TOWNS-2BL,BRK_3,1SO0300BRICKWRA0100,,BRICK WRAP - 3 SIDES - FRONT LOAD GARAGE CONDITION (EXCLUDES CHIMNEY),4230-BRICK MATERIAL,30442300240,GENERIC,78.0000,LF,BRICK MATERIAL - P.O. PVC Brick Flashing by the Lineal Foot,False,
Atlanta,ATL,5471-2044-TOWNS-BL,5471-2044-TOWNS-2BL,BRK_3,1SO0300BRICKWRA0100,,BRICK WRAP - 3 SIDES - FRONT LOAD GARAGE CONDITION (EXCLUDES CHIMNEY),4230-BRICK MATERIAL,30442300740,GENERIC,39.0000,EA,BRICK MATERIAL - P.O. Weep Holes EA.,False,
Atlanta,ATL,5471-2044-TOWNS-BL,5471-2044-TOWNS-2BL,BRK_3,1SO0300BRICKWRA0100,,BRICK WRAP - 3 SIDES - FRONT LOAD GARAGE CONDITION (EXCLUDES CHIMNEY),4230-BRICK MATERIAL,30442300220,GENERIC,2.0000,EA,"BRICK MATERIAL - P.O. 13"" Limestone Keystone",False,
Atlanta,ATL,5471-2044-TOWNS-BL,5471-2044-TOWNS-2BL,BRK_3,1SO0300BRICKWRA0100,,BRICK WRAP - 3 SIDES - FRONT LOAD GARAGE CONDITION (EXCLUDES CHIMNEY),4240-BRICK LBR/TKY,30442400100,GENERIC,9.0000,EA,"BRICK LABOR OR TURNKEY - P.O. Brick Labor by the 1,000",False,
Atlanta,ATL,5471-2044-TOWNS-BL,5471-2044-TOWNS-2BL,BRK_3,1SO0300BRICKWRA0100,,BRICK WRAP - 3 SIDES - FRONT LOAD GARAGE CONDITION (EXCLUDES CHIMNEY),5210-TRIM MATERIAL,30552101600,GENERIC,-6.0000,LF,"TRIM MATERIAL - P.O. 2-3/4""  Chair Rail 1001 FJ",False,
Atlanta,ATL,5471-2044-TOWNS-BL,5471-2044-TOWNS-2BL,BRK_3,1SO0300BRICKWRA0100,,BRICK WRAP - 3 SIDES - FRONT LOAD GARAGE CONDITION (EXCLUDES CHIMNEY),5010-DRYWALL MAT'L,30550100110,GENERIC,8.0000,EA,"DRYWALL MATERIAL - P.O. 54""x12'x1/2"" Wall Board",False,
Atlanta,ATL,5471-2044-TOWNS-BL,5471-2044-TOWNS-2BL,BRK_3,1SO0300BRICKWRA0100,,BRICK WRAP - 3 SIDES - FRONT LOAD GARAGE CONDITION (EXCLUDES CHIMNEY),5010-DRYWALL MAT'L,30550100100,GENERIC,1.0000,EA,"DRYWALL MATERIAL - P.O. 48""x12'x1/2"" Wall Board",False,
Atlanta,ATL,5471-2044-TOWNS-BL,5471-2044-TOWNS-2BL,BRK_3,1SO0300BRICKWRA0100,,BRICK WRAP - 3 SIDES - FRONT LOAD GARAGE CONDITION (EXCLUDES CHIMNEY),5010-DRYWALL MAT'L,30550100260,GENERIC,1.0000,EA,"DRYWALL MATERIAL - P.O. 1 1/4"" Drywall Screws (1 lb box)",False,
Atlanta,ATL,5471-2044-TOWNS-BL,5471-2044-TOWNS-2BL,BRK_3,1SO0300BRICKWRA0100,,BRICK WRAP - 3 SIDES - FRONT LOAD GARAGE CONDITION (EXCLUDES CHIMNEY),5010-DRYWALL MAT'L,30550100240,GENERIC,1.0000,BOX,"DRYWALL MATERIAL - P.O. 1 1/4"" Drywall Nails (1 lb box)",False,
Atlanta,ATL,5471-2044-TOWNS-BL,5471-2044-TOWNS-2BL,BRK_3,1SO0300BRICKWRA0100,,BRICK WRAP - 3 SIDES - FRONT LOAD GARAGE CONDITION (EXCLUDES CHIMNEY),5010-DRYWALL MAT'L,30550100220,GENERIC,2.0000,BOX,DRYWALL MATERIAL - P.O. Joint Tape (250 lf),False,
Atlanta,ATL,5471-2044-TOWNS-BL,5471-2044-TOWNS-2BL,BRK_3,1SO0300BRICKWRA0100,,BRICK WRAP - 3 SIDES - FRONT LOAD GARAGE CONDITION (EXCLUDES CHIMNEY),5010-DRYWALL MAT'L,30550100200,GENERIC,1.0000,BOX,DRYWALL MATERIAL - P.O. Joint Compound,False,
Atlanta,ATL,5471-2044-TOWNS-BL,5471-2044-TOWNS-2BL,BRK_3,1SO0300BRICKWRA0100,,BRICK WRAP - 3 SIDES - FRONT LOAD GARAGE CONDITION (EXCLUDES CHIMNEY),5010-DRYWALL MAT'L,30550100180,GENERIC,1.0000,EA,"DRYWALL MATERIAL - P.O. 48""x12'x5/8"" Ceiling Board",False,
Atlanta,ATL,5471-2044-TOWNS-BL,5471-2044-TOWNS-2BL,BRK_3,1SO0300BRICKWRA0100,,BRICK WRAP - 3 SIDES - FRONT LOAD GARAGE CONDITION (EXCLUDES CHIMNEY),5020-DRYWALL LABOR,30550200180,GENERIC,1.0000,EA,DRYWALL LABOR - P.O. Labor to Hang; Finish; and Skim Level 5 Drywall Finish per Board,False,
Atlanta,ATL,5471-2044-TOWNS-BL,5471-2044-TOWNS-2BL,BRK_3,1SO0300BRICKWRA0100,,BRICK WRAP - 3 SIDES - FRONT LOAD GARAGE CONDITION (EXCLUDES CHIMNEY),5740-GUTTERS DWNSPTS,30657400120,GENERIC,1.0000,EA,GUTTERS AND DOWNPSOUTS - P.O. Labor and Materials to Install Downspout One Story,False,
Atlanta,ATL,5471-2044-TOWNS-BL,5471-2044-TOWNS-2BL,BRK_3,1SO0300BRICKWRA0100,,BRICK WRAP - 3 SIDES - FRONT LOAD GARAGE CONDITION (EXCLUDES CHIMNEY),5740-GUTTERS DWNSPTS,30657400100,GENERIC,2.0000,LF,"GUTTERS AND DOWNPSOUTS - P.O. Labor and Materials to Install 5"" Seamless Gutters per Lineal Foot",False,
Atlanta,ATL,5471-2044-TOWNS-BL,5471-2044-TOWNS-2BL,BRK_3,1SO0300BRICKWRA0100,,BRICK WRAP - 3 SIDES - FRONT LOAD GARAGE CONDITION (EXCLUDES CHIMNEY),5740-GUTTERS DWNSPTS,30657400140,GENERIC,-1.0000,EA,GUTTERS AND DOWNPSOUTS - P.O. Labor and Materials to Install Downspout Two Story,False,
Atlanta,ATL,5471-2044-TOWNS-BL,5471-2044-TOWNS-2BL,BRK_3,1SO0300BRICKWRA0100,,BRICK WRAP - 3 SIDES - FRONT LOAD GARAGE CONDITION (EXCLUDES CHIMNEY),4730-INSULATION,30447300320,GENERIC,1.0000,LF,"INSULATION - P.O. Cardboard Baffle 22 1/2"" x 24"" (Service Partner) by the Lineal Foot",False,
Atlanta,ATL,5471-2044-TOWNS-BL,5471-2044-TOWNS-2BL,BRK_3,1SO0300BRICKWRA0100,,BRICK WRAP - 3 SIDES - FRONT LOAD GARAGE CONDITION (EXCLUDES CHIMNEY),4730-INSULATION,30447300120,GENERIC,698.0000,SF,"INSULATION - P.O. R-13 Craft Faced Batt Insulation (Certainteed 15""x 70'6"" rolls) by the Square Foot",False,
Atlanta,ATL,5471-2044-TOWNS-BL,5471-2044-TOWNS-2BL,BRK_3,1SO0300BRICKWRA0100,,BRICK WRAP - 3 SIDES - FRONT LOAD GARAGE CONDITION (EXCLUDES CHIMNEY),4730-INSULATION,30447300160,GENERIC,-686.0000,SF,"INSULATION - P.O. R-19 Craft Faced Batt Insulation (Certainteed 23"" x 70'6"" rolls) by the Square Foot",False,
Atlanta,ATL,5471-2044-TOWNS-BL,5471-2044-TOWNS-2BL,BRK_3,1SO0300BRICKWRA0100,,BRICK WRAP - 3 SIDES - FRONT LOAD GARAGE CONDITION (EXCLUDES CHIMNEY),4130-SIDING MATERIAL,30441300300,GENERIC,-3.0000,EA,SIDING MATERIAL - P.O. James Hardie  Trim Boards  - 5/4x6x16 - Primed,False,
Atlanta,ATL,5471-2044-TOWNS-BL,5471-2044-TOWNS-2BL,BRK_3,1SO0300BRICKWRA0100,,BRICK WRAP - 3 SIDES - FRONT LOAD GARAGE CONDITION (EXCLUDES CHIMNEY),4130-SIDING MATERIAL,30441300280,GENERIC,3.0000,EA,SIDING MATERIAL - P.O. James Hardie Trim Boards - 5/4x4x16 - Primed,False,
Atlanta,ATL,5471-2044-TOWNS-BL,5471-2044-TOWNS-2BL,BRK_3,1SO0300BRICKWRA0100,,BRICK WRAP - 3 SIDES - FRONT LOAD GARAGE CONDITION (EXCLUDES CHIMNEY),4130-SIDING MATERIAL,30441300260,GENERIC,4.0000,LF,"SIDING MATERIAL - P.O. ACM Trim Coil 24"" x 50' Roll (Color to match Trim) by the Lineal Foot",False,
Atlanta,ATL,5471-2044-TOWNS-BL,5471-2044-TOWNS-2BL,BRK_3,1SO0300BRICKWRA0100,,BRICK WRAP - 3 SIDES - FRONT LOAD GARAGE CONDITION (EXCLUDES CHIMNEY),4130-SIDING MATERIAL,30441300240,GENERIC,11.0000,LF,SIDING MATERIAL - P.O. Vinyl Soffit - Royal Triple 4 Traditional Soffit Solid by the Lineal Foot,False,
Atlanta,ATL,5471-2044-TOWNS-BL,5471-2044-TOWNS-2BL,BRK_3,1SO0300BRICKWRA0100,,BRICK WRAP - 3 SIDES - FRONT LOAD GARAGE CONDITION (EXCLUDES CHIMNEY),4130-SIDING MATERIAL,30441300220,GENERIC,33.0000,LF,SIDING MATERIAL - P.O. Vinyl Soffit - Royal Triple 4 Traditional Soffit Fully Vented by the Lineal Foot,False,
Atlanta,ATL,5471-2044-TOWNS-BL,5471-2044-TOWNS-2BL,BRK_3,1SO0300BRICKWRA0100,,BRICK WRAP - 3 SIDES - FRONT LOAD GARAGE CONDITION (EXCLUDES CHIMNEY),4130-SIDING MATERIAL,30441300700,GENERIC,2.0000,SQ,SIDING MATERIAL - P.O. Housewrap - Techwrap by the Square (Includes seam tape),False,
Atlanta,ATL,5471-2044-TOWNS-BL,5471-2044-TOWNS-2BL,BRK_3,1SO0300BRICKWRA0100,,BRICK WRAP - 3 SIDES - FRONT LOAD GARAGE CONDITION (EXCLUDES CHIMNEY),4130-SIDING MATERIAL,30441300120,GENERIC,1.0000,SQ,SIDING MATERIAL - P.O. James Hardie Board n Batten 4'x10' Sheets 1x2 Batten Strips per Square - Primed,False,
Atlanta,ATL,5471-2044-TOWNS-BL,5471-2044-TOWNS-2BL,BRK_3,1SO0300BRICKWRA0100,,BRICK WRAP - 3 SIDES - FRONT LOAD GARAGE CONDITION (EXCLUDES CHIMNEY),4130-SIDING MATERIAL,30441300100,GENERIC,-16.0000,SQ,"SIDING MATERIAL - P.O. Cemplank by James Hardie Select Cedarmill 8.25"" Lap Siding (7"" exposure) per Square - Primed",False,
Atlanta,ATL,5471-2044-TOWNS-BL,5471-2044-TOWNS-2BL,BRK_3,1SO0300BRICKWRA0100,,BRICK WRAP - 3 SIDES - FRONT LOAD GARAGE CONDITION (EXCLUDES CHIMNEY),4130-SIDING MATERIAL,30441300270,GENERIC,1.0000,LF,SIDING MATERIAL - P.O. ACM Trim Coil Water Table Flashing (Color to match Siding) by the Lineal Foot,False,
Atlanta,ATL,5471-2044-TOWNS-BL,5471-2044-TOWNS-2BL,BRK_3,1SO0300BRICKWRA0100,,BRICK WRAP - 3 SIDES - FRONT LOAD GARAGE CONDITION (EXCLUDES CHIMNEY),4131-SIDING LBR/TKY,30441310300,GENERIC,-3.0000,EA,SIDING LABOR OR TURNKEY - P.O. James Hardie  Trim Boards  - 5/4x6x16 - Primed,False,
Atlanta,ATL,5471-2044-TOWNS-BL,5471-2044-TOWNS-2BL,BRK_3,1SO0300BRICKWRA0100,,BRICK WRAP - 3 SIDES - FRONT LOAD GARAGE CONDITION (EXCLUDES CHIMNEY),4131-SIDING LBR/TKY,30441310280,GENERIC,3.0000,EA,SIDING LABOR OR TURNKEY - P.O. James Hardie Trim Boards - 5/4x4x16 - Primed,False,
Atlanta,ATL,5471-2044-TOWNS-BL,5471-2044-TOWNS-2BL,BRK_3,1SO0300BRICKWRA0100,,BRICK WRAP - 3 SIDES - FRONT LOAD GARAGE CONDITION (EXCLUDES CHIMNEY),4131-SIDING LBR/TKY,30441310260,GENERIC,4.0000,LF,"SIDING LABOR OR TURNKEY - P.O. ACM Trim Coil 24"" x 50' Roll (Color to match Trim) by Lineal Feet",False,
Atlanta,ATL,5471-2044-TOWNS-BL,5471-2044-TOWNS-2BL,BRK_3,1SO0300BRICKWRA0100,,BRICK WRAP - 3 SIDES - FRONT LOAD GARAGE CONDITION (EXCLUDES CHIMNEY),4131-SIDING LBR/TKY,30441310240,GENERIC,11.0000,LF,SIDING LABOR OR TURNKEY - P.O. Vinyl Soffit - Royal Triple 4 Traditional Soffit Solid by Lineal Feet,False,
Atlanta,ATL,5471-2044-TOWNS-BL,5471-2044-TOWNS-2BL,BRK_3,1SO0300BRICKWRA0100,,BRICK WRAP - 3 SIDES - FRONT LOAD GARAGE CONDITION (EXCLUDES CHIMNEY),4131-SIDING LBR/TKY,30441310220,GENERIC,33.0000,LF,SIDING LABOR OR TURNKEY - P.O. Vinyl Soffit - Royal Triple 4 Traditional Soffit Fully Vented by Lineal Feet,False,
Atlanta,ATL,5471-2044-TOWNS-BL,5471-2044-TOWNS-2BL,BRK_3,1SO0300BRICKWRA0100,,BRICK WRAP - 3 SIDES - FRONT LOAD GARAGE CONDITION (EXCLUDES CHIMNEY),4131-SIDING LBR/TKY,30441310700,GENERIC,2.0000,SQ,SIDING LABOR OR TURNKEY - P.O. Housewrap - Techwrap by the Square (Includes seam tape),False,
Atlanta,ATL,5471-2044-TOWNS-BL,5471-2044-TOWNS-2BL,BRK_3,1SO0300BRICKWRA0100,,BRICK WRAP - 3 SIDES - FRONT LOAD GARAGE CONDITION (EXCLUDES CHIMNEY),4131-SIDING LBR/TKY,30441310120,GENERIC,1.0000,SQ,SIDING LABOR OR TURNKEY - P.O. James Hardie Board n Batten 4'x10' Sheets 1x2 Batten Strips per Square - Primed,False,
Atlanta,ATL,5471-2044-TOWNS-BL,5471-2044-TOWNS-2BL,BRK_3,1SO0300BRICKWRA0100,,BRICK WRAP - 3 SIDES - FRONT LOAD GARAGE CONDITION (EXCLUDES CHIMNEY),4131-SIDING LBR/TKY,30441310100,GENERIC,-16.0000,SQ,"SIDING LABOR OR TURNKEY - P.O. Cemplank by James Hardie Select Cedarmill 8.25"" Lap Siding (7"" exposure) per Square - Primed",False,
Atlanta,ATL,5471-2044-TOWNS-BL,5471-2044-TOWNS-2BL,BRK_3,1SO0300BRICKWRA0100,,BRICK WRAP - 3 SIDES - FRONT LOAD GARAGE CONDITION (EXCLUDES CHIMNEY),4131-SIDING LBR/TKY,30441310270,GENERIC,1.0000,LF,SIDING LABOR OR TURNKEY - P.O. ACM Trim Coil Water Table Flashing (Color to match Siding) by the Lineal Foot,False,
Atlanta,ATL,5471-2044-TOWNS-BL,5471-2044-TOWNS-2BL,BRK_3,1SO0300BRICKWRA0100,,BRICK WRAP - 3 SIDES - FRONT LOAD GARAGE CONDITION (EXCLUDES CHIMNEY),4910-EXTERIOR PAINT,30449100340,GENERIC,3.0000,LF,EXTERIOR PAINTING TURNKEY - P.O. Cement Board Siding Trim Painting by the Lineal Foot,False,
Atlanta,ATL,5471-2044-TOWNS-BL,5471-2044-TOWNS-2BL,BRK_3,1SO0300BRICKWRA0100,,BRICK WRAP - 3 SIDES - FRONT LOAD GARAGE CONDITION (EXCLUDES CHIMNEY),4910-EXTERIOR PAINT,30449100100,GENERIC,-1329.0000,SF,EXTERIOR PAINTING TURNKEY - P.O. Primed Cement Board Siding Painting by the Square Foot,False,
Atlanta,ATL,5471-2044-TOWNS-BL,5471-2044-TOWNS-2BL,BRK_3,1SO0300BRICKWRA0100,,BRICK WRAP - 3 SIDES - FRONT LOAD GARAGE CONDITION (EXCLUDES CHIMNEY),4910-EXTERIOR PAINT,30449100380,GENERIC,9.0000,EA,EXTERIOR PAINTING TURNKEY - P.O. Masonry Lintel Painting Each,False,
Atlanta,ATL,5471-2044-TOWNS-BL,5471-2044-TOWNS-2BL,BRK_3,1SO0300BRICKWRA0100,,BRICK WRAP - 3 SIDES - FRONT LOAD GARAGE CONDITION (EXCLUDES CHIMNEY),3202-FRAME MAT'L 2ND,30332025620,GENERIC,-1.0000,EA,"FRAMING MATERIAL 2ND - P.O.  7/16"" Plywood Clips (1 Box- 250 pcs)",False,
Atlanta,ATL,5471-2044-TOWNS-BL,5471-2044-TOWNS-2BL,BRK_3,1SO0300BRICKWRA0100,,BRICK WRAP - 3 SIDES - FRONT LOAD GARAGE CONDITION (EXCLUDES CHIMNEY),3202-FRAME MAT'L 2ND,30332020260,GENERIC,1.0000,EA,"FRAMING MATERIAL 2ND - P.O.  7/16"" OSB",False,
Atlanta,ATL,5471-2044-TOWNS-BL,5471-2044-TOWNS-2BL,BRK_3,1SO0300BRICKWRA0100,,BRICK WRAP - 3 SIDES - FRONT LOAD GARAGE CONDITION (EXCLUDES CHIMNEY),3202-FRAME MAT'L 2ND,30332021020,GENERIC,1.0000,EA,FRAMING MATERIAL 2ND - P.O.  2 X 8 X 16 #3 SPF,False,
Atlanta,ATL,5471-2044-TOWNS-BL,5471-2044-TOWNS-2BL,BRK_3,1SO0300BRICKWRA0100,,BRICK WRAP - 3 SIDES - FRONT LOAD GARAGE CONDITION (EXCLUDES CHIMNEY),3202-FRAME MAT'L 2ND,30332020820,GENERIC,1.0000,EA,FRAMING MATERIAL 2ND - P.O.  2 X 6 X 16 #3 SPF,False,
Atlanta,ATL,5471-2044-TOWNS-BL,5471-2044-TOWNS-2BL,BRK_3,1SO0300BRICKWRA0100,,BRICK WRAP - 3 SIDES - FRONT LOAD GARAGE CONDITION (EXCLUDES CHIMNEY),3202-FRAME MAT'L 2ND,30332025600,GENERIC,1.0000,EA,FRAMING MATERIAL 2ND - P.O.  H2.5 Hurrican Rafter Tie,False,
Atlanta,ATL,5471-2044-TOWNS-BL,5471-2044-TOWNS-2BL,BRK_3,1SO0300BRICKWRA0100,,BRICK WRAP - 3 SIDES - FRONT LOAD GARAGE CONDITION (EXCLUDES CHIMNEY),3202-FRAME MAT'L 2ND,30332021440,GENERIC,-1.0000,EA,FRAMING MATERIAL 2ND - P.O.  2 X 6 X 16 #2 SPF,False,
Atlanta,ATL,5471-2044-TOWNS-BL,5471-2044-TOWNS-2BL,BRK_3,1SO0300BRICKWRA0100,,BRICK WRAP - 3 SIDES - FRONT LOAD GARAGE CONDITION (EXCLUDES CHIMNEY),3202-FRAME MAT'L 2ND,30332020680,GENERIC,3.0000,EA,FRAMING MATERIAL 2ND - P.O.  2 X 4 X 16 #3 SPF,False,
Atlanta,ATL,5471-2044-TOWNS-BL,5471-2044-TOWNS-2BL,BRK_3,1SO0300BRICKWRA0100,,BRICK WRAP - 3 SIDES - FRONT LOAD GARAGE CONDITION (EXCLUDES CHIMNEY),1.4-Key Measures-Fnd/Bsmt,FTG_08x20,GENERIC,-75.0000,LF,8'' x 20'' Footing,False,
Atlanta,ATL,5471-2044-TOWNS-BL,5471-2044-TOWNS-2BL,BRK_3,1SO0300BRICKWRA0100,,BRICK WRAP - 3 SIDES - FRONT LOAD GARAGE CONDITION (EXCLUDES CHIMNEY),1.1-Key Measures Master-1st Floor,RM_PR_FA_CM,GENERIC,-4.0000,LF,Family Room Crown Mould,False,
Atlanta,ATL,5471-2044-TOWNS-BL,5471-2044-TOWNS-2BL,BRK_3,1SO0300BRICKWRA0100,,BRICK WRAP - 3 SIDES - FRONT LOAD GARAGE CONDITION (EXCLUDES CHIMNEY),1.1-Key Measures Master-1st Floor,RM_PR_FA_CR,GENERIC,4.0000,LF,Family Room Chair Rail,False,
Atlanta,ATL,5471-2044-TOWNS-BL,5471-2044-TOWNS-2BL,BRK_3,1SO0300BRICKWRA0100,,BRICK WRAP - 3 SIDES - FRONT LOAD GARAGE CONDITION (EXCLUDES CHIMNEY),1.1-Key Measures Master-1st Floor,EF_BRI_NET,GENERIC,1438.0000,SF,Net Area of Brick Material,False,
Atlanta,ATL,5471-2044-TOWNS-BL,5471-2044-TOWNS-2BL,BRK_3,1SO0300BRICKWRA0100,,BRICK WRAP - 3 SIDES - FRONT LOAD GARAGE CONDITION (EXCLUDES CHIMNEY),1.1-Key Measures Master-1st Floor,RFSK,GENERIC,3.0000,SF,RFSK Foundation Insulation,False,
Atlanta,ATL,5471-2044-TOWNS-BL,5471-2044-TOWNS-2BL,BRK_3,1SO0300BRICKWRA0100,,BRICK WRAP - 3 SIDES - FRONT LOAD GARAGE CONDITION (EXCLUDES CHIMNEY),1.1-Key Measures Master-1st Floor,WE_2x6_09,GENERIC,1.0000,LF,LF Exterior 2x6 9',False,
Atlanta,ATL,5471-2044-TOWNS-BL,5471-2044-TOWNS-2BL,BRK_3,1SO0300BRICKWRA0100,,BRICK WRAP - 3 SIDES - FRONT LOAD GARAGE CONDITION (EXCLUDES CHIMNEY),1.1-Key Measures Master-1st Floor,WE_2x6_L8,GENERIC,-1.0000,LF,LF Exterior 2x6 less than 8',False,
Atlanta,ATL,5471-2044-TOWNS-BL,5471-2044-TOWNS-2BL,BRK_3,1SO0300BRICKWRA0100,,BRICK WRAP - 3 SIDES - FRONT LOAD GARAGE CONDITION (EXCLUDES CHIMNEY),1.1-Key Measures Master-1st Floor,FTG_08x24,GENERIC,75.0000,LF,8'' x 24'' Footing,False,
Atlanta,ATL,5471-2044-TOWNS-BL,5471-2044-TOWNS-2BL,BRK_3,1SO0300BRICKWRA0100,,BRICK WRAP - 3 SIDES - FRONT LOAD GARAGE CONDITION (EXCLUDES CHIMNEY),1.1-Key Measures Master-1st Floor,STL_LINTEL,GENERIC,46.0000,LF,Steel Lintel,False,
Atlanta,ATL,5471-2044-TOWNS-BL,5471-2044-TOWNS-2BL,BRK_3,1SO0300BRICKWRA0100,,BRICK WRAP - 3 SIDES - FRONT LOAD GARAGE CONDITION (EXCLUDES CHIMNEY),1.1-Key Measures Master-1st Floor,WE_2x6_GB_09,GENERIC,-29.0000,LF,LF Exterior 2x6 9',False,
Atlanta,ATL,5471-2044-TOWNS-BL,5471-2044-TOWNS-2BL,BRK_3,1SO0300BRICKWRA0100,,BRICK WRAP - 3 SIDES - FRONT LOAD GARAGE CONDITION (EXCLUDES CHIMNEY),1.1-Key Measures Master-1st Floor,WE_2x6_GB_G10,GENERIC,-2.0000,LF,LF Exterior 2x6 Over 10',False,
Atlanta,ATL,5471-2044-TOWNS-BL,5471-2044-TOWNS-2BL,BRK_3,1SO0300BRICKWRA0100,,BRICK WRAP - 3 SIDES - FRONT LOAD GARAGE CONDITION (EXCLUDES CHIMNEY),3201-FRAME MAT'L 1ST,30332012160,GENERIC,2.0000,EA,FRAMING MATERIAL 1ST - P.O.  2 X 4 X 16 Pressure Treated,False,
Atlanta,ATL,5471-2044-TOWNS-BL,5471-2044-TOWNS-2BL,BRK_3,1SO0300BRICKWRA0100,,BRICK WRAP - 3 SIDES - FRONT LOAD GARAGE CONDITION (EXCLUDES CHIMNEY),3201-FRAME MAT'L 1ST,30332010380,GENERIC,25.0000,EA,FRAMING MATERIAL 1ST - P.O.  2 X 4 X 9 Pre-Cut Studs,False,
Atlanta,ATL,5471-2044-TOWNS-BL,5471-2044-TOWNS-2BL,BRK_3,1SO0300BRICKWRA0100,,BRICK WRAP - 3 SIDES - FRONT LOAD GARAGE CONDITION (EXCLUDES CHIMNEY),3201-FRAME MAT'L 1ST,30332010680,GENERIC,1.0000,EA,FRAMING MATERIAL 1ST - P.O.  2 X 4 X 16 #3 SPF,False,
Atlanta,ATL,5471-2044-TOWNS-BL,5471-2044-TOWNS-2BL,BRK_3,1SO0300BRICKWRA0100,,BRICK WRAP - 3 SIDES - FRONT LOAD GARAGE CONDITION (EXCLUDES CHIMNEY),3201-FRAME MAT'L 1ST,30332011340,GENERIC,6.0000,EA,FRAMING MATERIAL 1ST - P.O.  2 X 4 X 16 #2 SPF,False,
Atlanta,ATL,5471-2044-TOWNS-BL,5471-2044-TOWNS-2BL,BRK_3,1SO0300BRICKWRA0100,,BRICK WRAP - 3 SIDES - FRONT LOAD GARAGE CONDITION (EXCLUDES CHIMNEY),3201-FRAME MAT'L 1ST,30332010440,GENERIC,-2.0000,EA,FRAMING MATERIAL 1ST - P.O.  2 X 6 X 9 Pre-Cut Studs,False,
Atlanta,ATL,5471-2044-TOWNS-BL,5471-2044-TOWNS-2BL,BRK_3,1SO0300BRICKWRA0100,,BRICK WRAP - 3 SIDES - FRONT LOAD GARAGE CONDITION (EXCLUDES CHIMNEY),3201-FRAME MAT'L 1ST,30332012220,GENERIC,-1.0000,EA,FRAMING MATERIAL 1ST - P.O.  2 X 6 X 16 Pressure Treated,False,
Atlanta,ATL,5471-2044-TOWNS-BL,5471-2044-TOWNS-2BL,BRK_3,1SO0300BRICKWRA0100,,BRICK WRAP - 3 SIDES - FRONT LOAD GARAGE CONDITION (EXCLUDES CHIMNEY),2140-MON. SLAB MAT'L,30221400210,GENERIC,6.0000,EA,MONO SLAB MATERIAL- P.O. Simpson Mudsill Anchors Galvanized Each,False,
Atlanta,ATL,5471-2044-TOWNS-BL,5471-2044-TOWNS-2BL,BRK_3,1SO0300BRICKWRA0100,BRK_4,BRICK WRAP - 3 SIDES - FRONT LOAD GARAGE CONDITION (EXCLUDES CHIMNEY),4230-BRICK MATERIAL,30442300180,GENERIC,-18.0000,TON,"BRICK MATERIAL - P.O. Fine Brick Mason Sand - One Ton Bag (1 ton per 1,000 brick)",False,
Atlanta,ATL,5471-2044-TOWNS-BL,5471-2044-TOWNS-2BL,BRK_3,1SO0300BRICKWRA0100,BRK_4,BRICK WRAP - 3 SIDES - FRONT LOAD GARAGE CONDITION (EXCLUDES CHIMNEY),2112-SAND,30221120120,GENERIC,25.0000,CY,SAND - P.O. Fine Brick Mason Sand per Cubic Yard,False,
Atlanta,ATL,5471-2044-TOWNS-BL,5471-2044-TOWNS-2BL,BRK_4,1SO0300BRICKWRA0160,BASE,BRICK WRAP - 4 SIDES - FRONT LOAD GARAGE CONDITION (EXCLUDES CHIMNEY),2112-SAND,30221120120,GENERIC,2.0000,CY,SAND - P.O. Fine Brick Mason Sand per Cubic Yard,False,
Atlanta,ATL,5471-2044-TOWNS-BL,5471-2044-TOWNS-2BL,BRK_4,1SO0300BRICKWRA0160,BASE,BRICK WRAP - 4 SIDES - FRONT LOAD GARAGE CONDITION (EXCLUDES CHIMNEY),4230-BRICK MATERIAL,30442300180,GENERIC,-2.0000,TON,"BRICK MATERIAL - P.O. Fine Brick Mason Sand - One Ton Bag (1 ton per 1,000 brick)",False,
Atlanta,ATL,5471-2044-TOWNS-BL,5471-2044-TOWNS-2BL,BRK_4,1SO0300BRICKWRA0160,BRK_3,BRICK WRAP - 4 SIDES - FRONT LOAD GARAGE CONDITION (EXCLUDES CHIMNEY),4230-BRICK MATERIAL,30442300180,GENERIC,-10.0000,TON,"BRICK MATERIAL - P.O. Fine Brick Mason Sand - One Ton Bag (1 ton per 1,000 brick)",False,
Atlanta,ATL,5471-2044-TOWNS-BL,5471-2044-TOWNS-2BL,BRK_4,1SO0300BRICKWRA0160,BRK_3,BRICK WRAP - 4 SIDES - FRONT LOAD GARAGE CONDITION (EXCLUDES CHIMNEY),2112-SAND,30221120120,GENERIC,13.0000,CY,SAND - P.O. Fine Brick Mason Sand per Cubic Yard,False,
Atlanta,ATL,5471-2044-TOWNS-BL,5471-2044-TOWNS-2BL,BRK_4,1SO0300BRICKWRA0160,,BRICK WRAP - 4 SIDES - FRONT LOAD GARAGE CONDITION (EXCLUDES CHIMNEY),2112-SAND,30221120120,GENERIC,25.0000,CY,SAND - P.O. Fine Brick Mason Sand per Cubic Yard,False,
Atlanta,ATL,5471-2044-TOWNS-BL,5471-2044-TOWNS-2BL,BRK_4,1SO0300BRICKWRA0160,,BRICK WRAP - 4 SIDES - FRONT LOAD GARAGE CONDITION (EXCLUDES CHIMNEY),4030-MTL ROOF LBR/TK,30440300120,GENERIC,-8.0000,LF,METAL ROOFING LABOR OR TURNKEY - P.O. Labor to Install Brick Counter Flashing by the Lineal Foot,False,
Atlanta,ATL,5471-2044-TOWNS-BL,5471-2044-TOWNS-2BL,BRK_4,1SO0300BRICKWRA0160,,BRICK WRAP - 4 SIDES - FRONT LOAD GARAGE CONDITION (EXCLUDES CHIMNEY),2104-FOUNDATION FORM,30221040100,GENERIC,-9.0000,EA,FOUNDATION FORM MATERIAL - P.O.  2 X 4 X 16 #3,False,
Atlanta,ATL,5471-2044-TOWNS-BL,5471-2044-TOWNS-2BL,BRK_4,1SO0300BRICKWRA0160,,BRICK WRAP - 4 SIDES - FRONT LOAD GARAGE CONDITION (EXCLUDES CHIMNEY),2104-FOUNDATION FORM,30221040120,GENERIC,-5.0000,EA,FOUNDATION FORM MATERIAL - P.O.  2 X 6 X 16 #3,False,
Atlanta,ATL,5471-2044-TOWNS-BL,5471-2044-TOWNS-2BL,BRK_4,1SO0300BRICKWRA0160,,BRICK WRAP - 4 SIDES - FRONT LOAD GARAGE CONDITION (EXCLUDES CHIMNEY),2310-WATERPROOFING,30223000100,GENERIC,7.0000,SF,WATERPROOFING - P.O. 40 MIL Waterprrofing Membrane by Square Feet,False,
Atlanta,ATL,5471-2044-TOWNS-BL,5471-2044-TOWNS-2BL,BRK_4,1SO0300BRICKWRA0160,,BRICK WRAP - 4 SIDES - FRONT LOAD GARAGE CONDITION (EXCLUDES CHIMNEY),2180-POURED WALL MAT,30221800140,GENERIC,-1.0000,EA,POURED WALL MATERIAL - P.O. Simpson MASA Strap Each,False,
Atlanta,ATL,5471-2044-TOWNS-BL,5471-2044-TOWNS-2BL,BRK_4,1SO0300BRICKWRA0160,,BRICK WRAP - 4 SIDES - FRONT LOAD GARAGE CONDITION (EXCLUDES CHIMNEY),2180-POURED WALL MAT,30221800100,GENERIC,-8.0000,EA,POURED WALL MATERIAL - P.O. #4 Rebar 20' Length Each,False,
Atlanta,ATL,5471-2044-TOWNS-BL,5471-2044-TOWNS-2BL,BRK_4,1SO0300BRICKWRA0160,,BRICK WRAP - 4 SIDES - FRONT LOAD GARAGE CONDITION (EXCLUDES CHIMNEY),4011-ROOF LBR/TKY,30440110100,GENERIC,1.0000,SQ,ROOFING LABOR OR TURNKEY - P.O. Labor Install Roofing by the Square - Three Tab Shingle,False,
Atlanta,ATL,5471-2044-TOWNS-BL,5471-2044-TOWNS-2BL,BRK_4,1SO0300BRICKWRA0160,,BRICK WRAP - 4 SIDES - FRONT LOAD GARAGE CONDITION (EXCLUDES CHIMNEY),4010-ROOF MATERIAL,30440100260,GENERIC,2.0000,LF,"ROOFING MATERIAL - P.O. 6"" Eave Drip (Color to Match Fascia)",False,
Atlanta,ATL,5471-2044-TOWNS-BL,5471-2044-TOWNS-2BL,BRK_4,1SO0300BRICKWRA0160,,BRICK WRAP - 4 SIDES - FRONT LOAD GARAGE CONDITION (EXCLUDES CHIMNEY),4010-ROOF MATERIAL,30440100160,GENERIC,1.0000,EA,ROOFING MATERIAL - P.O. Certainteed Universal Starter Bundle,False,
Atlanta,ATL,5471-2044-TOWNS-BL,5471-2044-TOWNS-2BL,BRK_4,1SO0300BRICKWRA0160,,BRICK WRAP - 4 SIDES - FRONT LOAD GARAGE CONDITION (EXCLUDES CHIMNEY),4010-ROOF MATERIAL,30440100280,GENERIC,-1.0000,EA,"ROOFING MATERIAL - P.O. 5"" x 5"" x 10' L-Flashing",False,
Atlanta,ATL,5471-2044-TOWNS-BL,5471-2044-TOWNS-2BL,BRK_4,1SO0300BRICKWRA0160,,BRICK WRAP - 4 SIDES - FRONT LOAD GARAGE CONDITION (EXCLUDES CHIMNEY),4010-ROOF MATERIAL,30440100100,GENERIC,1.0000,SQ,ROOFING MATERIAL - P.O. Certainteed 25 Year 3 Tab Shingle,False,
Atlanta,ATL,5471-2044-TOWNS-BL,5471-2044-TOWNS-2BL,BRK_4,1SO0300BRICKWRA0160,,BRICK WRAP - 4 SIDES - FRONT LOAD GARAGE CONDITION (EXCLUDES CHIMNEY),4010-ROOF MATERIAL,30440100180,GENERIC,1.0000,EA,ROOFING MATERIAL - P.O. Certainteed Hip and Ridge Bundle,False,
Atlanta,ATL,5471-2044-TOWNS-BL,5471-2044-TOWNS-2BL,BRK_4,1SO0300BRICKWRA0160,,BRICK WRAP - 4 SIDES - FRONT LOAD GARAGE CONDITION (EXCLUDES CHIMNEY),4010-ROOF MATERIAL,30440100300,GENERIC,3.0000,LF,ROOFING MATERIAL - P.O.Step Flashing by the Lineal Foot,False,
Atlanta,ATL,5471-2044-TOWNS-BL,5471-2044-TOWNS-2BL,BRK_4,1SO0300BRICKWRA0160,,BRICK WRAP - 4 SIDES - FRONT LOAD GARAGE CONDITION (EXCLUDES CHIMNEY),4010-ROOF MATERIAL,30440100140,GENERIC,1.0000,ROLL,ROOFING MATERIAL - P.O. Tamko 15# Felt (4 squares per roll),False,
Atlanta,ATL,5471-2044-TOWNS-BL,5471-2044-TOWNS-2BL,BRK_4,1SO0300BRICKWRA0160,,BRICK WRAP - 4 SIDES - FRONT LOAD GARAGE CONDITION (EXCLUDES CHIMNEY),4010-ROOF MATERIAL,30440100200,GENERIC,1.0000,ROLL,ROOFING MATERIAL - P.O. Tamko Moisture Guard Plus,False,
Atlanta,ATL,5471-2044-TOWNS-BL,5471-2044-TOWNS-2BL,BRK_4,1SO0300BRICKWRA0160,,BRICK WRAP - 4 SIDES - FRONT LOAD GARAGE CONDITION (EXCLUDES CHIMNEY),3710-ELECTRIC ROUGH,30337100200,GENERIC,1.0000,EA,ELECTRICAL ROUGH- P.O. Labor and Materials Electrical Item Installed - Duplex Outlet,False,
Atlanta,ATL,5471-2044-TOWNS-BL,5471-2044-TOWNS-2BL,BRK_4,1SO0300BRICKWRA0160,,BRICK WRAP - 4 SIDES - FRONT LOAD GARAGE CONDITION (EXCLUDES CHIMNEY),3720-ELECTRICAL TRIM,30337200200,GENERIC,1.0000,EA,ELECTRICAL TRIM- P.O. Labor and Materials Electrical Item Installed - Duplex Outlet,False,
Atlanta,ATL,5471-2044-TOWNS-BL,5471-2044-TOWNS-2BL,BRK_4,1SO0300BRICKWRA0160,,BRICK WRAP - 4 SIDES - FRONT LOAD GARAGE CONDITION (EXCLUDES CHIMNEY),4230-BRICK MATERIAL,30442300200,GENERIC,5.0000,BOX,BRICK MATERIAL - P.O. Corrugated Brick Wall Ties - Box of 250,False,
Atlanta,ATL,5471-2044-TOWNS-BL,5471-2044-TOWNS-2BL,BRK_4,1SO0300BRICKWRA0160,,BRICK WRAP - 4 SIDES - FRONT LOAD GARAGE CONDITION (EXCLUDES CHIMNEY),4230-BRICK MATERIAL,30442300160,GENERIC,97.0000,BAG,BRICK MATERIAL - P.O. Mortar Type N - Ivorie (1 bag per 33 Square Foot),False,
Atlanta,ATL,5471-2044-TOWNS-BL,5471-2044-TOWNS-2BL,BRK_4,1SO0300BRICKWRA0160,,BRICK WRAP - 4 SIDES - FRONT LOAD GARAGE CONDITION (EXCLUDES CHIMNEY),4230-BRICK MATERIAL,30442300100,GENERIC,17501.0000,EA,BRICK MATERIAL - P.O. Queen Brick by the Brick (520 per Cube; 5.5 per square foot),False,
Atlanta,ATL,5471-2044-TOWNS-BL,5471-2044-TOWNS-2BL,BRK_4,1SO0300BRICKWRA0160,,BRICK WRAP - 4 SIDES - FRONT LOAD GARAGE CONDITION (EXCLUDES CHIMNEY),4230-BRICK MATERIAL,30442300460,GENERIC,4.0000,EA,BRICK MATERIAL - P.O. Lintel 3.5 X 5 X 24,False,
Atlanta,ATL,5471-2044-TOWNS-BL,5471-2044-TOWNS-2BL,BRK_4,1SO0300BRICKWRA0160,,BRICK WRAP - 4 SIDES - FRONT LOAD GARAGE CONDITION (EXCLUDES CHIMNEY),4230-BRICK MATERIAL,30442300300,GENERIC,14.0000,EA,BRICK MATERIAL - P.O. Lintel 3 X 3.5 X 36,False,
Atlanta,ATL,5471-2044-TOWNS-BL,5471-2044-TOWNS-2BL,BRK_4,1SO0300BRICKWRA0160,,BRICK WRAP - 4 SIDES - FRONT LOAD GARAGE CONDITION (EXCLUDES CHIMNEY),4230-BRICK MATERIAL,30442300540,GENERIC,1.0000,EA,BRICK MATERIAL - P.O. Lintel 3.5 X 5 X 48,False,
Atlanta,ATL,5471-2044-TOWNS-BL,5471-2044-TOWNS-2BL,BRK_4,1SO0300BRICKWRA0160,,BRICK WRAP - 4 SIDES - FRONT LOAD GARAGE CONDITION (EXCLUDES CHIMNEY),4230-BRICK MATERIAL,30442300560,GENERIC,1.0000,EA,BRICK MATERIAL - P.O. Lintel 3.5 X 5 X 72,False,
Atlanta,ATL,5471-2044-TOWNS-BL,5471-2044-TOWNS-2BL,BRK_4,1SO0300BRICKWRA0160,,BRICK WRAP - 4 SIDES - FRONT LOAD GARAGE CONDITION (EXCLUDES CHIMNEY),4230-BRICK MATERIAL,30442300720,GENERIC,21.0000,EA,BRICK MATERIAL - P.O. Lag Bolts,False,
Atlanta,ATL,5471-2044-TOWNS-BL,5471-2044-TOWNS-2BL,BRK_4,1SO0300BRICKWRA0160,,BRICK WRAP - 4 SIDES - FRONT LOAD GARAGE CONDITION (EXCLUDES CHIMNEY),4230-BRICK MATERIAL,30442300640,GENERIC,1.0000,EA,BRICK MATERIAL - P.O. Lintel 3.5 X 5  X 108,False,
Atlanta,ATL,5471-2044-TOWNS-BL,5471-2044-TOWNS-2BL,BRK_4,1SO0300BRICKWRA0160,,BRICK WRAP - 4 SIDES - FRONT LOAD GARAGE CONDITION (EXCLUDES CHIMNEY),4230-BRICK MATERIAL,30442300440,GENERIC,1.0000,EA,BRICK MATERIAL - P.O. Lintel 3.5 X 5  X 216,False,
Atlanta,ATL,5471-2044-TOWNS-BL,5471-2044-TOWNS-2BL,BRK_4,1SO0300BRICKWRA0160,,BRICK WRAP - 4 SIDES - FRONT LOAD GARAGE CONDITION (EXCLUDES CHIMNEY),4230-BRICK MATERIAL,30442300240,GENERIC,149.0000,LF,BRICK MATERIAL - P.O. PVC Brick Flashing by the Lineal Foot,False,
Atlanta,ATL,5471-2044-TOWNS-BL,5471-2044-TOWNS-2BL,BRK_4,1SO0300BRICKWRA0160,,BRICK WRAP - 4 SIDES - FRONT LOAD GARAGE CONDITION (EXCLUDES CHIMNEY),4230-BRICK MATERIAL,30442300740,GENERIC,75.0000,EA,BRICK MATERIAL - P.O. Weep Holes EA.,False,
Atlanta,ATL,5471-2044-TOWNS-BL,5471-2044-TOWNS-2BL,BRK_4,1SO0300BRICKWRA0160,,BRICK WRAP - 4 SIDES - FRONT LOAD GARAGE CONDITION (EXCLUDES CHIMNEY),4230-BRICK MATERIAL,30442300220,GENERIC,2.0000,EA,"BRICK MATERIAL - P.O. 13"" Limestone Keystone",False,
Atlanta,ATL,5471-2044-TOWNS-BL,5471-2044-TOWNS-2BL,BRK_4,1SO0300BRICKWRA0160,,BRICK WRAP - 4 SIDES - FRONT LOAD GARAGE CONDITION (EXCLUDES CHIMNEY),4240-BRICK LBR/TKY,30442400100,GENERIC,18.0000,EA,"BRICK LABOR OR TURNKEY - P.O. Brick Labor by the 1,000",False,
Atlanta,ATL,5471-2044-TOWNS-BL,5471-2044-TOWNS-2BL,BRK_4,1SO0300BRICKWRA0160,,BRICK WRAP - 4 SIDES - FRONT LOAD GARAGE CONDITION (EXCLUDES CHIMNEY),5210-TRIM MATERIAL,30552101600,GENERIC,-6.0000,LF,"TRIM MATERIAL - P.O. 2-3/4""  Chair Rail 1001 FJ",False,
Atlanta,ATL,5471-2044-TOWNS-BL,5471-2044-TOWNS-2BL,BRK_4,1SO0300BRICKWRA0160,,BRICK WRAP - 4 SIDES - FRONT LOAD GARAGE CONDITION (EXCLUDES CHIMNEY),5010-DRYWALL MAT'L,30550100110,GENERIC,8.0000,EA,"DRYWALL MATERIAL - P.O. 54""x12'x1/2"" Wall Board",False,
Atlanta,ATL,5471-2044-TOWNS-BL,5471-2044-TOWNS-2BL,BRK_4,1SO0300BRICKWRA0160,,BRICK WRAP - 4 SIDES - FRONT LOAD GARAGE CONDITION (EXCLUDES CHIMNEY),5010-DRYWALL MAT'L,30550100100,GENERIC,1.0000,EA,"DRYWALL MATERIAL - P.O. 48""x12'x1/2"" Wall Board",False,
Atlanta,ATL,5471-2044-TOWNS-BL,5471-2044-TOWNS-2BL,BRK_4,1SO0300BRICKWRA0160,,BRICK WRAP - 4 SIDES - FRONT LOAD GARAGE CONDITION (EXCLUDES CHIMNEY),5010-DRYWALL MAT'L,30550100260,GENERIC,1.0000,EA,"DRYWALL MATERIAL - P.O. 1 1/4"" Drywall Screws (1 lb box)",False,
Atlanta,ATL,5471-2044-TOWNS-BL,5471-2044-TOWNS-2BL,BRK_4,1SO0300BRICKWRA0160,,BRICK WRAP - 4 SIDES - FRONT LOAD GARAGE CONDITION (EXCLUDES CHIMNEY),5010-DRYWALL MAT'L,30550100240,GENERIC,1.0000,BOX,"DRYWALL MATERIAL - P.O. 1 1/4"" Drywall Nails (1 lb box)",False,
Atlanta,ATL,5471-2044-TOWNS-BL,5471-2044-TOWNS-2BL,BRK_4,1SO0300BRICKWRA0160,,BRICK WRAP - 4 SIDES - FRONT LOAD GARAGE CONDITION (EXCLUDES CHIMNEY),5010-DRYWALL MAT'L,30550100220,GENERIC,2.0000,BOX,DRYWALL MATERIAL - P.O. Joint Tape (250 lf),False,
Atlanta,ATL,5471-2044-TOWNS-BL,5471-2044-TOWNS-2BL,BRK_4,1SO0300BRICKWRA0160,,BRICK WRAP - 4 SIDES - FRONT LOAD GARAGE CONDITION (EXCLUDES CHIMNEY),5010-DRYWALL MAT'L,30550100200,GENERIC,1.0000,BOX,DRYWALL MATERIAL - P.O. Joint Compound,False,
Atlanta,ATL,5471-2044-TOWNS-BL,5471-2044-TOWNS-2BL,BRK_4,1SO0300BRICKWRA0160,,BRICK WRAP - 4 SIDES - FRONT LOAD GARAGE CONDITION (EXCLUDES CHIMNEY),5010-DRYWALL MAT'L,30550100180,GENERIC,1.0000,EA,"DRYWALL MATERIAL - P.O. 48""x12'x5/8"" Ceiling Board",False,
Atlanta,ATL,5471-2044-TOWNS-BL,5471-2044-TOWNS-2BL,BRK_4,1SO0300BRICKWRA0160,,BRICK WRAP - 4 SIDES - FRONT LOAD GARAGE CONDITION (EXCLUDES CHIMNEY),5020-DRYWALL LABOR,30550200180,GENERIC,1.0000,EA,DRYWALL LABOR - P.O. Labor to Hang; Finish; and Skim Level 5 Drywall Finish per Board,False,
Atlanta,ATL,5471-2044-TOWNS-BL,5471-2044-TOWNS-2BL,BRK_4,1SO0300BRICKWRA0160,,BRICK WRAP - 4 SIDES - FRONT LOAD GARAGE CONDITION (EXCLUDES CHIMNEY),5740-GUTTERS DWNSPTS,30657400120,GENERIC,1.0000,EA,GUTTERS AND DOWNPSOUTS - P.O. Labor and Materials to Install Downspout One Story,False,
Atlanta,ATL,5471-2044-TOWNS-BL,5471-2044-TOWNS-2BL,BRK_4,1SO0300BRICKWRA0160,,BRICK WRAP - 4 SIDES - FRONT LOAD GARAGE CONDITION (EXCLUDES CHIMNEY),5740-GUTTERS DWNSPTS,30657400100,GENERIC,4.0000,LF,"GUTTERS AND DOWNPSOUTS - P.O. Labor and Materials to Install 5"" Seamless Gutters per Lineal Foot",False,
Atlanta,ATL,5471-2044-TOWNS-BL,5471-2044-TOWNS-2BL,BRK_4,1SO0300BRICKWRA0160,,BRICK WRAP - 4 SIDES - FRONT LOAD GARAGE CONDITION (EXCLUDES CHIMNEY),5740-GUTTERS DWNSPTS,30657400140,GENERIC,-1.0000,EA,GUTTERS AND DOWNPSOUTS - P.O. Labor and Materials to Install Downspout Two Story,False,
Atlanta,ATL,5471-2044-TOWNS-BL,5471-2044-TOWNS-2BL,BRK_4,1SO0300BRICKWRA0160,,BRICK WRAP - 4 SIDES - FRONT LOAD GARAGE CONDITION (EXCLUDES CHIMNEY),4730-INSULATION,30447300320,GENERIC,1.0000,LF,"INSULATION - P.O. Cardboard Baffle 22 1/2"" x 24"" (Service Partner) by the Lineal Foot",False,
Atlanta,ATL,5471-2044-TOWNS-BL,5471-2044-TOWNS-2BL,BRK_4,1SO0300BRICKWRA0160,,BRICK WRAP - 4 SIDES - FRONT LOAD GARAGE CONDITION (EXCLUDES CHIMNEY),4730-INSULATION,30447300120,GENERIC,1293.0000,SF,"INSULATION - P.O. R-13 Craft Faced Batt Insulation (Certainteed 15""x 70'6"" rolls) by the Square Foot",False,
Atlanta,ATL,5471-2044-TOWNS-BL,5471-2044-TOWNS-2BL,BRK_4,1SO0300BRICKWRA0160,,BRICK WRAP - 4 SIDES - FRONT LOAD GARAGE CONDITION (EXCLUDES CHIMNEY),4730-INSULATION,30447300160,GENERIC,-1290.0000,SF,"INSULATION - P.O. R-19 Craft Faced Batt Insulation (Certainteed 23"" x 70'6"" rolls) by the Square Foot",False,
Atlanta,ATL,5471-2044-TOWNS-BL,5471-2044-TOWNS-2BL,BRK_4,1SO0300BRICKWRA0160,,BRICK WRAP - 4 SIDES - FRONT LOAD GARAGE CONDITION (EXCLUDES CHIMNEY),4130-SIDING MATERIAL,30441300300,GENERIC,-4.0000,EA,SIDING MATERIAL - P.O. James Hardie  Trim Boards  - 5/4x6x16 - Primed,False,
Atlanta,ATL,5471-2044-TOWNS-BL,5471-2044-TOWNS-2BL,BRK_4,1SO0300BRICKWRA0160,,BRICK WRAP - 4 SIDES - FRONT LOAD GARAGE CONDITION (EXCLUDES CHIMNEY),4130-SIDING MATERIAL,30441300280,GENERIC,-2.0000,EA,SIDING MATERIAL - P.O. James Hardie Trim Boards - 5/4x4x16 - Primed,False,
Atlanta,ATL,5471-2044-TOWNS-BL,5471-2044-TOWNS-2BL,BRK_4,1SO0300BRICKWRA0160,,BRICK WRAP - 4 SIDES - FRONT LOAD GARAGE CONDITION (EXCLUDES CHIMNEY),4130-SIDING MATERIAL,30441300260,GENERIC,5.0000,LF,"SIDING MATERIAL - P.O. ACM Trim Coil 24"" x 50' Roll (Color to match Trim) by the Lineal Foot",False,
Atlanta,ATL,5471-2044-TOWNS-BL,5471-2044-TOWNS-2BL,BRK_4,1SO0300BRICKWRA0160,,BRICK WRAP - 4 SIDES - FRONT LOAD GARAGE CONDITION (EXCLUDES CHIMNEY),4130-SIDING MATERIAL,30441300240,GENERIC,11.0000,LF,SIDING MATERIAL - P.O. Vinyl Soffit - Royal Triple 4 Traditional Soffit Solid by the Lineal Foot,False,
Atlanta,ATL,5471-2044-TOWNS-BL,5471-2044-TOWNS-2BL,BRK_4,1SO0300BRICKWRA0160,,BRICK WRAP - 4 SIDES - FRONT LOAD GARAGE CONDITION (EXCLUDES CHIMNEY),4130-SIDING MATERIAL,30441300220,GENERIC,58.0000,LF,SIDING MATERIAL - P.O. Vinyl Soffit - Royal Triple 4 Traditional Soffit Fully Vented by the Lineal Foot,False,
Atlanta,ATL,5471-2044-TOWNS-BL,5471-2044-TOWNS-2BL,BRK_4,1SO0300BRICKWRA0160,,BRICK WRAP - 4 SIDES - FRONT LOAD GARAGE CONDITION (EXCLUDES CHIMNEY),4130-SIDING MATERIAL,30441300700,GENERIC,3.0000,SQ,SIDING MATERIAL - P.O. Housewrap - Techwrap by the Square (Includes seam tape),False,
Atlanta,ATL,5471-2044-TOWNS-BL,5471-2044-TOWNS-2BL,BRK_4,1SO0300BRICKWRA0160,,BRICK WRAP - 4 SIDES - FRONT LOAD GARAGE CONDITION (EXCLUDES CHIMNEY),4130-SIDING MATERIAL,30441300120,GENERIC,1.0000,SQ,SIDING MATERIAL - P.O. James Hardie Board n Batten 4'x10' Sheets 1x2 Batten Strips per Square - Primed,False,
Atlanta,ATL,5471-2044-TOWNS-BL,5471-2044-TOWNS-2BL,BRK_4,1SO0300BRICKWRA0160,,BRICK WRAP - 4 SIDES - FRONT LOAD GARAGE CONDITION (EXCLUDES CHIMNEY),4130-SIDING MATERIAL,30441300100,GENERIC,-30.0000,SQ,"SIDING MATERIAL - P.O. Cemplank by James Hardie Select Cedarmill 8.25"" Lap Siding (7"" exposure) per Square - Primed",False,
Atlanta,ATL,5471-2044-TOWNS-BL,5471-2044-TOWNS-2BL,BRK_4,1SO0300BRICKWRA0160,,BRICK WRAP - 4 SIDES - FRONT LOAD GARAGE CONDITION (EXCLUDES CHIMNEY),4130-SIDING MATERIAL,30441300270,GENERIC,1.0000,LF,SIDING MATERIAL - P.O. ACM Trim Coil Water Table Flashing (Color to match Siding) by the Lineal Foot,False,
Atlanta,ATL,5471-2044-TOWNS-BL,5471-2044-TOWNS-2BL,BRK_4,1SO0300BRICKWRA0160,,BRICK WRAP - 4 SIDES - FRONT LOAD GARAGE CONDITION (EXCLUDES CHIMNEY),4131-SIDING LBR/TKY,30441310300,GENERIC,-4.0000,EA,SIDING LABOR OR TURNKEY - P.O. James Hardie  Trim Boards  - 5/4x6x16 - Primed,False,
Atlanta,ATL,5471-2044-TOWNS-BL,5471-2044-TOWNS-2BL,BRK_4,1SO0300BRICKWRA0160,,BRICK WRAP - 4 SIDES - FRONT LOAD GARAGE CONDITION (EXCLUDES CHIMNEY),4131-SIDING LBR/TKY,30441310280,GENERIC,-2.0000,EA,SIDING LABOR OR TURNKEY - P.O. James Hardie Trim Boards - 5/4x4x16 - Primed,False,
Atlanta,ATL,5471-2044-TOWNS-BL,5471-2044-TOWNS-2BL,BRK_4,1SO0300BRICKWRA0160,,BRICK WRAP - 4 SIDES - FRONT LOAD GARAGE CONDITION (EXCLUDES CHIMNEY),4131-SIDING LBR/TKY,30441310260,GENERIC,5.0000,LF,"SIDING LABOR OR TURNKEY - P.O. ACM Trim Coil 24"" x 50' Roll (Color to match Trim) by Lineal Feet",False,
Atlanta,ATL,5471-2044-TOWNS-BL,5471-2044-TOWNS-2BL,BRK_4,1SO0300BRICKWRA0160,,BRICK WRAP - 4 SIDES - FRONT LOAD GARAGE CONDITION (EXCLUDES CHIMNEY),4131-SIDING LBR/TKY,30441310240,GENERIC,11.0000,LF,SIDING LABOR OR TURNKEY - P.O. Vinyl Soffit - Royal Triple 4 Traditional Soffit Solid by Lineal Feet,False,
Atlanta,ATL,5471-2044-TOWNS-BL,5471-2044-TOWNS-2BL,BRK_4,1SO0300BRICKWRA0160,,BRICK WRAP - 4 SIDES - FRONT LOAD GARAGE CONDITION (EXCLUDES CHIMNEY),4131-SIDING LBR/TKY,30441310220,GENERIC,58.0000,LF,SIDING LABOR OR TURNKEY - P.O. Vinyl Soffit - Royal Triple 4 Traditional Soffit Fully Vented by Lineal Feet,False,
Atlanta,ATL,5471-2044-TOWNS-BL,5471-2044-TOWNS-2BL,BRK_4,1SO0300BRICKWRA0160,,BRICK WRAP - 4 SIDES - FRONT LOAD GARAGE CONDITION (EXCLUDES CHIMNEY),4131-SIDING LBR/TKY,30441310700,GENERIC,2.0000,SQ,SIDING LABOR OR TURNKEY - P.O. Housewrap - Techwrap by the Square (Includes seam tape),False,
Atlanta,ATL,5471-2044-TOWNS-BL,5471-2044-TOWNS-2BL,BRK_4,1SO0300BRICKWRA0160,,BRICK WRAP - 4 SIDES - FRONT LOAD GARAGE CONDITION (EXCLUDES CHIMNEY),4131-SIDING LBR/TKY,30441310120,GENERIC,1.0000,SQ,SIDING LABOR OR TURNKEY - P.O. James Hardie Board n Batten 4'x10' Sheets 1x2 Batten Strips per Square - Primed,False,
Atlanta,ATL,5471-2044-TOWNS-BL,5471-2044-TOWNS-2BL,BRK_4,1SO0300BRICKWRA0160,,BRICK WRAP - 4 SIDES - FRONT LOAD GARAGE CONDITION (EXCLUDES CHIMNEY),4131-SIDING LBR/TKY,30441310100,GENERIC,-30.0000,SQ,"SIDING LABOR OR TURNKEY - P.O. Cemplank by James Hardie Select Cedarmill 8.25"" Lap Siding (7"" exposure) per Square - Primed",False,
Atlanta,ATL,5471-2044-TOWNS-BL,5471-2044-TOWNS-2BL,BRK_4,1SO0300BRICKWRA0160,,BRICK WRAP - 4 SIDES - FRONT LOAD GARAGE CONDITION (EXCLUDES CHIMNEY),4131-SIDING LBR/TKY,30441310270,GENERIC,1.0000,LF,SIDING LABOR OR TURNKEY - P.O. ACM Trim Coil Water Table Flashing (Color to match Siding) by the Lineal Foot,False,
Atlanta,ATL,5471-2044-TOWNS-BL,5471-2044-TOWNS-2BL,BRK_4,1SO0300BRICKWRA0160,,BRICK WRAP - 4 SIDES - FRONT LOAD GARAGE CONDITION (EXCLUDES CHIMNEY),4910-EXTERIOR PAINT,30449100340,GENERIC,-79.0000,LF,EXTERIOR PAINTING TURNKEY - P.O. Cement Board Siding Trim Painting by the Lineal Foot,False,
Atlanta,ATL,5471-2044-TOWNS-BL,5471-2044-TOWNS-2BL,BRK_4,1SO0300BRICKWRA0160,,BRICK WRAP - 4 SIDES - FRONT LOAD GARAGE CONDITION (EXCLUDES CHIMNEY),4910-EXTERIOR PAINT,30449100100,GENERIC,-2513.0000,SF,EXTERIOR PAINTING TURNKEY - P.O. Primed Cement Board Siding Painting by the Square Foot,False,
Atlanta,ATL,5471-2044-TOWNS-BL,5471-2044-TOWNS-2BL,BRK_4,1SO0300BRICKWRA0160,,BRICK WRAP - 4 SIDES - FRONT LOAD GARAGE CONDITION (EXCLUDES CHIMNEY),4910-EXTERIOR PAINT,30449100380,GENERIC,22.0000,EA,EXTERIOR PAINTING TURNKEY - P.O. Masonry Lintel Painting Each,False,
Atlanta,ATL,5471-2044-TOWNS-BL,5471-2044-TOWNS-2BL,BRK_4,1SO0300BRICKWRA0160,,BRICK WRAP - 4 SIDES - FRONT LOAD GARAGE CONDITION (EXCLUDES CHIMNEY),3202-FRAME MAT'L 2ND,30332025620,GENERIC,1.0000,EA,"FRAMING MATERIAL 2ND - P.O.  7/16"" Plywood Clips (1 Box- 250 pcs)",False,
Atlanta,ATL,5471-2044-TOWNS-BL,5471-2044-TOWNS-2BL,BRK_4,1SO0300BRICKWRA0160,,BRICK WRAP - 4 SIDES - FRONT LOAD GARAGE CONDITION (EXCLUDES CHIMNEY),3202-FRAME MAT'L 2ND,30332020260,GENERIC,2.0000,EA,"FRAMING MATERIAL 2ND - P.O.  7/16"" OSB",False,
Atlanta,ATL,5471-2044-TOWNS-BL,5471-2044-TOWNS-2BL,BRK_4,1SO0300BRICKWRA0160,,BRICK WRAP - 4 SIDES - FRONT LOAD GARAGE CONDITION (EXCLUDES CHIMNEY),3202-FRAME MAT'L 2ND,30332021020,GENERIC,1.0000,EA,FRAMING MATERIAL 2ND - P.O.  2 X 8 X 16 #3 SPF,False,
Atlanta,ATL,5471-2044-TOWNS-BL,5471-2044-TOWNS-2BL,BRK_4,1SO0300BRICKWRA0160,,BRICK WRAP - 4 SIDES - FRONT LOAD GARAGE CONDITION (EXCLUDES CHIMNEY),3202-FRAME MAT'L 2ND,30332020820,GENERIC,1.0000,EA,FRAMING MATERIAL 2ND - P.O.  2 X 6 X 16 #3 SPF,False,
Atlanta,ATL,5471-2044-TOWNS-BL,5471-2044-TOWNS-2BL,BRK_4,1SO0300BRICKWRA0160,,BRICK WRAP - 4 SIDES - FRONT LOAD GARAGE CONDITION (EXCLUDES CHIMNEY),3202-FRAME MAT'L 2ND,30332025600,GENERIC,2.0000,EA,FRAMING MATERIAL 2ND - P.O.  H2.5 Hurrican Rafter Tie,False,
Atlanta,ATL,5471-2044-TOWNS-BL,5471-2044-TOWNS-2BL,BRK_4,1SO0300BRICKWRA0160,,BRICK WRAP - 4 SIDES - FRONT LOAD GARAGE CONDITION (EXCLUDES CHIMNEY),3202-FRAME MAT'L 2ND,30332021440,GENERIC,1.0000,EA,FRAMING MATERIAL 2ND - P.O.  2 X 6 X 16 #2 SPF,False,
Atlanta,ATL,5471-2044-TOWNS-BL,5471-2044-TOWNS-2BL,BRK_4,1SO0300BRICKWRA0160,,BRICK WRAP - 4 SIDES - FRONT LOAD GARAGE CONDITION (EXCLUDES CHIMNEY),3202-FRAME MAT'L 2ND,30332020680,GENERIC,3.0000,EA,FRAMING MATERIAL 2ND - P.O.  2 X 4 X 16 #3 SPF,False,
Atlanta,ATL,5471-2044-TOWNS-BL,5471-2044-TOWNS-2BL,BRK_4,1SO0300BRICKWRA0160,,BRICK WRAP - 4 SIDES - FRONT LOAD GARAGE CONDITION (EXCLUDES CHIMNEY),3202-FRAME MAT'L 2ND,30332020360,GENERIC,-1.0000,EA,FRAMING MATERIAL 2ND - P.O.  2 X 4 X 8 Pre-Cut Studs,False,
Atlanta,ATL,5471-2044-TOWNS-BL,5471-2044-TOWNS-2BL,BRK_4,1SO0300BRICKWRA0160,,BRICK WRAP - 4 SIDES - FRONT LOAD GARAGE CONDITION (EXCLUDES CHIMNEY),2142-MON. SLAB LBR/TKY,30221420100,GENERIC,72.0000,SF,MONO SLAB LABOR - P.O. Monolithic Slab Labor by Square Foot,False,
Atlanta,ATL,5471-2044-TOWNS-BL,5471-2044-TOWNS-2BL,BRK_4,1SO0300BRICKWRA0160,,BRICK WRAP - 4 SIDES - FRONT LOAD GARAGE CONDITION (EXCLUDES CHIMNEY),2121-SLAB PUMPING,30221210120,GENERIC,-5.0000,CY,SLAB PUMPING - P.O. Rental Concrete Pump Truck per Cubic Yard,False,
Atlanta,ATL,5471-2044-TOWNS-BL,5471-2044-TOWNS-2BL,BRK_4,1SO0300BRICKWRA0160,,BRICK WRAP - 4 SIDES - FRONT LOAD GARAGE CONDITION (EXCLUDES CHIMNEY),2121-SLAB PUMPING,30221210100,GENERIC,1.0000,HR,SLAB PUMPING - P.O. Rental Concrete Pump Truck per Hour,False,
Atlanta,ATL,5471-2044-TOWNS-BL,5471-2044-TOWNS-2BL,BRK_4,1SO0300BRICKWRA0160,,BRICK WRAP - 4 SIDES - FRONT LOAD GARAGE CONDITION (EXCLUDES CHIMNEY),2141-MON. SLAB CONC,30221410110,GENERIC,-1.0000,EA,MONO SLAB CONCRETE - P.O. Fuel Surcharge,False,
Atlanta,ATL,5471-2044-TOWNS-BL,5471-2044-TOWNS-2BL,BRK_4,1SO0300BRICKWRA0160,,BRICK WRAP - 4 SIDES - FRONT LOAD GARAGE CONDITION (EXCLUDES CHIMNEY),2141-MON. SLAB CONC,30221410105,GENERIC,-1.0000,EA,MONO SLAB CONCRETE - P.O. Environmental Fee,False,
Atlanta,ATL,5471-2044-TOWNS-BL,5471-2044-TOWNS-2BL,BRK_4,1SO0300BRICKWRA0160,,BRICK WRAP - 4 SIDES - FRONT LOAD GARAGE CONDITION (EXCLUDES CHIMNEY),2141-MON. SLAB CONC,30221410100,GENERIC,-5.0000,CY,"MONO SLAB CONCRETE - P.O. 3,000 PSI Slab MonoSlab Concrete Delivered to Site Per Cubic Yard",False,
Atlanta,ATL,5471-2044-TOWNS-BL,5471-2044-TOWNS-2BL,BRK_4,1SO0300BRICKWRA0160,,BRICK WRAP - 4 SIDES - FRONT LOAD GARAGE CONDITION (EXCLUDES CHIMNEY),1.4-Key Measures-Fnd/Bsmt,FTG_08x20,GENERIC,-75.0000,LF,8'' x 20'' Footing,False,
Atlanta,ATL,5471-2044-TOWNS-BL,5471-2044-TOWNS-2BL,BRK_4,1SO0300BRICKWRA0160,,BRICK WRAP - 4 SIDES - FRONT LOAD GARAGE CONDITION (EXCLUDES CHIMNEY),1.1-Key Measures Master-1st Floor,RM_PR_FA_CR,GENERIC,-3.0000,LF,Family Room Chair Rail,False,
Atlanta,ATL,5471-2044-TOWNS-BL,5471-2044-TOWNS-2BL,BRK_4,1SO0300BRICKWRA0160,,BRICK WRAP - 4 SIDES - FRONT LOAD GARAGE CONDITION (EXCLUDES CHIMNEY),1.1-Key Measures Master-1st Floor,EF_BRI_NET,GENERIC,2714.0000,SF,Net Area of Brick Material,False,
Atlanta,ATL,5471-2044-TOWNS-BL,5471-2044-TOWNS-2BL,BRK_4,1SO0300BRICKWRA0160,,BRICK WRAP - 4 SIDES - FRONT LOAD GARAGE CONDITION (EXCLUDES CHIMNEY),1.1-Key Measures Master-1st Floor,RFSK,GENERIC,6.0000,SF,RFSK Foundation Insulation,False,
Atlanta,ATL,5471-2044-TOWNS-BL,5471-2044-TOWNS-2BL,BRK_4,1SO0300BRICKWRA0160,,BRICK WRAP - 4 SIDES - FRONT LOAD GARAGE CONDITION (EXCLUDES CHIMNEY),1.1-Key Measures Master-1st Floor,FTG_08x24,GENERIC,77.0000,LF,8'' x 24'' Footing,False,
Atlanta,ATL,5471-2044-TOWNS-BL,5471-2044-TOWNS-2BL,BRK_4,1SO0300BRICKWRA0160,,BRICK WRAP - 4 SIDES - FRONT LOAD GARAGE CONDITION (EXCLUDES CHIMNEY),1.1-Key Measures Master-1st Floor,WA_PC_20x20,GENERIC,70.0000,LF,20'' x 20'' Poured Concrete,False,
Atlanta,ATL,5471-2044-TOWNS-BL,5471-2044-TOWNS-2BL,BRK_4,1SO0300BRICKWRA0160,,BRICK WRAP - 4 SIDES - FRONT LOAD GARAGE CONDITION (EXCLUDES CHIMNEY),1.1-Key Measures Master-1st Floor,STL_LINTEL,GENERIC,85.0000,LF,Steel Lintel,False,
Atlanta,ATL,5471-2044-TOWNS-BL,5471-2044-TOWNS-2BL,BRK_4,1SO0300BRICKWRA0160,,BRICK WRAP - 4 SIDES - FRONT LOAD GARAGE CONDITION (EXCLUDES CHIMNEY),1.1-Key Measures Master-1st Floor,WE_2x6_GB_09,GENERIC,-29.0000,LF,LF Exterior 2x6 9',False,
Atlanta,ATL,5471-2044-TOWNS-BL,5471-2044-TOWNS-2BL,BRK_4,1SO0300BRICKWRA0160,,BRICK WRAP - 4 SIDES - FRONT LOAD GARAGE CONDITION (EXCLUDES CHIMNEY),1.1-Key Measures Master-1st Floor,WE_2x6_GB_G10,GENERIC,-2.0000,LF,LF Exterior 2x6 Over 10',False,
Atlanta,ATL,5471-2044-TOWNS-BL,5471-2044-TOWNS-2BL,BRK_4,1SO0300BRICKWRA0160,,BRICK WRAP - 4 SIDES - FRONT LOAD GARAGE CONDITION (EXCLUDES CHIMNEY),3201-FRAME MAT'L 1ST,30332012160,GENERIC,2.0000,EA,FRAMING MATERIAL 1ST - P.O.  2 X 4 X 16 Pressure Treated,False,
Atlanta,ATL,5471-2044-TOWNS-BL,5471-2044-TOWNS-2BL,BRK_4,1SO0300BRICKWRA0160,,BRICK WRAP - 4 SIDES - FRONT LOAD GARAGE CONDITION (EXCLUDES CHIMNEY),3201-FRAME MAT'L 1ST,30332010380,GENERIC,25.0000,EA,FRAMING MATERIAL 1ST - P.O.  2 X 4 X 9 Pre-Cut Studs,False,
Atlanta,ATL,5471-2044-TOWNS-BL,5471-2044-TOWNS-2BL,BRK_4,1SO0300BRICKWRA0160,,BRICK WRAP - 4 SIDES - FRONT LOAD GARAGE CONDITION (EXCLUDES CHIMNEY),3201-FRAME MAT'L 1ST,30332010680,GENERIC,1.0000,EA,FRAMING MATERIAL 1ST - P.O.  2 X 4 X 16 #3 SPF,False,
Atlanta,ATL,5471-2044-TOWNS-BL,5471-2044-TOWNS-2BL,BRK_4,1SO0300BRICKWRA0160,,BRICK WRAP - 4 SIDES - FRONT LOAD GARAGE CONDITION (EXCLUDES CHIMNEY),3201-FRAME MAT'L 1ST,30332011340,GENERIC,6.0000,EA,FRAMING MATERIAL 1ST - P.O.  2 X 4 X 16 #2 SPF,False,
Atlanta,ATL,5471-2044-TOWNS-BL,5471-2044-TOWNS-2BL,BRK_4,1SO0300BRICKWRA0160,,BRICK WRAP - 4 SIDES - FRONT LOAD GARAGE CONDITION (EXCLUDES CHIMNEY),3201-FRAME MAT'L 1ST,30332010440,GENERIC,-2.0000,EA,FRAMING MATERIAL 1ST - P.O.  2 X 6 X 9 Pre-Cut Studs,False,
Atlanta,ATL,5471-2044-TOWNS-BL,5471-2044-TOWNS-2BL,BRK_4,1SO0300BRICKWRA0160,,BRICK WRAP - 4 SIDES - FRONT LOAD GARAGE CONDITION (EXCLUDES CHIMNEY),3201-FRAME MAT'L 1ST,30332012220,GENERIC,1.0000,EA,FRAMING MATERIAL 1ST - P.O.  2 X 6 X 16 Pressure Treated,False,
Atlanta,ATL,5471-2044-TOWNS-BL,5471-2044-TOWNS-2BL,BRK_4,1SO0300BRICKWRA0160,,BRICK WRAP - 4 SIDES - FRONT LOAD GARAGE CONDITION (EXCLUDES CHIMNEY),2140-MON. SLAB MAT'L,30221400210,GENERIC,5.0000,EA,MONO SLAB MATERIAL- P.O. Simpson Mudsill Anchors Galvanized Each,False,
Atlanta,ATL,5471-2044-TOWNS-BL,5471-2044-TOWNS-2BL,BRK_4,1SO0300BRICKWRA0160,,BRICK WRAP - 4 SIDES - FRONT LOAD GARAGE CONDITION (EXCLUDES CHIMNEY),2140-MON. SLAB MAT'L,30221400260,GENERIC,1.0000,ROLL,"MONO SLAB MATERIAL- P.O. 2"" Duct Tape (100' Roll) Each",False,
Atlanta,ATL,5471-2044-TOWNS-BL,5471-2044-TOWNS-2BL,BRK_4,1SO0300BRICKWRA0160,,BRICK WRAP - 4 SIDES - FRONT LOAD GARAGE CONDITION (EXCLUDES CHIMNEY),2140-MON. SLAB MAT'L,30221400300,GENERIC,1.0000,BAG,MONO SLAB MATERIAL- P.O. Welded Wire Mesh Up Chairs (Bag of 100) Each,False,
Atlanta,ATL,5471-2044-TOWNS-BL,5471-2044-TOWNS-2BL,BRK_4,1SO0300BRICKWRA0160,,BRICK WRAP - 4 SIDES - FRONT LOAD GARAGE CONDITION (EXCLUDES CHIMNEY),2140-MON. SLAB MAT'L,30221400280,GENERIC,1.0000,ROLL,MONO SLAB MATERIAL- P.O. Welded Wire Mesh (650 sf roll) Each,False,
Atlanta,ATL,5471-2044-TOWNS-BL,5471-2044-TOWNS-2BL,BRK_4,1SO0300BRICKWRA0160,,BRICK WRAP - 4 SIDES - FRONT LOAD GARAGE CONDITION (EXCLUDES CHIMNEY),2140-MON. SLAB MAT'L,30221400240,GENERIC,1.0000,ROLL,MONO SLAB MATERIAL- P.O. 6 MIL Visqueen (20'x100' roll) Each,False,
Atlanta,ATL,5471-2044-TOWNS-BL,5471-2044-TOWNS-2BL,BUILT_IN_FAM,2DC0603CABINETS0500,,CABINETS - AK-BUILTIN DESK - LEVEL A-STANDARD - INCLUDES CROWN MOULDING,5210-TRIM MATERIAL,30552102280,GENERIC,1.0000,LF,TRIM MATERIAL - P.O. Primed Shoe Mld,False,
Atlanta,ATL,5471-2044-TOWNS-BL,5471-2044-TOWNS-2BL,BUILT_IN_FAM,2DC0603CABINETS0500,,CABINETS - AK-BUILTIN DESK - LEVEL A-STANDARD - INCLUDES CROWN MOULDING,5261-SHOE LBR/TKY,30552610100,GENERIC,3.0000,LF,SHOE MOULD LABOR OR TURNKEY - P.O. Labor and Fasteners to Install Shoe Moulding by the Lineal Foot,False,
Atlanta,ATL,5471-2044-TOWNS-BL,5471-2044-TOWNS-2BL,BUILT_IN_FAM,2DC0603CABINETS0500,,CABINETS - AK-BUILTIN DESK - LEVEL A-STANDARD - INCLUDES CROWN MOULDING,5160-HARDWOOD LBR/TK,30551600100,GENERIC,-1.0000,SF,HARDWOOD LABOR OR TURNKEY - P.O. Labor and Materials to Install Level Standard Hardwood Flooring on Concrete by the Square Foot,False,
Atlanta,ATL,5471-2044-TOWNS-BL,5471-2044-TOWNS-2BL,BUILT_IN_FAM,2DC0603CABINETS0500,,CABINETS - AK-BUILTIN DESK - LEVEL A-STANDARD - INCLUDES CROWN MOULDING,3760-LIGHT FIXTURES,30337600200,GENERIC,-1.0000,EA,LIGHT FIXTURES - P.O. Level Standard Hallway; Office; Bedroom,False,
Atlanta,ATL,5471-2044-TOWNS-BL,5471-2044-TOWNS-2BL,BUILT_IN_FAM,2DC0603CABINETS0500,,CABINETS - AK-BUILTIN DESK - LEVEL A-STANDARD - INCLUDES CROWN MOULDING,3760-LIGHT FIXTURES,30337600160,GENERIC,1.0000,EA,LIGHT FIXTURES - P.O. Level Standard Foyer Hanging,False,
Atlanta,ATL,5471-2044-TOWNS-BL,5471-2044-TOWNS-2BL,BUILT_IN_FAM,2DC0603CABINETS0500,,CABINETS - AK-BUILTIN DESK - LEVEL A-STANDARD - INCLUDES CROWN MOULDING,3710-ELECTRIC ROUGH,30337100200,GENERIC,-1.0000,EA,ELECTRICAL ROUGH- P.O. Labor and Materials Electrical Item Installed - Duplex Outlet,False,
Atlanta,ATL,5471-2044-TOWNS-BL,5471-2044-TOWNS-2BL,BUILT_IN_FAM,2DC0603CABINETS0500,,CABINETS - AK-BUILTIN DESK - LEVEL A-STANDARD - INCLUDES CROWN MOULDING,3720-ELECTRICAL TRIM,30337200200,GENERIC,-1.0000,EA,ELECTRICAL TRIM- P.O. Labor and Materials Electrical Item Installed - Duplex Outlet,False,
Atlanta,ATL,5471-2044-TOWNS-BL,5471-2044-TOWNS-2BL,BUILT_IN_FAM,2DC0603CABINETS0500,,CABINETS - AK-BUILTIN DESK - LEVEL A-STANDARD - INCLUDES CROWN MOULDING,3810-HVAC ROUGH,30338100100,GENERIC,-1.0000,EA,HVAC ROUGH - P.O. Labor and Materials (Excluding Equipment and Gas Lines) HVAC System - per Room,False,
Atlanta,ATL,5471-2044-TOWNS-BL,5471-2044-TOWNS-2BL,BUILT_IN_FAM,2DC0603CABINETS0500,,CABINETS - AK-BUILTIN DESK - LEVEL A-STANDARD - INCLUDES CROWN MOULDING,3820-HVAC TRIM,30338200100,GENERIC,-1.0000,EA,HVAC TRIM - P.O. Labor and Materials (Excluding Equipment and Gas Lines) HVAC System - per Room,False,
Atlanta,ATL,5471-2044-TOWNS-BL,5471-2044-TOWNS-2BL,BUILT_IN_FAM,2DC0603CABINETS0500,,CABINETS - AK-BUILTIN DESK - LEVEL A-STANDARD - INCLUDES CROWN MOULDING,5010-DRYWALL MAT'L,30550100110,GENERIC,90.0000,EA,"DRYWALL MATERIAL - P.O. 54""x12'x1/2"" Wall Board",False,
Atlanta,ATL,5471-2044-TOWNS-BL,5471-2044-TOWNS-2BL,BUILT_IN_FAM,2DC0603CABINETS0500,,CABINETS - AK-BUILTIN DESK - LEVEL A-STANDARD - INCLUDES CROWN MOULDING,5010-DRYWALL MAT'L,30550100100,GENERIC,2.0000,EA,"DRYWALL MATERIAL - P.O. 48""x12'x1/2"" Wall Board",False,
Atlanta,ATL,5471-2044-TOWNS-BL,5471-2044-TOWNS-2BL,BUILT_IN_FAM,2DC0603CABINETS0500,,CABINETS - AK-BUILTIN DESK - LEVEL A-STANDARD - INCLUDES CROWN MOULDING,5010-DRYWALL MAT'L,30550100260,GENERIC,1.0000,EA,"DRYWALL MATERIAL - P.O. 1 1/4"" Drywall Screws (1 lb box)",False,
Atlanta,ATL,5471-2044-TOWNS-BL,5471-2044-TOWNS-2BL,BUILT_IN_FAM,2DC0603CABINETS0500,,CABINETS - AK-BUILTIN DESK - LEVEL A-STANDARD - INCLUDES CROWN MOULDING,5010-DRYWALL MAT'L,30550100240,GENERIC,1.0000,BOX,"DRYWALL MATERIAL - P.O. 1 1/4"" Drywall Nails (1 lb box)",False,
Atlanta,ATL,5471-2044-TOWNS-BL,5471-2044-TOWNS-2BL,BUILT_IN_FAM,2DC0603CABINETS0500,,CABINETS - AK-BUILTIN DESK - LEVEL A-STANDARD - INCLUDES CROWN MOULDING,5010-DRYWALL MAT'L,30550100220,GENERIC,6.0000,BOX,DRYWALL MATERIAL - P.O. Joint Tape (250 lf),False,
Atlanta,ATL,5471-2044-TOWNS-BL,5471-2044-TOWNS-2BL,BUILT_IN_FAM,2DC0603CABINETS0500,,CABINETS - AK-BUILTIN DESK - LEVEL A-STANDARD - INCLUDES CROWN MOULDING,5010-DRYWALL MAT'L,30550100200,GENERIC,1.0000,BOX,DRYWALL MATERIAL - P.O. Joint Compound,False,
Atlanta,ATL,5471-2044-TOWNS-BL,5471-2044-TOWNS-2BL,BUILT_IN_FAM,2DC0603CABINETS0500,,CABINETS - AK-BUILTIN DESK - LEVEL A-STANDARD - INCLUDES CROWN MOULDING,5020-DRYWALL LABOR,30550200180,GENERIC,2.0000,EA,DRYWALL LABOR - P.O. Labor to Hang; Finish; and Skim Level 5 Drywall Finish per Board,False,
Atlanta,ATL,5471-2044-TOWNS-BL,5471-2044-TOWNS-2BL,BUILT_IN_FAM,2DC0603CABINETS0500,,CABINETS - AK-BUILTIN DESK - LEVEL A-STANDARD - INCLUDES CROWN MOULDING,1.1-Key Measures Master-1st Floor,RM_PR_FA_CM,GENERIC,-10.0000,LF,Family Room Crown Mould,False,
Atlanta,ATL,5471-2044-TOWNS-BL,5471-2044-TOWNS-2BL,BUILT_IN_FAM,2DC0603CABINETS0500,,CABINETS - AK-BUILTIN DESK - LEVEL A-STANDARD - INCLUDES CROWN MOULDING,1.1-Key Measures Master-1st Floor,RM_PR_FA_CR,GENERIC,-7.0000,LF,Family Room Chair Rail,False,
Atlanta,ATL,5471-2044-TOWNS-BL,5471-2044-TOWNS-2BL,BUILT_IN_FAM,2DC0603CABINETS0500,,CABINETS - AK-BUILTIN DESK - LEVEL A-STANDARD - INCLUDES CROWN MOULDING,1.1-Key Measures Master-1st Floor,RM_PR_FY2_CR,GENERIC,3.0000,LF,Foyer 2 Sory Chair Rail,False,
Atlanta,ATL,5471-2044-TOWNS-BL,5471-2044-TOWNS-2BL,BUILT_IN_FAM,2DC0603CABINETS0500,,CABINETS - AK-BUILTIN DESK - LEVEL A-STANDARD - INCLUDES CROWN MOULDING,5240-CLOSET SHELVING,30552400200,GENERIC,100.0000,LF,"CLOSET SHELVING - P.O. Rubbermaid Ventilated Wire Shelving Tight Mesh 16"" Depth (Pantry Closets; Incl Supports & Hardware) by LF",False,
Atlanta,ATL,5471-2044-TOWNS-BL,5471-2044-TOWNS-2BL,BUILT_IN_FAM,2DC0603CABINETS0500,,CABINETS - AK-BUILTIN DESK - LEVEL A-STANDARD - INCLUDES CROWN MOULDING,5240-CLOSET SHELVING,30552400210,GENERIC,100.0000,LF,"CLOSET SHELVING - P.O. Rubbermaid Ventilated Wire Shelving Tight Mesh 16"" Depth (Pantry Closets; Incl Supports & Hardware) by LF",False,
Atlanta,ATL,5471-2044-TOWNS-BL,5471-2044-TOWNS-2BL,BUILT_IN_FAM,2DC0603CABINETS0500,,CABINETS - AK-BUILTIN DESK - LEVEL A-STANDARD - INCLUDES CROWN MOULDING,5180-CARPET LBR/TK,30551800100,GENERIC,-1.0000,SY,CARPET LABOR OR TURNKEY - P.O. Labor and Materials to Install Level Standard Carpet and Level Standard Pad by the Square Yard,False,
Atlanta,ATL,5471-2044-TOWNS-BL,5471-2044-TOWNS-2BL,BUTLERS_PNTY,2DC0603CABINETS0470,,CABINETS - AH-BUTLER'S PANTRY - LEVEL A-STANDARD - INCLUDES CROWN MOULDING,5422-GRANITE TOPS,30554220160,GENERIC,8.0000,SF,GRANITE TOPS - P.O. Labor and Materials Install Level Standard 3 CM Granite Countertops by the Square Foot (Includes Rear and Side Splashes),False,
Atlanta,ATL,5471-2044-TOWNS-BL,5471-2044-TOWNS-2BL,BUTLERS_PNTY,2DC0603CABINETS0470,,CABINETS - AH-BUTLER'S PANTRY - LEVEL A-STANDARD - INCLUDES CROWN MOULDING,3710-ELECTRIC ROUGH,30337100200,GENERIC,-1.0000,EA,ELECTRICAL ROUGH- P.O. Labor and Materials Electrical Item Installed - Duplex Outlet,False,
Atlanta,ATL,5471-2044-TOWNS-BL,5471-2044-TOWNS-2BL,BUTLERS_PNTY,2DC0603CABINETS0470,,CABINETS - AH-BUTLER'S PANTRY - LEVEL A-STANDARD - INCLUDES CROWN MOULDING,3720-ELECTRICAL TRIM,30337200200,GENERIC,-1.0000,EA,ELECTRICAL TRIM- P.O. Labor and Materials Electrical Item Installed - Duplex Outlet,False,
Atlanta,ATL,5471-2044-TOWNS-BL,5471-2044-TOWNS-2BL,BUTLERS_PNTY,2DC0603CABINETS0470,,CABINETS - AH-BUTLER'S PANTRY - LEVEL A-STANDARD - INCLUDES CROWN MOULDING,5120-TILE LBR/TKY,30551200640,GENERIC,6.0000,SF,TILE LABOR OR TURNKEY - P.O. Labor and Materials to Install Level Standard Backsplash Tile by the Square Foot,False,
Atlanta,ATL,5471-2044-TOWNS-BL,5471-2044-TOWNS-2BL,BUTLERS_PNTY,2DC0603CABINETS0470,,CABINETS - AH-BUTLER'S PANTRY - LEVEL A-STANDARD - INCLUDES CROWN MOULDING,1.1-Key Measures Master-1st Floor,RM_PR_HA2_CM,GENERIC,-1.0000,LF,Hall #2 Crown Mould,False,
Atlanta,ATL,5471-2044-TOWNS-BL,5471-2044-TOWNS-2BL,BUTLERS_PNTY,2DC0603CABINETS0470,,CABINETS - AH-BUTLER'S PANTRY - LEVEL A-STANDARD - INCLUDES CROWN MOULDING,1.1-Key Measures Master-1st Floor,RM_PR_HA2_CR,GENERIC,-1.0000,LF,Hall #2 Chair Rail,False,
Atlanta,ATL,5471-2044-TOWNS-BL,5471-2044-TOWNS-2BL,BUTLERS_PNTY,2DC0603CABINETS0470,,CABINETS - AH-BUTLER'S PANTRY - LEVEL A-STANDARD - INCLUDES CROWN MOULDING,5410-CABINETS,30554103560,GENERIC,1.0000,EA,CABINETS - P.O. Labor and Materials Install Level Designer SCM8 Standard Crown Molding 8' Lengths,False,
Atlanta,ATL,5471-2044-TOWNS-BL,5471-2044-TOWNS-2BL,BUTLERS_PNTY,2DC0603CABINETS0470,,CABINETS - AH-BUTLER'S PANTRY - LEVEL A-STANDARD - INCLUDES CROWN MOULDING,5410-CABINETS,30554101810,GENERIC,1.0000,EA,CABINETS - P.O. Labor and Materials Install Level Standard SS Scribe Molding 8' Lengths,False,
Atlanta,ATL,5471-2044-TOWNS-BL,5471-2044-TOWNS-2BL,BUTLERS_PNTY,2DC0603CABINETS0470,,CABINETS - AH-BUTLER'S PANTRY - LEVEL A-STANDARD - INCLUDES CROWN MOULDING,5410-CABINETS,30554101790,GENERIC,1.0000,EA,CABINETS - P.O. Labor and Materials Install Level Standard TC Base Cabinet Toekick 8' Lengths,False,
Atlanta,ATL,5471-2044-TOWNS-BL,5471-2044-TOWNS-2BL,COUNTERTOPS - AR-BATH 1 - LEVEL A-STANDARD - GRANITE COUNTERTOP - DOUBLE BOWL,2DC0603COUNTERT0240,BASE,COUNTERTOPS - AR-BATH 1 - LEVEL A-STANDARD - GRANITE COUNTERTOP - DOUBLE BOWL,5424-CULT MARBLE TPS,30554240100,GENERIC,-40.0000,LI,CULTURED MARBLE - P.O. Labor and Materials Install Cultured Marble Vanity Top by the Lineal Inch (Includes Rear and Side Splashes),False,
Atlanta,ATL,5471-2044-TOWNS-BL,5471-2044-TOWNS-2BL,COUNTERTOPS - AR-BATH 1 - LEVEL A-STANDARD - GRANITE COUNTERTOP - DOUBLE BOWL,2DC0603COUNTERT0240,BASE,COUNTERTOPS - AR-BATH 1 - LEVEL A-STANDARD - GRANITE COUNTERTOP - DOUBLE BOWL,5422-GRANITE TOPS,30554220100,GENERIC,6.0000,SF,GRANITE TOPS - P.O. Labor and Materials Install Level Standard 2 CM Granite Countertops by the Square Foot (Includes Rear and Side Splashes),False,
Atlanta,ATL,5471-2044-TOWNS-BL,5471-2044-TOWNS-2BL,COUNTERTOPS - AR-BATH 2 - LEVEL A-STANDARD - GRANITE COUNTERTOP - DOUBLE BOWL,2DC0603COUNTERT0300,BASE,COUNTERTOPS - AR-BATH 2 - LEVEL A-STANDARD - GRANITE COUNTERTOP - DOUBLE BOWL,5422-GRANITE TOPS,30554220100,GENERIC,5.0000,SF,GRANITE TOPS - P.O. Labor and Materials Install Level Standard 2 CM Granite Countertops by the Square Foot (Includes Rear and Side Splashes),False,
Atlanta,ATL,5471-2044-TOWNS-BL,5471-2044-TOWNS-2BL,COUNTERTOPS - AR-BATH 2 - LEVEL A-STANDARD - GRANITE COUNTERTOP - DOUBLE BOWL,2DC0603COUNTERT0300,BASE,COUNTERTOPS - AR-BATH 2 - LEVEL A-STANDARD - GRANITE COUNTERTOP - DOUBLE BOWL,5424-CULT MARBLE TPS,30554240100,GENERIC,-33.0000,LI,CULTURED MARBLE - P.O. Labor and Materials Install Cultured Marble Vanity Top by the Lineal Inch (Includes Rear and Side Splashes),False,
Atlanta,ATL,5471-2044-TOWNS-BL,5471-2044-TOWNS-2BL,COUNTERTOPS - AR-BATH 2 - LEVEL A-STANDARD - GRANITE COUNTERTOP - SINGLE BOWL,2DC0603COUNTERT0310,BASE,COUNTERTOPS - AR-BATH 2 - LEVEL A-STANDARD - GRANITE COUNTERTOP - SINGLE BOWL,5424-CULT MARBLE TPS,30554240100,GENERIC,-33.0000,LI,CULTURED MARBLE - P.O. Labor and Materials Install Cultured Marble Vanity Top by the Lineal Inch (Includes Rear and Side Splashes),False,
Atlanta,ATL,5471-2044-TOWNS-BL,5471-2044-TOWNS-2BL,COUNTERTOPS - AR-BATH 2 - LEVEL A-STANDARD - GRANITE COUNTERTOP - SINGLE BOWL,2DC0603COUNTERT0310,BASE,COUNTERTOPS - AR-BATH 2 - LEVEL A-STANDARD - GRANITE COUNTERTOP - SINGLE BOWL,5422-GRANITE TOPS,30554220100,GENERIC,5.0000,SF,GRANITE TOPS - P.O. Labor and Materials Install Level Standard 2 CM Granite Countertops by the Square Foot (Includes Rear and Side Splashes),False,
Atlanta,ATL,5471-2044-TOWNS-BL,5471-2044-TOWNS-2BL,COUNTERTOPS - AR-BATH 2 - LEVEL B-DESIGNER - GRANITE COUNTERTOP - DOUBLE BOWL,2DC0603COUNTERT0320,BASE,COUNTERTOPS - AR-BATH 2 - LEVEL B-DESIGNER - GRANITE COUNTERTOP - DOUBLE BOWL,5422-GRANITE TOPS,30554220100,GENERIC,5.0000,SF,GRANITE TOPS - P.O. Labor and Materials Install Level Standard 2 CM Granite Countertops by the Square Foot (Includes Rear and Side Splashes),False,
Atlanta,ATL,5471-2044-TOWNS-BL,5471-2044-TOWNS-2BL,COUNTERTOPS - AR-BATH 2 - LEVEL B-DESIGNER - GRANITE COUNTERTOP - DOUBLE BOWL,2DC0603COUNTERT0320,BASE,COUNTERTOPS - AR-BATH 2 - LEVEL B-DESIGNER - GRANITE COUNTERTOP - DOUBLE BOWL,5424-CULT MARBLE TPS,30554240100,GENERIC,-33.0000,LI,CULTURED MARBLE - P.O. Labor and Materials Install Cultured Marble Vanity Top by the Lineal Inch (Includes Rear and Side Splashes),False,
Atlanta,ATL,5471-2044-TOWNS-BL,5471-2044-TOWNS-2BL,COUNTERTOPS - AR-BATH 2 - LEVEL B-DESIGNER - GRANITE COUNTERTOP - SINGLE BOWL,2DC0603COUNTERT0330,BASE,COUNTERTOPS - AR-BATH 2 - LEVEL B-DESIGNER - GRANITE COUNTERTOP - SINGLE BOWL,5422-GRANITE TOPS,30554220120,GENERIC,5.0000,SF,GRANITE TOPS - P.O. Labor and Materials Install Level Designer 2 CM Granite Countertops by the Square Foot (Includes Rear and Side Splashes),False,
Atlanta,ATL,5471-2044-TOWNS-BL,5471-2044-TOWNS-2BL,COUNTERTOPS - AR-BATH 2 - LEVEL B-DESIGNER - GRANITE COUNTERTOP - SINGLE BOWL,2DC0603COUNTERT0330,BASE,COUNTERTOPS - AR-BATH 2 - LEVEL B-DESIGNER - GRANITE COUNTERTOP - SINGLE BOWL,5424-CULT MARBLE TPS,30554240100,GENERIC,-33.0000,LI,CULTURED MARBLE - P.O. Labor and Materials Install Cultured Marble Vanity Top by the Lineal Inch (Includes Rear and Side Splashes),False,
Atlanta,ATL,5471-2044-TOWNS-BL,5471-2044-TOWNS-2BL,COUNTERTOPS - AR-BATH 3 - LEVEL A-STANDARD - GRANITE COUNTERTOP - SINGLE BOWL,2DC0603COUNTERT0370,BASE,COUNTERTOPS - AR-BATH 3 - LEVEL A-STANDARD - GRANITE COUNTERTOP - SINGLE BOWL,5424-CULT MARBLE TPS,30554240100,GENERIC,-66.0000,LI,CULTURED MARBLE - P.O. Labor and Materials Install Cultured Marble Vanity Top by the Lineal Inch (Includes Rear and Side Splashes),False,
Atlanta,ATL,5471-2044-TOWNS-BL,5471-2044-TOWNS-2BL,COUNTERTOPS - AR-BATH 3 - LEVEL A-STANDARD - GRANITE COUNTERTOP - SINGLE BOWL,2DC0603COUNTERT0370,BASE,COUNTERTOPS - AR-BATH 3 - LEVEL A-STANDARD - GRANITE COUNTERTOP - SINGLE BOWL,5422-GRANITE TOPS,30554220100,GENERIC,10.0000,SF,GRANITE TOPS - P.O. Labor and Materials Install Level Standard 2 CM Granite Countertops by the Square Foot (Includes Rear and Side Splashes),False,
Atlanta,ATL,5471-2044-TOWNS-BL,5471-2044-TOWNS-2BL,DECK - EXTERIOR REAR - COVERED,1SO0300DECK----0100,,DECK - EXTERIOR REAR - COVERED,1.1-Key Measures Master-1st Floor,RAIL_EXT,GENERIC,-3.0000,LF,Railing Exterior,False,
Atlanta,ATL,5471-2044-TOWNS-BL,5471-2044-TOWNS-2BL,DECK - EXTERIOR REAR - COVERED,1SO0300DECK----0100,,DECK - EXTERIOR REAR - COVERED,1.1-Key Measures Master-1st Floor,RM_PR_FA_CR,GENERIC,-3.0000,LF,Family Room Chair Rail,False,
Atlanta,ATL,5471-2044-TOWNS-BL,5471-2044-TOWNS-2BL,DECK - EXTERIOR REAR - COVERED,1SO0300DECK----0100,,DECK - EXTERIOR REAR - COVERED,4910-EXTERIOR PAINT,30449100100,GENERIC,-51.0000,SF,EXTERIOR PAINTING TURNKEY - P.O. Primed Cement Board Siding Painting by the Square Foot,False,
Atlanta,ATL,5471-2044-TOWNS-BL,5471-2044-TOWNS-2BL,DECK - EXTERIOR REAR - COVERED,1SO0300DECK----0100,,DECK - EXTERIOR REAR - COVERED,4730-INSULATION,30447300160,GENERIC,-4.0000,SF,"INSULATION - P.O. R-19 Craft Faced Batt Insulation (Certainteed 23"" x 70'6"" rolls) by the Square Foot",False,
Atlanta,ATL,5471-2044-TOWNS-BL,5471-2044-TOWNS-2BL,DECK - EXTERIOR REAR - COVERED,1SO0300DECK----0100,,DECK - EXTERIOR REAR - COVERED,4730-INSULATION,30447300320,GENERIC,3.0000,LF,"INSULATION - P.O. Cardboard Baffle 22 1/2"" x 24"" (Service Partner) by the Lineal Foot",False,
Atlanta,ATL,5471-2044-TOWNS-BL,5471-2044-TOWNS-2BL,DECK - EXTERIOR REAR - COVERED,1SO0300DECK----0100,,DECK - EXTERIOR REAR - COVERED,5210-TRIM MATERIAL,30552101600,GENERIC,-6.0000,LF,"TRIM MATERIAL - P.O. 2-3/4""  Chair Rail 1001 FJ",False,
Atlanta,ATL,5471-2044-TOWNS-BL,5471-2044-TOWNS-2BL,DECK - EXTERIOR REAR - COVERED,1SO0300DECK----0100,,DECK - EXTERIOR REAR - COVERED,4011-ROOF LBR/TKY,30440110100,GENERIC,5.0000,SQ,ROOFING LABOR OR TURNKEY - P.O. Labor Install Roofing by the Square - Three Tab Shingle,False,
Atlanta,ATL,5471-2044-TOWNS-BL,5471-2044-TOWNS-2BL,DECK - EXTERIOR REAR - COVERED,1SO0300DECK----0100,,DECK - EXTERIOR REAR - COVERED,4010-ROOF MATERIAL,30440100200,GENERIC,1.0000,ROLL,ROOFING MATERIAL - P.O. Tamko Moisture Guard Plus,False,
Atlanta,ATL,5471-2044-TOWNS-BL,5471-2044-TOWNS-2BL,DECK - EXTERIOR REAR - COVERED,1SO0300DECK----0100,,DECK - EXTERIOR REAR - COVERED,4010-ROOF MATERIAL,30440100100,GENERIC,5.0000,SQ,ROOFING MATERIAL - P.O. Certainteed 25 Year 3 Tab Shingle,False,
Atlanta,ATL,5471-2044-TOWNS-BL,5471-2044-TOWNS-2BL,DECK - EXTERIOR REAR - COVERED,1SO0300DECK----0100,,DECK - EXTERIOR REAR - COVERED,4010-ROOF MATERIAL,30440100140,GENERIC,1.0000,ROLL,ROOFING MATERIAL - P.O. Tamko 15# Felt (4 squares per roll),False,
Atlanta,ATL,5471-2044-TOWNS-BL,5471-2044-TOWNS-2BL,DECK - EXTERIOR REAR - COVERED,1SO0300DECK----0100,,DECK - EXTERIOR REAR - COVERED,4010-ROOF MATERIAL,30440100300,GENERIC,5.0000,LF,ROOFING MATERIAL - P.O.Step Flashing by the Lineal Foot,False,
Atlanta,ATL,5471-2044-TOWNS-BL,5471-2044-TOWNS-2BL,DECK - EXTERIOR REAR - COVERED,1SO0300DECK----0100,,DECK - EXTERIOR REAR - COVERED,4010-ROOF MATERIAL,30440100260,GENERIC,10.0000,LF,"ROOFING MATERIAL - P.O. 6"" Eave Drip (Color to Match Fascia)",False,
Atlanta,ATL,5471-2044-TOWNS-BL,5471-2044-TOWNS-2BL,DECK - EXTERIOR REAR - COVERED,1SO0300DECK----0100,,DECK - EXTERIOR REAR - COVERED,4010-ROOF MATERIAL,30440100160,GENERIC,1.0000,EA,ROOFING MATERIAL - P.O. Certainteed Universal Starter Bundle,False,
Atlanta,ATL,5471-2044-TOWNS-BL,5471-2044-TOWNS-2BL,DECK - EXTERIOR REAR - COVERED,1SO0300DECK----0100,,DECK - EXTERIOR REAR - COVERED,4010-ROOF MATERIAL,30440100180,GENERIC,1.0000,EA,ROOFING MATERIAL - P.O. Certainteed Hip and Ridge Bundle,False,
Atlanta,ATL,5471-2044-TOWNS-BL,5471-2044-TOWNS-2BL,DECK - EXTERIOR REAR - COVERED,1SO0300DECK----0100,,DECK - EXTERIOR REAR - COVERED,4010-ROOF MATERIAL,30440100280,GENERIC,-1.0000,EA,"ROOFING MATERIAL - P.O. 5"" x 5"" x 10' L-Flashing",False,
Atlanta,ATL,5471-2044-TOWNS-BL,5471-2044-TOWNS-2BL,DECK - EXTERIOR REAR - COVERED,1SO0300DECK----0100,,DECK - EXTERIOR REAR - COVERED,5740-GUTTERS DWNSPTS,30657400140,GENERIC,1.0000,EA,GUTTERS AND DOWNPSOUTS - P.O. Labor and Materials to Install Downspout Two Story,False,
Atlanta,ATL,5471-2044-TOWNS-BL,5471-2044-TOWNS-2BL,DECK - EXTERIOR REAR - COVERED,1SO0300DECK----0100,,DECK - EXTERIOR REAR - COVERED,5740-GUTTERS DWNSPTS,30657400180,GENERIC,1.0000,EA,GUTTERS AND DOWNPSOUTS - P.O. Labor and Materials to Install Splash Block,False,
Atlanta,ATL,5471-2044-TOWNS-BL,5471-2044-TOWNS-2BL,DECK - EXTERIOR REAR - COVERED,1SO0300DECK----0100,,DECK - EXTERIOR REAR - COVERED,5740-GUTTERS DWNSPTS,30657400100,GENERIC,5.0000,LF,"GUTTERS AND DOWNPSOUTS - P.O. Labor and Materials to Install 5"" Seamless Gutters per Lineal Foot",False,
Atlanta,ATL,5471-2044-TOWNS-BL,5471-2044-TOWNS-2BL,DECK - EXTERIOR REAR - COVERED,1SO0300DECK----0100,,DECK - EXTERIOR REAR - COVERED,4260-STONE LBR/TKY,30442600100,GENERIC,-3.0000,SF,STONE LABOR OR TURNKEY - P.O. Stone Labor by the Square Foot,False,
Atlanta,ATL,5471-2044-TOWNS-BL,5471-2044-TOWNS-2BL,DECK - EXTERIOR REAR - COVERED,1SO0300DECK----0100,,DECK - EXTERIOR REAR - COVERED,4250-STONE MAT'L,30442500100,GENERIC,-3.0000,SF,STONE MATERIAL - P.O. Synthetic Stone Flats by the Square Foot,False,
Atlanta,ATL,5471-2044-TOWNS-BL,5471-2044-TOWNS-2BL,DECK - EXTERIOR REAR - COVERED,1SO0300DECK----0100,,DECK - EXTERIOR REAR - COVERED,4250-STONE MAT'L,30442500180,GENERIC,-1.0000,EA,"STONE MATERIAL - P.O. 80 lb. bag of Type ""S"" Pre-Mix Masonry Mortar",False,
Atlanta,ATL,5471-2044-TOWNS-BL,5471-2044-TOWNS-2BL,DECK - EXTERIOR REAR - COVERED,1SO0300DECK----0100,,DECK - EXTERIOR REAR - COVERED,4250-STONE MAT'L,30442500240,GENERIC,-3.0000,EA,STONE MATERIAL - P.O. Felt Backed Metal Lathe by the Square Foot,False,
Atlanta,ATL,5471-2044-TOWNS-BL,5471-2044-TOWNS-2BL,DECK - EXTERIOR REAR - COVERED,1SO0300DECK----0100,,DECK - EXTERIOR REAR - COVERED,3720-ELECTRICAL TRIM,30337200760,GENERIC,2.0000,EA,ELECTRICAL TRIM- P.O. Labor and Materials Electrical Item Installed - Ceiling Mount Light Decorative (Supplied by Others),False,
Atlanta,ATL,5471-2044-TOWNS-BL,5471-2044-TOWNS-2BL,DECK - EXTERIOR REAR - COVERED,1SO0300DECK----0100,,DECK - EXTERIOR REAR - COVERED,3720-ELECTRICAL TRIM,30337200900,GENERIC,-1.0000,EA,ELECTRICAL TRIM- P.O. Labor and Materials Electrical Item Installed - Exterior Wall Mount Fixture (Supplied by Others),False,
Atlanta,ATL,5471-2044-TOWNS-BL,5471-2044-TOWNS-2BL,DECK - EXTERIOR REAR - COVERED,1SO0300DECK----0100,,DECK - EXTERIOR REAR - COVERED,3760-LIGHT FIXTURES,30337600100,GENERIC,2.0000,EA,LIGHT FIXTURES - P.O. Level Standard Front Porch Hanging,False,
Atlanta,ATL,5471-2044-TOWNS-BL,5471-2044-TOWNS-2BL,DECK - EXTERIOR REAR - COVERED,1SO0300DECK----0100,,DECK - EXTERIOR REAR - COVERED,3760-LIGHT FIXTURES,30337600120,GENERIC,-1.0000,EA,LIGHT FIXTURES - P.O. Level Standard Garage Wall Bracket,False,
Atlanta,ATL,5471-2044-TOWNS-BL,5471-2044-TOWNS-2BL,DECK - EXTERIOR REAR - COVERED,1SO0300DECK----0100,,DECK - EXTERIOR REAR - COVERED,3710-ELECTRIC ROUGH,30337100760,GENERIC,2.0000,EA,ELECTRICAL ROUGH- P.O. Labor and Materials Electrical Item Installed - Ceiling Mount Light Decorative (Supplied by Others),False,
Atlanta,ATL,5471-2044-TOWNS-BL,5471-2044-TOWNS-2BL,DECK - EXTERIOR REAR - COVERED,1SO0300DECK----0100,,DECK - EXTERIOR REAR - COVERED,3710-ELECTRIC ROUGH,30337100900,GENERIC,-1.0000,EA,ELECTRICAL ROUGH- P.O. Labor and Materials Electrical Item Installed - Exterior Wall Mount Fixture (Supplied by Others),False,
Atlanta,ATL,5471-2044-TOWNS-BL,5471-2044-TOWNS-2BL,DECK - EXTERIOR REAR - COVERED,1SO0300DECK----0100,,DECK - EXTERIOR REAR - COVERED,3201-FRAME MAT'L 1ST,30332011080,GENERIC,1.0000,EA,FRAMING MATERIAL 1ST - P.O.  2 X 8 X 22 #3 SPF,False,
Atlanta,ATL,5471-2044-TOWNS-BL,5471-2044-TOWNS-2BL,DECK - EXTERIOR REAR - COVERED,1SO0300DECK----0100,,DECK - EXTERIOR REAR - COVERED,3201-FRAME MAT'L 1ST,30332010780,GENERIC,1.0000,EA,FRAMING MATERIAL 1ST - P.O.  2 X 6 X 12 #3 SPF,False,
Atlanta,ATL,5471-2044-TOWNS-BL,5471-2044-TOWNS-2BL,DECK - EXTERIOR REAR - COVERED,1SO0300DECK----0100,,DECK - EXTERIOR REAR - COVERED,3201-FRAME MAT'L 1ST,30332010680,GENERIC,-5.0000,EA,FRAMING MATERIAL 1ST - P.O.  2 X 4 X 16 #3 SPF,False,
Atlanta,ATL,5471-2044-TOWNS-BL,5471-2044-TOWNS-2BL,DECK - EXTERIOR REAR - COVERED,1SO0300DECK----0100,,DECK - EXTERIOR REAR - COVERED,4131-SIDING LBR/TKY,30441310240,GENERIC,26.0000,LF,SIDING LABOR OR TURNKEY - P.O. Vinyl Soffit - Royal Triple 4 Traditional Soffit Solid by Lineal Feet,False,
Atlanta,ATL,5471-2044-TOWNS-BL,5471-2044-TOWNS-2BL,DECK - EXTERIOR REAR - COVERED,1SO0300DECK----0100,,DECK - EXTERIOR REAR - COVERED,4131-SIDING LBR/TKY,30441310700,GENERIC,-1.0000,SQ,SIDING LABOR OR TURNKEY - P.O. Housewrap - Techwrap by the Square (Includes seam tape),False,
Atlanta,ATL,5471-2044-TOWNS-BL,5471-2044-TOWNS-2BL,DECK - EXTERIOR REAR - COVERED,1SO0300DECK----0100,,DECK - EXTERIOR REAR - COVERED,4131-SIDING LBR/TKY,30441310100,GENERIC,-1.0000,SQ,"SIDING LABOR OR TURNKEY - P.O. Cemplank by James Hardie Select Cedarmill 8.25"" Lap Siding (7"" exposure) per Square - Primed",False,
Atlanta,ATL,5471-2044-TOWNS-BL,5471-2044-TOWNS-2BL,DECK - EXTERIOR REAR - COVERED,1SO0300DECK----0100,,DECK - EXTERIOR REAR - COVERED,4131-SIDING LBR/TKY,30441310120,GENERIC,-1.0000,SQ,SIDING LABOR OR TURNKEY - P.O. James Hardie Board n Batten 4'x10' Sheets 1x2 Batten Strips per Square - Primed,False,
Atlanta,ATL,5471-2044-TOWNS-BL,5471-2044-TOWNS-2BL,DECK - EXTERIOR REAR - COVERED,1SO0300DECK----0100,,DECK - EXTERIOR REAR - COVERED,4131-SIDING LBR/TKY,30441310220,GENERIC,5.0000,LF,SIDING LABOR OR TURNKEY - P.O. Vinyl Soffit - Royal Triple 4 Traditional Soffit Fully Vented by Lineal Feet,False,
Atlanta,ATL,5471-2044-TOWNS-BL,5471-2044-TOWNS-2BL,DECK - EXTERIOR REAR - COVERED,1SO0300DECK----0100,,DECK - EXTERIOR REAR - COVERED,4131-SIDING LBR/TKY,30441310260,GENERIC,4.0000,LF,"SIDING LABOR OR TURNKEY - P.O. ACM Trim Coil 24"" x 50' Roll (Color to match Trim) by Lineal Feet",False,
Atlanta,ATL,5471-2044-TOWNS-BL,5471-2044-TOWNS-2BL,DECK - EXTERIOR REAR - COVERED,1SO0300DECK----0100,,DECK - EXTERIOR REAR - COVERED,4130-SIDING MATERIAL,30441300240,GENERIC,26.0000,LF,SIDING MATERIAL - P.O. Vinyl Soffit - Royal Triple 4 Traditional Soffit Solid by the Lineal Foot,False,
Atlanta,ATL,5471-2044-TOWNS-BL,5471-2044-TOWNS-2BL,DECK - EXTERIOR REAR - COVERED,1SO0300DECK----0100,,DECK - EXTERIOR REAR - COVERED,4130-SIDING MATERIAL,30441300700,GENERIC,-1.0000,SQ,SIDING MATERIAL - P.O. Housewrap - Techwrap by the Square (Includes seam tape),False,
Atlanta,ATL,5471-2044-TOWNS-BL,5471-2044-TOWNS-2BL,DECK - EXTERIOR REAR - COVERED,1SO0300DECK----0100,,DECK - EXTERIOR REAR - COVERED,4130-SIDING MATERIAL,30441300100,GENERIC,-1.0000,SQ,"SIDING MATERIAL - P.O. Cemplank by James Hardie Select Cedarmill 8.25"" Lap Siding (7"" exposure) per Square - Primed",False,
Atlanta,ATL,5471-2044-TOWNS-BL,5471-2044-TOWNS-2BL,DECK - EXTERIOR REAR - COVERED,1SO0300DECK----0100,,DECK - EXTERIOR REAR - COVERED,4130-SIDING MATERIAL,30441300120,GENERIC,-1.0000,SQ,SIDING MATERIAL - P.O. James Hardie Board n Batten 4'x10' Sheets 1x2 Batten Strips per Square - Primed,False,
Atlanta,ATL,5471-2044-TOWNS-BL,5471-2044-TOWNS-2BL,DECK - EXTERIOR REAR - COVERED,1SO0300DECK----0100,,DECK - EXTERIOR REAR - COVERED,4130-SIDING MATERIAL,30441300220,GENERIC,5.0000,LF,SIDING MATERIAL - P.O. Vinyl Soffit - Royal Triple 4 Traditional Soffit Fully Vented by the Lineal Foot,False,
Atlanta,ATL,5471-2044-TOWNS-BL,5471-2044-TOWNS-2BL,DECK - EXTERIOR REAR - COVERED,1SO0300DECK----0100,,DECK - EXTERIOR REAR - COVERED,4130-SIDING MATERIAL,30441300260,GENERIC,4.0000,LF,"SIDING MATERIAL - P.O. ACM Trim Coil 24"" x 50' Roll (Color to match Trim) by the Lineal Foot",False,
Atlanta,ATL,5471-2044-TOWNS-BL,5471-2044-TOWNS-2BL,DECK - EXTERIOR REAR - COVERED,1SO0300DECK----0100,,DECK - EXTERIOR REAR - COVERED,3202-FRAME MAT'L 2ND,30332020680,GENERIC,-1.0000,EA,FRAMING MATERIAL 2ND - P.O.  2 X 4 X 16 #3 SPF,False,
Atlanta,ATL,5471-2044-TOWNS-BL,5471-2044-TOWNS-2BL,DECK - EXTERIOR REAR - COVERED,1SO0300DECK----0100,,DECK - EXTERIOR REAR - COVERED,3202-FRAME MAT'L 2ND,30332020360,GENERIC,-13.0000,EA,FRAMING MATERIAL 2ND - P.O.  2 X 4 X 8 Pre-Cut Studs,False,
Atlanta,ATL,5471-2044-TOWNS-BL,5471-2044-TOWNS-2BL,DECK - EXTERIOR REAR - COVERED,1SO0300DECK----0100,,DECK - EXTERIOR REAR - COVERED,3202-FRAME MAT'L 2ND,30332020820,GENERIC,1.0000,EA,FRAMING MATERIAL 2ND - P.O.  2 X 6 X 16 #3 SPF,False,
Atlanta,ATL,5471-2044-TOWNS-BL,5471-2044-TOWNS-2BL,DECK - EXTERIOR REAR - COVERED,1SO0300DECK----0100,,DECK - EXTERIOR REAR - COVERED,3202-FRAME MAT'L 2ND,30332021020,GENERIC,1.0000,EA,FRAMING MATERIAL 2ND - P.O.  2 X 8 X 16 #3 SPF,False,
Atlanta,ATL,5471-2044-TOWNS-BL,5471-2044-TOWNS-2BL,DECK - EXTERIOR REAR - COVERED,1SO0300DECK----0100,,DECK - EXTERIOR REAR - COVERED,3202-FRAME MAT'L 2ND,30332021440,GENERIC,2.0000,EA,FRAMING MATERIAL 2ND - P.O.  2 X 6 X 16 #2 SPF,False,
Atlanta,ATL,5471-2044-TOWNS-BL,5471-2044-TOWNS-2BL,DECK - EXTERIOR REAR - COVERED,1SO0300DECK----0100,,DECK - EXTERIOR REAR - COVERED,3202-FRAME MAT'L 2ND,30332025600,GENERIC,6.0000,EA,FRAMING MATERIAL 2ND - P.O.  H2.5 Hurrican Rafter Tie,False,
Atlanta,ATL,5471-2044-TOWNS-BL,5471-2044-TOWNS-2BL,DECK - EXTERIOR REAR - COVERED,1SO0300DECK----0100,,DECK - EXTERIOR REAR - COVERED,3202-FRAME MAT'L 2ND,30332020260,GENERIC,7.0000,EA,"FRAMING MATERIAL 2ND - P.O.  7/16"" OSB",False,
Atlanta,ATL,5471-2044-TOWNS-BL,5471-2044-TOWNS-2BL,DECK - EXTERIOR REAR - COVERED,1SO0300DECK----0100,,DECK - EXTERIOR REAR - COVERED,3202-FRAME MAT'L 2ND,30332025620,GENERIC,1.0000,EA,"FRAMING MATERIAL 2ND - P.O.  7/16"" Plywood Clips (1 Box- 250 pcs)",False,
Atlanta,ATL,5471-2044-TOWNS-BL,5471-2044-TOWNS-2BL,DECK - EXTERIOR REAR - COVERED,1SO0300DECK----0100,,DECK - EXTERIOR REAR - COVERED,4030-MTL ROOF LBR/TK,30440300120,GENERIC,-10.0000,LF,METAL ROOFING LABOR OR TURNKEY - P.O. Labor to Install Brick Counter Flashing by the Lineal Foot,False,
Atlanta,ATL,5471-2044-TOWNS-BL,5471-2044-TOWNS-2BL,DECK - EXTERIOR REAR - COVERED - EXTENDED,1SO0300DECK----0110,,DECK - EXTERIOR REAR - COVERED - EXTENDED,1.1-Key Measures Master-1st Floor,RAIL_EXT,GENERIC,-3.0000,LF,Railing Exterior,False,
Atlanta,ATL,5471-2044-TOWNS-BL,5471-2044-TOWNS-2BL,DECK - EXTERIOR REAR - COVERED - EXTENDED,1SO0300DECK----0110,,DECK - EXTERIOR REAR - COVERED - EXTENDED,1.1-Key Measures Master-1st Floor,RM_PR_FA_CR,GENERIC,-3.0000,LF,Family Room Chair Rail,False,
Atlanta,ATL,5471-2044-TOWNS-BL,5471-2044-TOWNS-2BL,DECK - EXTERIOR REAR - COVERED - EXTENDED,1SO0300DECK----0110,,DECK - EXTERIOR REAR - COVERED - EXTENDED,3340-FRAMING LBR DRAW3,30333400104,GENERIC,44.0000,SF,FRAMING LABOR DRAW 3 - P.O. Frame Labor by the Under Roof Square Footage Draw 3,False,
Atlanta,ATL,5471-2044-TOWNS-BL,5471-2044-TOWNS-2BL,DECK - EXTERIOR REAR - COVERED - EXTENDED,1SO0300DECK----0110,,DECK - EXTERIOR REAR - COVERED - EXTENDED,3310-FRAMING LBR DRAW2,30333100102,GENERIC,44.0000,SF,FRAMING LABOR DRAW 2 - P.O. Frame Labor by the Under Roof Square Footage Draw 2,False,
Atlanta,ATL,5471-2044-TOWNS-BL,5471-2044-TOWNS-2BL,DECK - EXTERIOR REAR - COVERED - EXTENDED,1SO0300DECK----0110,,DECK - EXTERIOR REAR - COVERED - EXTENDED,3300-FRAMING LBR DRAW1,30333000100,GENERIC,44.0000,SF,FRAMING LABOR DRAW 1 - P.O. Frame Labor by the Under Roof Square Footage Draw 1,False,
Atlanta,ATL,5471-2044-TOWNS-BL,5471-2044-TOWNS-2BL,DECK - EXTERIOR REAR - COVERED - EXTENDED,1SO0300DECK----0110,,DECK - EXTERIOR REAR - COVERED - EXTENDED,3251-FRAME FLR TRS 2,30332511620,GENERIC,5.0000,EA,"FRAMING FLOOR TRUSSES 2ND - P.O. 1-1/2"" Joist Hanger Nail 1 Lb Box",False,
Atlanta,ATL,5471-2044-TOWNS-BL,5471-2044-TOWNS-2BL,DECK - EXTERIOR REAR - COVERED - EXTENDED,1SO0300DECK----0110,,DECK - EXTERIOR REAR - COVERED - EXTENDED,4730-INSULATION,30447300160,GENERIC,-4.0000,SF,"INSULATION - P.O. R-19 Craft Faced Batt Insulation (Certainteed 23"" x 70'6"" rolls) by the Square Foot",False,
Atlanta,ATL,5471-2044-TOWNS-BL,5471-2044-TOWNS-2BL,DECK - EXTERIOR REAR - COVERED - EXTENDED,1SO0300DECK----0110,,DECK - EXTERIOR REAR - COVERED - EXTENDED,4730-INSULATION,30447300320,GENERIC,7.0000,LF,"INSULATION - P.O. Cardboard Baffle 22 1/2"" x 24"" (Service Partner) by the Lineal Foot",False,
Atlanta,ATL,5471-2044-TOWNS-BL,5471-2044-TOWNS-2BL,DECK - EXTERIOR REAR - COVERED - EXTENDED,1SO0300DECK----0110,,DECK - EXTERIOR REAR - COVERED - EXTENDED,5210-TRIM MATERIAL,30552101600,GENERIC,-6.0000,LF,"TRIM MATERIAL - P.O. 2-3/4""  Chair Rail 1001 FJ",False,
Atlanta,ATL,5471-2044-TOWNS-BL,5471-2044-TOWNS-2BL,DECK - EXTERIOR REAR - COVERED - EXTENDED,1SO0300DECK----0110,,DECK - EXTERIOR REAR - COVERED - EXTENDED,4011-ROOF LBR/TKY,30440110100,GENERIC,5.0000,SQ,ROOFING LABOR OR TURNKEY - P.O. Labor Install Roofing by the Square - Three Tab Shingle,False,
Atlanta,ATL,5471-2044-TOWNS-BL,5471-2044-TOWNS-2BL,DECK - EXTERIOR REAR - COVERED - EXTENDED,1SO0300DECK----0110,,DECK - EXTERIOR REAR - COVERED - EXTENDED,4010-ROOF MATERIAL,30440100200,GENERIC,1.0000,ROLL,ROOFING MATERIAL - P.O. Tamko Moisture Guard Plus,False,
Atlanta,ATL,5471-2044-TOWNS-BL,5471-2044-TOWNS-2BL,DECK - EXTERIOR REAR - COVERED - EXTENDED,1SO0300DECK----0110,,DECK - EXTERIOR REAR - COVERED - EXTENDED,4010-ROOF MATERIAL,30440100100,GENERIC,5.0000,SQ,ROOFING MATERIAL - P.O. Certainteed 25 Year 3 Tab Shingle,False,
Atlanta,ATL,5471-2044-TOWNS-BL,5471-2044-TOWNS-2BL,DECK - EXTERIOR REAR - COVERED - EXTENDED,1SO0300DECK----0110,,DECK - EXTERIOR REAR - COVERED - EXTENDED,4010-ROOF MATERIAL,30440100140,GENERIC,1.0000,ROLL,ROOFING MATERIAL - P.O. Tamko 15# Felt (4 squares per roll),False,
Atlanta,ATL,5471-2044-TOWNS-BL,5471-2044-TOWNS-2BL,DECK - EXTERIOR REAR - COVERED - EXTENDED,1SO0300DECK----0110,,DECK - EXTERIOR REAR - COVERED - EXTENDED,4010-ROOF MATERIAL,30440100300,GENERIC,4.0000,LF,ROOFING MATERIAL - P.O.Step Flashing by the Lineal Foot,False,
Atlanta,ATL,5471-2044-TOWNS-BL,5471-2044-TOWNS-2BL,DECK - EXTERIOR REAR - COVERED - EXTENDED,1SO0300DECK----0110,,DECK - EXTERIOR REAR - COVERED - EXTENDED,4010-ROOF MATERIAL,30440100260,GENERIC,12.0000,LF,"ROOFING MATERIAL - P.O. 6"" Eave Drip (Color to Match Fascia)",False,
Atlanta,ATL,5471-2044-TOWNS-BL,5471-2044-TOWNS-2BL,DECK - EXTERIOR REAR - COVERED - EXTENDED,1SO0300DECK----0110,,DECK - EXTERIOR REAR - COVERED - EXTENDED,4010-ROOF MATERIAL,30440100160,GENERIC,1.0000,EA,ROOFING MATERIAL - P.O. Certainteed Universal Starter Bundle,False,
Atlanta,ATL,5471-2044-TOWNS-BL,5471-2044-TOWNS-2BL,DECK - EXTERIOR REAR - COVERED - EXTENDED,1SO0300DECK----0110,,DECK - EXTERIOR REAR - COVERED - EXTENDED,4010-ROOF MATERIAL,30440100180,GENERIC,1.0000,EA,ROOFING MATERIAL - P.O. Certainteed Hip and Ridge Bundle,False,
Atlanta,ATL,5471-2044-TOWNS-BL,5471-2044-TOWNS-2BL,DECK - EXTERIOR REAR - COVERED - EXTENDED,1SO0300DECK----0110,,DECK - EXTERIOR REAR - COVERED - EXTENDED,4010-ROOF MATERIAL,30440100280,GENERIC,-1.0000,EA,"ROOFING MATERIAL - P.O. 5"" x 5"" x 10' L-Flashing",False,
Atlanta,ATL,5471-2044-TOWNS-BL,5471-2044-TOWNS-2BL,DECK - EXTERIOR REAR - COVERED - EXTENDED,1SO0300DECK----0110,,DECK - EXTERIOR REAR - COVERED - EXTENDED,5740-GUTTERS DWNSPTS,30657400140,GENERIC,1.0000,EA,GUTTERS AND DOWNPSOUTS - P.O. Labor and Materials to Install Downspout Two Story,False,
Atlanta,ATL,5471-2044-TOWNS-BL,5471-2044-TOWNS-2BL,DECK - EXTERIOR REAR - COVERED - EXTENDED,1SO0300DECK----0110,,DECK - EXTERIOR REAR - COVERED - EXTENDED,5740-GUTTERS DWNSPTS,30657400180,GENERIC,1.0000,EA,GUTTERS AND DOWNPSOUTS - P.O. Labor and Materials to Install Splash Block,False,
Atlanta,ATL,5471-2044-TOWNS-BL,5471-2044-TOWNS-2BL,DECK - EXTERIOR REAR - COVERED - EXTENDED,1SO0300DECK----0110,,DECK - EXTERIOR REAR - COVERED - EXTENDED,5740-GUTTERS DWNSPTS,30657400100,GENERIC,6.0000,LF,"GUTTERS AND DOWNPSOUTS - P.O. Labor and Materials to Install 5"" Seamless Gutters per Lineal Foot",False,
Atlanta,ATL,5471-2044-TOWNS-BL,5471-2044-TOWNS-2BL,DECK - EXTERIOR REAR - COVERED - EXTENDED,1SO0300DECK----0110,,DECK - EXTERIOR REAR - COVERED - EXTENDED,4260-STONE LBR/TKY,30442600100,GENERIC,-3.0000,SF,STONE LABOR OR TURNKEY - P.O. Stone Labor by the Square Foot,False,
Atlanta,ATL,5471-2044-TOWNS-BL,5471-2044-TOWNS-2BL,DECK - EXTERIOR REAR - COVERED - EXTENDED,1SO0300DECK----0110,,DECK - EXTERIOR REAR - COVERED - EXTENDED,4250-STONE MAT'L,30442500100,GENERIC,-3.0000,SF,STONE MATERIAL - P.O. Synthetic Stone Flats by the Square Foot,False,
Atlanta,ATL,5471-2044-TOWNS-BL,5471-2044-TOWNS-2BL,DECK - EXTERIOR REAR - COVERED - EXTENDED,1SO0300DECK----0110,,DECK - EXTERIOR REAR - COVERED - EXTENDED,4250-STONE MAT'L,30442500180,GENERIC,-1.0000,EA,"STONE MATERIAL - P.O. 80 lb. bag of Type ""S"" Pre-Mix Masonry Mortar",False,
Atlanta,ATL,5471-2044-TOWNS-BL,5471-2044-TOWNS-2BL,DECK - EXTERIOR REAR - COVERED - EXTENDED,1SO0300DECK----0110,,DECK - EXTERIOR REAR - COVERED - EXTENDED,4250-STONE MAT'L,30442500240,GENERIC,-3.0000,EA,STONE MATERIAL - P.O. Felt Backed Metal Lathe by the Square Foot,False,
Atlanta,ATL,5471-2044-TOWNS-BL,5471-2044-TOWNS-2BL,DECK - EXTERIOR REAR - COVERED - EXTENDED,1SO0300DECK----0110,,DECK - EXTERIOR REAR - COVERED - EXTENDED,3720-ELECTRICAL TRIM,30337200760,GENERIC,2.0000,EA,ELECTRICAL TRIM- P.O. Labor and Materials Electrical Item Installed - Ceiling Mount Light Decorative (Supplied by Others),False,
Atlanta,ATL,5471-2044-TOWNS-BL,5471-2044-TOWNS-2BL,DECK - EXTERIOR REAR - COVERED - EXTENDED,1SO0300DECK----0110,,DECK - EXTERIOR REAR - COVERED - EXTENDED,3720-ELECTRICAL TRIM,30337200900,GENERIC,-1.0000,EA,ELECTRICAL TRIM- P.O. Labor and Materials Electrical Item Installed - Exterior Wall Mount Fixture (Supplied by Others),False,
Atlanta,ATL,5471-2044-TOWNS-BL,5471-2044-TOWNS-2BL,DECK - EXTERIOR REAR - COVERED - EXTENDED,1SO0300DECK----0110,,DECK - EXTERIOR REAR - COVERED - EXTENDED,3760-LIGHT FIXTURES,30337600100,GENERIC,2.0000,EA,LIGHT FIXTURES - P.O. Level Standard Front Porch Hanging,False,
Atlanta,ATL,5471-2044-TOWNS-BL,5471-2044-TOWNS-2BL,DECK - EXTERIOR REAR - COVERED - EXTENDED,1SO0300DECK----0110,,DECK - EXTERIOR REAR - COVERED - EXTENDED,3760-LIGHT FIXTURES,30337600120,GENERIC,-1.0000,EA,LIGHT FIXTURES - P.O. Level Standard Garage Wall Bracket,False,
Atlanta,ATL,5471-2044-TOWNS-BL,5471-2044-TOWNS-2BL,DECK - EXTERIOR REAR - COVERED - EXTENDED,1SO0300DECK----0110,,DECK - EXTERIOR REAR - COVERED - EXTENDED,3710-ELECTRIC ROUGH,30337100760,GENERIC,2.0000,EA,ELECTRICAL ROUGH- P.O. Labor and Materials Electrical Item Installed - Ceiling Mount Light Decorative (Supplied by Others),False,
Atlanta,ATL,5471-2044-TOWNS-BL,5471-2044-TOWNS-2BL,DECK - EXTERIOR REAR - COVERED - EXTENDED,1SO0300DECK----0110,,DECK - EXTERIOR REAR - COVERED - EXTENDED,3710-ELECTRIC ROUGH,30337100900,GENERIC,-1.0000,EA,ELECTRICAL ROUGH- P.O. Labor and Materials Electrical Item Installed - Exterior Wall Mount Fixture (Supplied by Others),False,
Atlanta,ATL,5471-2044-TOWNS-BL,5471-2044-TOWNS-2BL,DECK - EXTERIOR REAR - COVERED - EXTENDED,1SO0300DECK----0110,,DECK - EXTERIOR REAR - COVERED - EXTENDED,3201-FRAME MAT'L 1ST,30332010800,GENERIC,1.0000,EA,FRAMING MATERIAL 1ST - P.O.  2 X 6 X 14 #3 SPF,False,
Atlanta,ATL,5471-2044-TOWNS-BL,5471-2044-TOWNS-2BL,DECK - EXTERIOR REAR - COVERED - EXTENDED,1SO0300DECK----0110,,DECK - EXTERIOR REAR - COVERED - EXTENDED,3201-FRAME MAT'L 1ST,30332011080,GENERIC,1.0000,EA,FRAMING MATERIAL 1ST - P.O.  2 X 8 X 22 #3 SPF,False,
Atlanta,ATL,5471-2044-TOWNS-BL,5471-2044-TOWNS-2BL,DECK - EXTERIOR REAR - COVERED - EXTENDED,1SO0300DECK----0110,,DECK - EXTERIOR REAR - COVERED - EXTENDED,3201-FRAME MAT'L 1ST,30332010680,GENERIC,-5.0000,EA,FRAMING MATERIAL 1ST - P.O.  2 X 4 X 16 #3 SPF,False,
Atlanta,ATL,5471-2044-TOWNS-BL,5471-2044-TOWNS-2BL,DECK - EXTERIOR REAR - COVERED - EXTENDED,1SO0300DECK----0110,,DECK - EXTERIOR REAR - COVERED - EXTENDED,3201-FRAME MAT'L 1ST,30332010340,GENERIC,2.0000,EA,FRAMING MATERIAL 1ST - P.O.  3/4 T&G WEYERHAUSER EDGE GOLD,False,
Atlanta,ATL,5471-2044-TOWNS-BL,5471-2044-TOWNS-2BL,DECK - EXTERIOR REAR - COVERED - EXTENDED,1SO0300DECK----0110,,DECK - EXTERIOR REAR - COVERED - EXTENDED,3201-FRAME MAT'L 1ST,30332012900,GENERIC,1.0000,EA,FRAMING MATERIAL 1ST - P.O.  SUBFLOOR ADHESVIE,False,
Atlanta,ATL,5471-2044-TOWNS-BL,5471-2044-TOWNS-2BL,DECK - EXTERIOR REAR - COVERED - EXTENDED,1SO0300DECK----0110,,DECK - EXTERIOR REAR - COVERED - EXTENDED,4910-EXTERIOR PAINT,30449100340,GENERIC,-3.0000,LF,EXTERIOR PAINTING TURNKEY - P.O. Cement Board Siding Trim Painting by the Lineal Foot,False,
Atlanta,ATL,5471-2044-TOWNS-BL,5471-2044-TOWNS-2BL,DECK - EXTERIOR REAR - COVERED - EXTENDED,1SO0300DECK----0110,,DECK - EXTERIOR REAR - COVERED - EXTENDED,4910-EXTERIOR PAINT,30449100100,GENERIC,-64.0000,SF,EXTERIOR PAINTING TURNKEY - P.O. Primed Cement Board Siding Painting by the Square Foot,False,
Atlanta,ATL,5471-2044-TOWNS-BL,5471-2044-TOWNS-2BL,DECK - EXTERIOR REAR - COVERED - EXTENDED,1SO0300DECK----0110,,DECK - EXTERIOR REAR - COVERED - EXTENDED,3202-FRAME MAT'L 2ND,30332020680,GENERIC,-2.0000,EA,FRAMING MATERIAL 2ND - P.O.  2 X 4 X 16 #3 SPF,False,
Atlanta,ATL,5471-2044-TOWNS-BL,5471-2044-TOWNS-2BL,DECK - EXTERIOR REAR - COVERED - EXTENDED,1SO0300DECK----0110,,DECK - EXTERIOR REAR - COVERED - EXTENDED,3202-FRAME MAT'L 2ND,30332020360,GENERIC,-13.0000,EA,FRAMING MATERIAL 2ND - P.O.  2 X 4 X 8 Pre-Cut Studs,False,
Atlanta,ATL,5471-2044-TOWNS-BL,5471-2044-TOWNS-2BL,DECK - EXTERIOR REAR - COVERED - EXTENDED,1SO0300DECK----0110,,DECK - EXTERIOR REAR - COVERED - EXTENDED,3202-FRAME MAT'L 2ND,30332020820,GENERIC,1.0000,EA,FRAMING MATERIAL 2ND - P.O.  2 X 6 X 16 #3 SPF,False,
Atlanta,ATL,5471-2044-TOWNS-BL,5471-2044-TOWNS-2BL,DECK - EXTERIOR REAR - COVERED - EXTENDED,1SO0300DECK----0110,,DECK - EXTERIOR REAR - COVERED - EXTENDED,3202-FRAME MAT'L 2ND,30332021020,GENERIC,1.0000,EA,FRAMING MATERIAL 2ND - P.O.  2 X 8 X 16 #3 SPF,False,
Atlanta,ATL,5471-2044-TOWNS-BL,5471-2044-TOWNS-2BL,DECK - EXTERIOR REAR - COVERED - EXTENDED,1SO0300DECK----0110,,DECK - EXTERIOR REAR - COVERED - EXTENDED,3202-FRAME MAT'L 2ND,30332021440,GENERIC,3.0000,EA,FRAMING MATERIAL 2ND - P.O.  2 X 6 X 16 #2 SPF,False,
Atlanta,ATL,5471-2044-TOWNS-BL,5471-2044-TOWNS-2BL,DECK - EXTERIOR REAR - COVERED - EXTENDED,1SO0300DECK----0110,,DECK - EXTERIOR REAR - COVERED - EXTENDED,3202-FRAME MAT'L 2ND,30332025600,GENERIC,7.0000,EA,FRAMING MATERIAL 2ND - P.O.  H2.5 Hurrican Rafter Tie,False,
Atlanta,ATL,5471-2044-TOWNS-BL,5471-2044-TOWNS-2BL,DECK - EXTERIOR REAR - COVERED - EXTENDED,1SO0300DECK----0110,,DECK - EXTERIOR REAR - COVERED - EXTENDED,3202-FRAME MAT'L 2ND,30332020260,GENERIC,8.0000,EA,"FRAMING MATERIAL 2ND - P.O.  7/16"" OSB",False,
Atlanta,ATL,5471-2044-TOWNS-BL,5471-2044-TOWNS-2BL,DECK - EXTERIOR REAR - COVERED - EXTENDED,1SO0300DECK----0110,,DECK - EXTERIOR REAR - COVERED - EXTENDED,3202-FRAME MAT'L 2ND,30332025620,GENERIC,1.0000,EA,"FRAMING MATERIAL 2ND - P.O.  7/16"" Plywood Clips (1 Box- 250 pcs)",False,
Atlanta,ATL,5471-2044-TOWNS-BL,5471-2044-TOWNS-2BL,DECK - EXTERIOR REAR - COVERED - EXTENDED,1SO0300DECK----0110,,DECK - EXTERIOR REAR - COVERED - EXTENDED,4131-SIDING LBR/TKY,30441310220,GENERIC,5.0000,LF,SIDING LABOR OR TURNKEY - P.O. Vinyl Soffit - Royal Triple 4 Traditional Soffit Fully Vented by Lineal Feet,False,
Atlanta,ATL,5471-2044-TOWNS-BL,5471-2044-TOWNS-2BL,DECK - EXTERIOR REAR - COVERED - EXTENDED,1SO0300DECK----0110,,DECK - EXTERIOR REAR - COVERED - EXTENDED,4131-SIDING LBR/TKY,30441310300,GENERIC,-1.0000,EA,SIDING LABOR OR TURNKEY - P.O. James Hardie  Trim Boards  - 5/4x6x16 - Primed,False,
Atlanta,ATL,5471-2044-TOWNS-BL,5471-2044-TOWNS-2BL,DECK - EXTERIOR REAR - COVERED - EXTENDED,1SO0300DECK----0110,,DECK - EXTERIOR REAR - COVERED - EXTENDED,4131-SIDING LBR/TKY,30441310240,GENERIC,28.0000,LF,SIDING LABOR OR TURNKEY - P.O. Vinyl Soffit - Royal Triple 4 Traditional Soffit Solid by Lineal Feet,False,
Atlanta,ATL,5471-2044-TOWNS-BL,5471-2044-TOWNS-2BL,DECK - EXTERIOR REAR - COVERED - EXTENDED,1SO0300DECK----0110,,DECK - EXTERIOR REAR - COVERED - EXTENDED,4131-SIDING LBR/TKY,30441310700,GENERIC,-1.0000,SQ,SIDING LABOR OR TURNKEY - P.O. Housewrap - Techwrap by the Square (Includes seam tape),False,
Atlanta,ATL,5471-2044-TOWNS-BL,5471-2044-TOWNS-2BL,DECK - EXTERIOR REAR - COVERED - EXTENDED,1SO0300DECK----0110,,DECK - EXTERIOR REAR - COVERED - EXTENDED,4131-SIDING LBR/TKY,30441310100,GENERIC,-1.0000,SQ,"SIDING LABOR OR TURNKEY - P.O. Cemplank by James Hardie Select Cedarmill 8.25"" Lap Siding (7"" exposure) per Square - Primed",False,
Atlanta,ATL,5471-2044-TOWNS-BL,5471-2044-TOWNS-2BL,DECK - EXTERIOR REAR - COVERED - EXTENDED,1SO0300DECK----0110,,DECK - EXTERIOR REAR - COVERED - EXTENDED,4131-SIDING LBR/TKY,30441310120,GENERIC,-1.0000,SQ,SIDING LABOR OR TURNKEY - P.O. James Hardie Board n Batten 4'x10' Sheets 1x2 Batten Strips per Square - Primed,False,
Atlanta,ATL,5471-2044-TOWNS-BL,5471-2044-TOWNS-2BL,DECK - EXTERIOR REAR - COVERED - EXTENDED,1SO0300DECK----0110,,DECK - EXTERIOR REAR - COVERED - EXTENDED,4131-SIDING LBR/TKY,30441310260,GENERIC,5.0000,LF,"SIDING LABOR OR TURNKEY - P.O. ACM Trim Coil 24"" x 50' Roll (Color to match Trim) by Lineal Feet",False,
Atlanta,ATL,5471-2044-TOWNS-BL,5471-2044-TOWNS-2BL,DECK - EXTERIOR REAR - COVERED - EXTENDED,1SO0300DECK----0110,,DECK - EXTERIOR REAR - COVERED - EXTENDED,4130-SIDING MATERIAL,30441300220,GENERIC,5.0000,LF,SIDING MATERIAL - P.O. Vinyl Soffit - Royal Triple 4 Traditional Soffit Fully Vented by the Lineal Foot,False,
Atlanta,ATL,5471-2044-TOWNS-BL,5471-2044-TOWNS-2BL,DECK - EXTERIOR REAR - COVERED - EXTENDED,1SO0300DECK----0110,,DECK - EXTERIOR REAR - COVERED - EXTENDED,4130-SIDING MATERIAL,30441300300,GENERIC,-1.0000,EA,SIDING MATERIAL - P.O. James Hardie  Trim Boards  - 5/4x6x16 - Primed,False,
Atlanta,ATL,5471-2044-TOWNS-BL,5471-2044-TOWNS-2BL,DECK - EXTERIOR REAR - COVERED - EXTENDED,1SO0300DECK----0110,,DECK - EXTERIOR REAR - COVERED - EXTENDED,4130-SIDING MATERIAL,30441300240,GENERIC,28.0000,LF,SIDING MATERIAL - P.O. Vinyl Soffit - Royal Triple 4 Traditional Soffit Solid by the Lineal Foot,False,
Atlanta,ATL,5471-2044-TOWNS-BL,5471-2044-TOWNS-2BL,DECK - EXTERIOR REAR - COVERED - EXTENDED,1SO0300DECK----0110,,DECK - EXTERIOR REAR - COVERED - EXTENDED,4130-SIDING MATERIAL,30441300700,GENERIC,-1.0000,SQ,SIDING MATERIAL - P.O. Housewrap - Techwrap by the Square (Includes seam tape),False,
Atlanta,ATL,5471-2044-TOWNS-BL,5471-2044-TOWNS-2BL,DECK - EXTERIOR REAR - COVERED - EXTENDED,1SO0300DECK----0110,,DECK - EXTERIOR REAR - COVERED - EXTENDED,4130-SIDING MATERIAL,30441300100,GENERIC,-1.0000,SQ,"SIDING MATERIAL - P.O. Cemplank by James Hardie Select Cedarmill 8.25"" Lap Siding (7"" exposure) per Square - Primed",False,
Atlanta,ATL,5471-2044-TOWNS-BL,5471-2044-TOWNS-2BL,DECK - EXTERIOR REAR - COVERED - EXTENDED,1SO0300DECK----0110,,DECK - EXTERIOR REAR - COVERED - EXTENDED,4130-SIDING MATERIAL,30441300120,GENERIC,-1.0000,SQ,SIDING MATERIAL - P.O. James Hardie Board n Batten 4'x10' Sheets 1x2 Batten Strips per Square - Primed,False,
Atlanta,ATL,5471-2044-TOWNS-BL,5471-2044-TOWNS-2BL,DECK - EXTERIOR REAR - COVERED - EXTENDED,1SO0300DECK----0110,,DECK - EXTERIOR REAR - COVERED - EXTENDED,4130-SIDING MATERIAL,30441300260,GENERIC,5.0000,LF,"SIDING MATERIAL - P.O. ACM Trim Coil 24"" x 50' Roll (Color to match Trim) by the Lineal Foot",False,
Atlanta,ATL,5471-2044-TOWNS-BL,5471-2044-TOWNS-2BL,DECK - EXTERIOR REAR - COVERED - EXTENDED,1SO0300DECK----0110,,DECK - EXTERIOR REAR - COVERED - EXTENDED,4030-MTL ROOF LBR/TK,30440300120,GENERIC,-8.0000,LF,METAL ROOFING LABOR OR TURNKEY - P.O. Labor to Install Brick Counter Flashing by the Lineal Foot,False,
Atlanta,ATL,5471-2044-TOWNS-BL,5471-2044-TOWNS-2BL,DECK - EXTERIOR REAR - GAME DAY,1SO0300DECK----0120,,DECK - EXTERIOR REAR - GAME DAY,4030-MTL ROOF LBR/TK,30440300120,GENERIC,-10.0000,LF,METAL ROOFING LABOR OR TURNKEY - P.O. Labor to Install Brick Counter Flashing by the Lineal Foot,False,
Atlanta,ATL,5471-2044-TOWNS-BL,5471-2044-TOWNS-2BL,DECK - EXTERIOR REAR - GAME DAY,1SO0300DECK----0120,,DECK - EXTERIOR REAR - GAME DAY,4205-FIREPLACE,30442050360,GENERIC,1.0000,EA,FIREPLACE - P.O. Labor and Materials Log Lighter,False,
Atlanta,ATL,5471-2044-TOWNS-BL,5471-2044-TOWNS-2BL,DECK - EXTERIOR REAR - GAME DAY,1SO0300DECK----0120,,DECK - EXTERIOR REAR - GAME DAY,4205-FIREPLACE,30442050340,GENERIC,1.0000,EA,FIREPLACE - P.O. Labor and Materials Chimney Cap Painted,False,
Atlanta,ATL,5471-2044-TOWNS-BL,5471-2044-TOWNS-2BL,DECK - EXTERIOR REAR - GAME DAY,1SO0300DECK----0120,,DECK - EXTERIOR REAR - GAME DAY,4205-FIREPLACE,30442050300,GENERIC,20.0000,LF,FIREPLACE - P.O. Labor and Materials Exhaust Pipe by the Foot,False,
Atlanta,ATL,5471-2044-TOWNS-BL,5471-2044-TOWNS-2BL,DECK - EXTERIOR REAR - GAME DAY,1SO0300DECK----0120,,DECK - EXTERIOR REAR - GAME DAY,4205-FIREPLACE,30442050100,GENERIC,1.0000,EA,"FIREPLACE - P.O. Labor and Materials 36"" Interior Woodburning Fireplace Installed",False,
Atlanta,ATL,5471-2044-TOWNS-BL,5471-2044-TOWNS-2BL,DECK - EXTERIOR REAR - GAME DAY,1SO0300DECK----0120,,DECK - EXTERIOR REAR - GAME DAY,3810-HVAC ROUGH,30438100660,GENERIC,1.0000,EA,HVAC ROUGH - P.O. Labor and Materials Install Additional Gas Line Drop,False,
Atlanta,ATL,5471-2044-TOWNS-BL,5471-2044-TOWNS-2BL,DECK - EXTERIOR REAR - GAME DAY,1SO0300DECK----0120,,DECK - EXTERIOR REAR - GAME DAY,3820-HVAC TRIM,30438200660,GENERIC,1.0000,EA,HVAC TRIM - P.O. Labor and Materials Install Additional Gas Line Drop,False,
Atlanta,ATL,5471-2044-TOWNS-BL,5471-2044-TOWNS-2BL,DECK - EXTERIOR REAR - GAME DAY,1SO0300DECK----0120,,DECK - EXTERIOR REAR - GAME DAY,5270-MANTLE SURRND,30552700100,GENERIC,1.0000,EA,MANTEL AND SURROUND - P.O. Labor and Materials to Install Granite Surround and Unfinshed Mantel,False,
Atlanta,ATL,5471-2044-TOWNS-BL,5471-2044-TOWNS-2BL,DECK - EXTERIOR REAR - GAME DAY,1SO0300DECK----0120,,DECK - EXTERIOR REAR - GAME DAY,4920-INT PAINT W/T,30449200360,GENERIC,1.0000,EA,INTERIOR PAINTING TURNKEY - P.O. Fireplace Mantel Painting Each,False,
Atlanta,ATL,5471-2044-TOWNS-BL,5471-2044-TOWNS-2BL,DECK - EXTERIOR REAR - GAME DAY,1SO0300DECK----0120,,DECK - EXTERIOR REAR - GAME DAY,3740-STRCTRD WRNG RGH,30337400360,GENERIC,1.0000,EA,STRUCTRD WIRING ROUGH - P.O. Labor and Materials STRUCTRD WIRING ROUGH Item Installed - Flat Screen T.V. Prewire (Conduit; Cover; and HDMI Wire),False,
Atlanta,ATL,5471-2044-TOWNS-BL,5471-2044-TOWNS-2BL,DECK - EXTERIOR REAR - GAME DAY,1SO0300DECK----0120,,DECK - EXTERIOR REAR - GAME DAY,3750-STRCTRD WRNG TRM,30337500360,GENERIC,1.0000,EA,STRUCTRD WIRING TRIM - P.O. Labor and Materials STRUCTRD WIRING TRIM Item Installed - Flat Screen T.V. Prewire (Conduit; Cover; and HDMI Wire),False,
Atlanta,ATL,5471-2044-TOWNS-BL,5471-2044-TOWNS-2BL,DECK - EXTERIOR REAR - GAME DAY,1SO0300DECK----0120,,DECK - EXTERIOR REAR - GAME DAY,4260-STONE LBR/TKY,30442600100,GENERIC,40.0000,SF,STONE LABOR OR TURNKEY - P.O. Stone Labor by the Square Foot,False,
Atlanta,ATL,5471-2044-TOWNS-BL,5471-2044-TOWNS-2BL,DECK - EXTERIOR REAR - GAME DAY,1SO0300DECK----0120,,DECK - EXTERIOR REAR - GAME DAY,4011-ROOF LBR/TKY,30440110100,GENERIC,4.0000,SQ,ROOFING LABOR OR TURNKEY - P.O. Labor Install Roofing by the Square - Three Tab Shingle,False,
Atlanta,ATL,5471-2044-TOWNS-BL,5471-2044-TOWNS-2BL,DECK - EXTERIOR REAR - GAME DAY,1SO0300DECK----0120,,DECK - EXTERIOR REAR - GAME DAY,4010-ROOF MATERIAL,30440100260,GENERIC,15.0000,LF,"ROOFING MATERIAL - P.O. 6"" Eave Drip (Color to Match Fascia)",False,
Atlanta,ATL,5471-2044-TOWNS-BL,5471-2044-TOWNS-2BL,DECK - EXTERIOR REAR - GAME DAY,1SO0300DECK----0120,,DECK - EXTERIOR REAR - GAME DAY,4010-ROOF MATERIAL,30440100160,GENERIC,1.0000,EA,ROOFING MATERIAL - P.O. Certainteed Universal Starter Bundle,False,
Atlanta,ATL,5471-2044-TOWNS-BL,5471-2044-TOWNS-2BL,DECK - EXTERIOR REAR - GAME DAY,1SO0300DECK----0120,,DECK - EXTERIOR REAR - GAME DAY,4010-ROOF MATERIAL,30440100280,GENERIC,-1.0000,EA,"ROOFING MATERIAL - P.O. 5"" x 5"" x 10' L-Flashing",False,
Atlanta,ATL,5471-2044-TOWNS-BL,5471-2044-TOWNS-2BL,DECK - EXTERIOR REAR - GAME DAY,1SO0300DECK----0120,,DECK - EXTERIOR REAR - GAME DAY,4010-ROOF MATERIAL,30440100100,GENERIC,4.0000,SQ,ROOFING MATERIAL - P.O. Certainteed 25 Year 3 Tab Shingle,False,
Atlanta,ATL,5471-2044-TOWNS-BL,5471-2044-TOWNS-2BL,DECK - EXTERIOR REAR - GAME DAY,1SO0300DECK----0120,,DECK - EXTERIOR REAR - GAME DAY,4010-ROOF MATERIAL,30440100180,GENERIC,1.0000,EA,ROOFING MATERIAL - P.O. Certainteed Hip and Ridge Bundle,False,
Atlanta,ATL,5471-2044-TOWNS-BL,5471-2044-TOWNS-2BL,DECK - EXTERIOR REAR - GAME DAY,1SO0300DECK----0120,,DECK - EXTERIOR REAR - GAME DAY,4010-ROOF MATERIAL,30440100300,GENERIC,23.0000,LF,ROOFING MATERIAL - P.O.Step Flashing by the Lineal Foot,False,
Atlanta,ATL,5471-2044-TOWNS-BL,5471-2044-TOWNS-2BL,DECK - EXTERIOR REAR - GAME DAY,1SO0300DECK----0120,,DECK - EXTERIOR REAR - GAME DAY,4010-ROOF MATERIAL,30440100140,GENERIC,1.0000,ROLL,ROOFING MATERIAL - P.O. Tamko 15# Felt (4 squares per roll),False,
Atlanta,ATL,5471-2044-TOWNS-BL,5471-2044-TOWNS-2BL,DECK - EXTERIOR REAR - GAME DAY,1SO0300DECK----0120,,DECK - EXTERIOR REAR - GAME DAY,4010-ROOF MATERIAL,30440100200,GENERIC,1.0000,ROLL,ROOFING MATERIAL - P.O. Tamko Moisture Guard Plus,False,
Atlanta,ATL,5471-2044-TOWNS-BL,5471-2044-TOWNS-2BL,DECK - EXTERIOR REAR - GAME DAY,1SO0300DECK----0120,,DECK - EXTERIOR REAR - GAME DAY,5010-DRYWALL MAT'L,30550100280,GENERIC,2.0000,EA,DRYWALL MATERIAL - P.O. Square Metal Corner Bead 10',False,
Atlanta,ATL,5471-2044-TOWNS-BL,5471-2044-TOWNS-2BL,DECK - EXTERIOR REAR - GAME DAY,1SO0300DECK----0120,,DECK - EXTERIOR REAR - GAME DAY,3710-ELECTRIC ROUGH,30337100900,GENERIC,-1.0000,EA,ELECTRICAL ROUGH- P.O. Labor and Materials Electrical Item Installed - Exterior Wall Mount Fixture (Supplied by Others),False,
Atlanta,ATL,5471-2044-TOWNS-BL,5471-2044-TOWNS-2BL,DECK - EXTERIOR REAR - GAME DAY,1SO0300DECK----0120,,DECK - EXTERIOR REAR - GAME DAY,3710-ELECTRIC ROUGH,30337100760,GENERIC,2.0000,EA,ELECTRICAL ROUGH- P.O. Labor and Materials Electrical Item Installed - Ceiling Mount Light Decorative (Supplied by Others),False,
Atlanta,ATL,5471-2044-TOWNS-BL,5471-2044-TOWNS-2BL,DECK - EXTERIOR REAR - GAME DAY,1SO0300DECK----0120,,DECK - EXTERIOR REAR - GAME DAY,3760-LIGHT FIXTURES,30337600120,GENERIC,-1.0000,EA,LIGHT FIXTURES - P.O. Level Standard Garage Wall Bracket,False,
Atlanta,ATL,5471-2044-TOWNS-BL,5471-2044-TOWNS-2BL,DECK - EXTERIOR REAR - GAME DAY,1SO0300DECK----0120,,DECK - EXTERIOR REAR - GAME DAY,3760-LIGHT FIXTURES,30337600100,GENERIC,2.0000,EA,LIGHT FIXTURES - P.O. Level Standard Front Porch Hanging,False,
Atlanta,ATL,5471-2044-TOWNS-BL,5471-2044-TOWNS-2BL,DECK - EXTERIOR REAR - GAME DAY,1SO0300DECK----0120,,DECK - EXTERIOR REAR - GAME DAY,3720-ELECTRICAL TRIM,30337200900,GENERIC,-1.0000,EA,ELECTRICAL TRIM- P.O. Labor and Materials Electrical Item Installed - Exterior Wall Mount Fixture (Supplied by Others),False,
Atlanta,ATL,5471-2044-TOWNS-BL,5471-2044-TOWNS-2BL,DECK - EXTERIOR REAR - GAME DAY,1SO0300DECK----0120,,DECK - EXTERIOR REAR - GAME DAY,3720-ELECTRICAL TRIM,30337200760,GENERIC,2.0000,EA,ELECTRICAL TRIM- P.O. Labor and Materials Electrical Item Installed - Ceiling Mount Light Decorative (Supplied by Others),False,
Atlanta,ATL,5471-2044-TOWNS-BL,5471-2044-TOWNS-2BL,DECK - EXTERIOR REAR - GAME DAY,1SO0300DECK----0120,,DECK - EXTERIOR REAR - GAME DAY,5210-TRIM MATERIAL,30552101600,GENERIC,-6.0000,LF,"TRIM MATERIAL - P.O. 2-3/4""  Chair Rail 1001 FJ",False,
Atlanta,ATL,5471-2044-TOWNS-BL,5471-2044-TOWNS-2BL,DECK - EXTERIOR REAR - GAME DAY,1SO0300DECK----0120,,DECK - EXTERIOR REAR - GAME DAY,5740-GUTTERS DWNSPTS,30657400100,GENERIC,5.0000,LF,"GUTTERS AND DOWNPSOUTS - P.O. Labor and Materials to Install 5"" Seamless Gutters per Lineal Foot",False,
Atlanta,ATL,5471-2044-TOWNS-BL,5471-2044-TOWNS-2BL,DECK - EXTERIOR REAR - GAME DAY,1SO0300DECK----0120,,DECK - EXTERIOR REAR - GAME DAY,5740-GUTTERS DWNSPTS,30657400180,GENERIC,1.0000,EA,GUTTERS AND DOWNPSOUTS - P.O. Labor and Materials to Install Splash Block,False,
Atlanta,ATL,5471-2044-TOWNS-BL,5471-2044-TOWNS-2BL,DECK - EXTERIOR REAR - GAME DAY,1SO0300DECK----0120,,DECK - EXTERIOR REAR - GAME DAY,5740-GUTTERS DWNSPTS,30657400140,GENERIC,1.0000,EA,GUTTERS AND DOWNPSOUTS - P.O. Labor and Materials to Install Downspout Two Story,False,
Atlanta,ATL,5471-2044-TOWNS-BL,5471-2044-TOWNS-2BL,DECK - EXTERIOR REAR - GAME DAY,1SO0300DECK----0120,,DECK - EXTERIOR REAR - GAME DAY,4730-INSULATION,30447300320,GENERIC,3.0000,LF,"INSULATION - P.O. Cardboard Baffle 22 1/2"" x 24"" (Service Partner) by the Lineal Foot",False,
Atlanta,ATL,5471-2044-TOWNS-BL,5471-2044-TOWNS-2BL,DECK - EXTERIOR REAR - GAME DAY,1SO0300DECK----0120,,DECK - EXTERIOR REAR - GAME DAY,4730-INSULATION,30447300120,GENERIC,51.0000,SF,"INSULATION - P.O. R-13 Craft Faced Batt Insulation (Certainteed 15""x 70'6"" rolls) by the Square Foot",False,
Atlanta,ATL,5471-2044-TOWNS-BL,5471-2044-TOWNS-2BL,DECK - EXTERIOR REAR - GAME DAY,1SO0300DECK----0120,,DECK - EXTERIOR REAR - GAME DAY,4730-INSULATION,30447300160,GENERIC,189.0000,SF,"INSULATION - P.O. R-19 Craft Faced Batt Insulation (Certainteed 23"" x 70'6"" rolls) by the Square Foot",False,
Atlanta,ATL,5471-2044-TOWNS-BL,5471-2044-TOWNS-2BL,DECK - EXTERIOR REAR - GAME DAY,1SO0300DECK----0120,,DECK - EXTERIOR REAR - GAME DAY,4130-SIDING MATERIAL,30441300300,GENERIC,3.0000,EA,SIDING MATERIAL - P.O. James Hardie  Trim Boards  - 5/4x6x16 - Primed,False,
Atlanta,ATL,5471-2044-TOWNS-BL,5471-2044-TOWNS-2BL,DECK - EXTERIOR REAR - GAME DAY,1SO0300DECK----0120,,DECK - EXTERIOR REAR - GAME DAY,4130-SIDING MATERIAL,30441300280,GENERIC,4.0000,EA,SIDING MATERIAL - P.O. James Hardie Trim Boards - 5/4x4x16 - Primed,False,
Atlanta,ATL,5471-2044-TOWNS-BL,5471-2044-TOWNS-2BL,DECK - EXTERIOR REAR - GAME DAY,1SO0300DECK----0120,,DECK - EXTERIOR REAR - GAME DAY,4130-SIDING MATERIAL,30441300260,GENERIC,4.0000,LF,"SIDING MATERIAL - P.O. ACM Trim Coil 24"" x 50' Roll (Color to match Trim) by the Lineal Foot",False,
Atlanta,ATL,5471-2044-TOWNS-BL,5471-2044-TOWNS-2BL,DECK - EXTERIOR REAR - GAME DAY,1SO0300DECK----0120,,DECK - EXTERIOR REAR - GAME DAY,4130-SIDING MATERIAL,30441300240,GENERIC,25.0000,LF,SIDING MATERIAL - P.O. Vinyl Soffit - Royal Triple 4 Traditional Soffit Solid by the Lineal Foot,False,
Atlanta,ATL,5471-2044-TOWNS-BL,5471-2044-TOWNS-2BL,DECK - EXTERIOR REAR - GAME DAY,1SO0300DECK----0120,,DECK - EXTERIOR REAR - GAME DAY,4130-SIDING MATERIAL,30441300220,GENERIC,5.0000,LF,SIDING MATERIAL - P.O. Vinyl Soffit - Royal Triple 4 Traditional Soffit Fully Vented by the Lineal Foot,False,
Atlanta,ATL,5471-2044-TOWNS-BL,5471-2044-TOWNS-2BL,DECK - EXTERIOR REAR - GAME DAY,1SO0300DECK----0120,,DECK - EXTERIOR REAR - GAME DAY,4130-SIDING MATERIAL,30441300700,GENERIC,2.0000,SQ,SIDING MATERIAL - P.O. Housewrap - Techwrap by the Square (Includes seam tape),False,
Atlanta,ATL,5471-2044-TOWNS-BL,5471-2044-TOWNS-2BL,DECK - EXTERIOR REAR - GAME DAY,1SO0300DECK----0120,,DECK - EXTERIOR REAR - GAME DAY,4130-SIDING MATERIAL,30441300120,GENERIC,-1.0000,SQ,SIDING MATERIAL - P.O. James Hardie Board n Batten 4'x10' Sheets 1x2 Batten Strips per Square - Primed,False,
Atlanta,ATL,5471-2044-TOWNS-BL,5471-2044-TOWNS-2BL,DECK - EXTERIOR REAR - GAME DAY,1SO0300DECK----0120,,DECK - EXTERIOR REAR - GAME DAY,4130-SIDING MATERIAL,30441300100,GENERIC,2.0000,SQ,"SIDING MATERIAL - P.O. Cemplank by James Hardie Select Cedarmill 8.25"" Lap Siding (7"" exposure) per Square - Primed",False,
Atlanta,ATL,5471-2044-TOWNS-BL,5471-2044-TOWNS-2BL,DECK - EXTERIOR REAR - GAME DAY,1SO0300DECK----0120,,DECK - EXTERIOR REAR - GAME DAY,4131-SIDING LBR/TKY,30441310300,GENERIC,3.0000,EA,SIDING LABOR OR TURNKEY - P.O. James Hardie  Trim Boards  - 5/4x6x16 - Primed,False,
Atlanta,ATL,5471-2044-TOWNS-BL,5471-2044-TOWNS-2BL,DECK - EXTERIOR REAR - GAME DAY,1SO0300DECK----0120,,DECK - EXTERIOR REAR - GAME DAY,4131-SIDING LBR/TKY,30441310280,GENERIC,4.0000,EA,SIDING LABOR OR TURNKEY - P.O. James Hardie Trim Boards - 5/4x4x16 - Primed,False,
Atlanta,ATL,5471-2044-TOWNS-BL,5471-2044-TOWNS-2BL,DECK - EXTERIOR REAR - GAME DAY,1SO0300DECK----0120,,DECK - EXTERIOR REAR - GAME DAY,4131-SIDING LBR/TKY,30441310260,GENERIC,4.0000,LF,"SIDING LABOR OR TURNKEY - P.O. ACM Trim Coil 24"" x 50' Roll (Color to match Trim) by Lineal Feet",False,
Atlanta,ATL,5471-2044-TOWNS-BL,5471-2044-TOWNS-2BL,DECK - EXTERIOR REAR - GAME DAY,1SO0300DECK----0120,,DECK - EXTERIOR REAR - GAME DAY,4131-SIDING LBR/TKY,30441310240,GENERIC,25.0000,LF,SIDING LABOR OR TURNKEY - P.O. Vinyl Soffit - Royal Triple 4 Traditional Soffit Solid by Lineal Feet,False,
Atlanta,ATL,5471-2044-TOWNS-BL,5471-2044-TOWNS-2BL,DECK - EXTERIOR REAR - GAME DAY,1SO0300DECK----0120,,DECK - EXTERIOR REAR - GAME DAY,4131-SIDING LBR/TKY,30441310220,GENERIC,5.0000,LF,SIDING LABOR OR TURNKEY - P.O. Vinyl Soffit - Royal Triple 4 Traditional Soffit Fully Vented by Lineal Feet,False,
Atlanta,ATL,5471-2044-TOWNS-BL,5471-2044-TOWNS-2BL,DECK - EXTERIOR REAR - GAME DAY,1SO0300DECK----0120,,DECK - EXTERIOR REAR - GAME DAY,4131-SIDING LBR/TKY,30441310700,GENERIC,2.0000,SQ,SIDING LABOR OR TURNKEY - P.O. Housewrap - Techwrap by the Square (Includes seam tape),False,
Atlanta,ATL,5471-2044-TOWNS-BL,5471-2044-TOWNS-2BL,DECK - EXTERIOR REAR - GAME DAY,1SO0300DECK----0120,,DECK - EXTERIOR REAR - GAME DAY,4131-SIDING LBR/TKY,30441310120,GENERIC,-1.0000,SQ,SIDING LABOR OR TURNKEY - P.O. James Hardie Board n Batten 4'x10' Sheets 1x2 Batten Strips per Square - Primed,False,
Atlanta,ATL,5471-2044-TOWNS-BL,5471-2044-TOWNS-2BL,DECK - EXTERIOR REAR - GAME DAY,1SO0300DECK----0120,,DECK - EXTERIOR REAR - GAME DAY,4131-SIDING LBR/TKY,30441310100,GENERIC,2.0000,SQ,"SIDING LABOR OR TURNKEY - P.O. Cemplank by James Hardie Select Cedarmill 8.25"" Lap Siding (7"" exposure) per Square - Primed",False,
Atlanta,ATL,5471-2044-TOWNS-BL,5471-2044-TOWNS-2BL,DECK - EXTERIOR REAR - GAME DAY,1SO0300DECK----0120,,DECK - EXTERIOR REAR - GAME DAY,4910-EXTERIOR PAINT,30449100340,GENERIC,104.0000,LF,EXTERIOR PAINTING TURNKEY - P.O. Cement Board Siding Trim Painting by the Lineal Foot,False,
Atlanta,ATL,5471-2044-TOWNS-BL,5471-2044-TOWNS-2BL,DECK - EXTERIOR REAR - GAME DAY,1SO0300DECK----0120,,DECK - EXTERIOR REAR - GAME DAY,4910-EXTERIOR PAINT,30449100100,GENERIC,149.0000,SF,EXTERIOR PAINTING TURNKEY - P.O. Primed Cement Board Siding Painting by the Square Foot,False,
Atlanta,ATL,5471-2044-TOWNS-BL,5471-2044-TOWNS-2BL,DECK - EXTERIOR REAR - GAME DAY,1SO0300DECK----0120,,DECK - EXTERIOR REAR - GAME DAY,3202-FRAME MAT'L 2ND,30332025620,GENERIC,1.0000,EA,"FRAMING MATERIAL 2ND - P.O.  7/16"" Plywood Clips (1 Box- 250 pcs)",False,
Atlanta,ATL,5471-2044-TOWNS-BL,5471-2044-TOWNS-2BL,DECK - EXTERIOR REAR - GAME DAY,1SO0300DECK----0120,,DECK - EXTERIOR REAR - GAME DAY,3202-FRAME MAT'L 2ND,30332020260,GENERIC,17.0000,EA,"FRAMING MATERIAL 2ND - P.O.  7/16"" OSB",False,
Atlanta,ATL,5471-2044-TOWNS-BL,5471-2044-TOWNS-2BL,DECK - EXTERIOR REAR - GAME DAY,1SO0300DECK----0120,,DECK - EXTERIOR REAR - GAME DAY,3202-FRAME MAT'L 2ND,30332021020,GENERIC,1.0000,EA,FRAMING MATERIAL 2ND - P.O.  2 X 8 X 16 #3 SPF,False,
Atlanta,ATL,5471-2044-TOWNS-BL,5471-2044-TOWNS-2BL,DECK - EXTERIOR REAR - GAME DAY,1SO0300DECK----0120,,DECK - EXTERIOR REAR - GAME DAY,3202-FRAME MAT'L 2ND,30332020820,GENERIC,1.0000,EA,FRAMING MATERIAL 2ND - P.O.  2 X 6 X 16 #3 SPF,False,
Atlanta,ATL,5471-2044-TOWNS-BL,5471-2044-TOWNS-2BL,DECK - EXTERIOR REAR - GAME DAY,1SO0300DECK----0120,,DECK - EXTERIOR REAR - GAME DAY,3202-FRAME MAT'L 2ND,30332025600,GENERIC,6.0000,EA,FRAMING MATERIAL 2ND - P.O.  H2.5 Hurrican Rafter Tie,False,
Atlanta,ATL,5471-2044-TOWNS-BL,5471-2044-TOWNS-2BL,DECK - EXTERIOR REAR - GAME DAY,1SO0300DECK----0120,,DECK - EXTERIOR REAR - GAME DAY,3202-FRAME MAT'L 2ND,30332021440,GENERIC,2.0000,EA,FRAMING MATERIAL 2ND - P.O.  2 X 6 X 16 #2 SPF,False,
Atlanta,ATL,5471-2044-TOWNS-BL,5471-2044-TOWNS-2BL,DECK - EXTERIOR REAR - GAME DAY,1SO0300DECK----0120,,DECK - EXTERIOR REAR - GAME DAY,3202-FRAME MAT'L 2ND,30332020680,GENERIC,-1.0000,EA,FRAMING MATERIAL 2ND - P.O.  2 X 4 X 16 #3 SPF,False,
Atlanta,ATL,5471-2044-TOWNS-BL,5471-2044-TOWNS-2BL,DECK - EXTERIOR REAR - GAME DAY,1SO0300DECK----0120,,DECK - EXTERIOR REAR - GAME DAY,3202-FRAME MAT'L 2ND,30332020360,GENERIC,-13.0000,EA,FRAMING MATERIAL 2ND - P.O.  2 X 4 X 8 Pre-Cut Studs,False,
Atlanta,ATL,5471-2044-TOWNS-BL,5471-2044-TOWNS-2BL,DECK - EXTERIOR REAR - GAME DAY,1SO0300DECK----0120,,DECK - EXTERIOR REAR - GAME DAY,2141-MON. SLAB CONC,30221410110,GENERIC,1.0000,EA,MONO SLAB CONCRETE - P.O. Fuel Surcharge,False,
Atlanta,ATL,5471-2044-TOWNS-BL,5471-2044-TOWNS-2BL,DECK - EXTERIOR REAR - GAME DAY,1SO0300DECK----0120,,DECK - EXTERIOR REAR - GAME DAY,2141-MON. SLAB CONC,30221410105,GENERIC,1.0000,EA,MONO SLAB CONCRETE - P.O. Environmental Fee,False,
Atlanta,ATL,5471-2044-TOWNS-BL,5471-2044-TOWNS-2BL,DECK - EXTERIOR REAR - GAME DAY,1SO0300DECK----0120,,DECK - EXTERIOR REAR - GAME DAY,2141-MON. SLAB CONC,30221410100,GENERIC,1.0000,CY,"MONO SLAB CONCRETE - P.O. 3,000 PSI Slab MonoSlab Concrete Delivered to Site Per Cubic Yard",False,
Atlanta,ATL,5471-2044-TOWNS-BL,5471-2044-TOWNS-2BL,DECK - EXTERIOR REAR - GAME DAY,1SO0300DECK----0120,,DECK - EXTERIOR REAR - GAME DAY,2121-SLAB PUMPING,30221210120,GENERIC,1.0000,CY,SLAB PUMPING - P.O. Rental Concrete Pump Truck per Cubic Yard,False,
Atlanta,ATL,5471-2044-TOWNS-BL,5471-2044-TOWNS-2BL,DECK - EXTERIOR REAR - GAME DAY,1SO0300DECK----0120,,DECK - EXTERIOR REAR - GAME DAY,4250-STONE MAT'L,30442500260,GENERIC,10.0000,EA,STONE MATERIAL - P.O. 8x8x16 Block Regular,False,
Atlanta,ATL,5471-2044-TOWNS-BL,5471-2044-TOWNS-2BL,DECK - EXTERIOR REAR - GAME DAY,1SO0300DECK----0120,,DECK - EXTERIOR REAR - GAME DAY,4250-STONE MAT'L,30442500240,GENERIC,49.0000,EA,STONE MATERIAL - P.O. Felt Backed Metal Lathe by the Square Foot,False,
Atlanta,ATL,5471-2044-TOWNS-BL,5471-2044-TOWNS-2BL,DECK - EXTERIOR REAR - GAME DAY,1SO0300DECK----0120,,DECK - EXTERIOR REAR - GAME DAY,4250-STONE MAT'L,30442500180,GENERIC,2.0000,EA,"STONE MATERIAL - P.O. 80 lb. bag of Type ""S"" Pre-Mix Masonry Mortar",False,
Atlanta,ATL,5471-2044-TOWNS-BL,5471-2044-TOWNS-2BL,DECK - EXTERIOR REAR - GAME DAY,1SO0300DECK----0120,,DECK - EXTERIOR REAR - GAME DAY,4250-STONE MAT'L,30442500100,GENERIC,40.0000,SF,STONE MATERIAL - P.O. Synthetic Stone Flats by the Square Foot,False,
Atlanta,ATL,5471-2044-TOWNS-BL,5471-2044-TOWNS-2BL,DECK - EXTERIOR REAR - GAME DAY,1SO0300DECK----0120,,DECK - EXTERIOR REAR - GAME DAY,1.1-Key Measures Master-1st Floor,RM_PR_FA_CM,GENERIC,-4.0000,LF,Family Room Crown Mould,False,
Atlanta,ATL,5471-2044-TOWNS-BL,5471-2044-TOWNS-2BL,DECK - EXTERIOR REAR - GAME DAY,1SO0300DECK----0120,,DECK - EXTERIOR REAR - GAME DAY,1.1-Key Measures Master-1st Floor,RM_PR_FA_CR,GENERIC,1.0000,LF,Family Room Chair Rail,False,
Atlanta,ATL,5471-2044-TOWNS-BL,5471-2044-TOWNS-2BL,DECK - EXTERIOR REAR - GAME DAY,1SO0300DECK----0120,,DECK - EXTERIOR REAR - GAME DAY,1.1-Key Measures Master-1st Floor,WE_2x4_10,GENERIC,26.0000,LF,LF Exterior 2x4 10',False,
Atlanta,ATL,5471-2044-TOWNS-BL,5471-2044-TOWNS-2BL,DECK - EXTERIOR REAR - GAME DAY,1SO0300DECK----0120,,DECK - EXTERIOR REAR - GAME DAY,1.1-Key Measures Master-1st Floor,RM_PR_SR_CM,GENERIC,-1.0000,LF,Sitting Room Crown Mould,False,
Atlanta,ATL,5471-2044-TOWNS-BL,5471-2044-TOWNS-2BL,DECK - EXTERIOR REAR - GAME DAY,1SO0300DECK----0120,,DECK - EXTERIOR REAR - GAME DAY,1.1-Key Measures Master-1st Floor,RM_PR_SR_CR,GENERIC,-1.0000,LF,Sitting Room Chair Rail,False,
Atlanta,ATL,5471-2044-TOWNS-BL,5471-2044-TOWNS-2BL,DECK - EXTERIOR REAR - GAME DAY,1SO0300DECK----0120,,DECK - EXTERIOR REAR - GAME DAY,1.1-Key Measures Master-1st Floor,RAIL_EXT,GENERIC,-3.0000,LF,Railing Exterior,False,
Atlanta,ATL,5471-2044-TOWNS-BL,5471-2044-TOWNS-2BL,DECK - EXTERIOR REAR - GAME DAY,1SO0300DECK----0120,,DECK - EXTERIOR REAR - GAME DAY,1.1-Key Measures Master-1st Floor,WC_INT_2x4_10,GENERIC,2.0000,EA,Wall Corner Int 2x4 10',False,
Atlanta,ATL,5471-2044-TOWNS-BL,5471-2044-TOWNS-2BL,DECK - EXTERIOR REAR - GAME DAY,1SO0300DECK----0120,,DECK - EXTERIOR REAR - GAME DAY,3201-FRAME MAT'L 1ST,30332012160,GENERIC,1.0000,EA,FRAMING MATERIAL 1ST - P.O.  2 X 4 X 16 Pressure Treated,False,
Atlanta,ATL,5471-2044-TOWNS-BL,5471-2044-TOWNS-2BL,DECK - EXTERIOR REAR - GAME DAY,1SO0300DECK----0120,,DECK - EXTERIOR REAR - GAME DAY,3201-FRAME MAT'L 1ST,30332010380,GENERIC,18.0000,EA,FRAMING MATERIAL 1ST - P.O.  2 X 4 X 9 Pre-Cut Studs,False,
Atlanta,ATL,5471-2044-TOWNS-BL,5471-2044-TOWNS-2BL,DECK - EXTERIOR REAR - GAME DAY,1SO0300DECK----0120,,DECK - EXTERIOR REAR - GAME DAY,3201-FRAME MAT'L 1ST,30332010680,GENERIC,-3.0000,EA,FRAMING MATERIAL 1ST - P.O.  2 X 4 X 16 #3 SPF,False,
Atlanta,ATL,5471-2044-TOWNS-BL,5471-2044-TOWNS-2BL,DECK - EXTERIOR REAR - GAME DAY,1SO0300DECK----0120,,DECK - EXTERIOR REAR - GAME DAY,3201-FRAME MAT'L 1ST,30332010780,GENERIC,1.0000,EA,FRAMING MATERIAL 1ST - P.O.  2 X 6 X 12 #3 SPF,False,
Atlanta,ATL,5471-2044-TOWNS-BL,5471-2044-TOWNS-2BL,DECK - EXTERIOR REAR - GAME DAY,1SO0300DECK----0120,,DECK - EXTERIOR REAR - GAME DAY,3201-FRAME MAT'L 1ST,30332011080,GENERIC,1.0000,EA,FRAMING MATERIAL 1ST - P.O.  2 X 8 X 22 #3 SPF,False,
Atlanta,ATL,5471-2044-TOWNS-BL,5471-2044-TOWNS-2BL,DECK - EXTERIOR REAR - GAME DAY,1SO0300DECK----0120,,DECK - EXTERIOR REAR - GAME DAY,2140-MON. SLAB MAT'L,30221400210,GENERIC,2.0000,EA,MONO SLAB MATERIAL- P.O. Simpson Mudsill Anchors Galvanized Each,False,
Atlanta,ATL,5471-2044-TOWNS-BL,5471-2044-TOWNS-2BL,DECK - EXTERIOR REAR - GAME DAY - EXTENDED,1SO0300DECK----0130,,DECK - EXTERIOR REAR - GAME DAY - EXTENDED,4030-MTL ROOF LBR/TK,30440300120,GENERIC,-8.0000,LF,METAL ROOFING LABOR OR TURNKEY - P.O. Labor to Install Brick Counter Flashing by the Lineal Foot,False,
Atlanta,ATL,5471-2044-TOWNS-BL,5471-2044-TOWNS-2BL,DECK - EXTERIOR REAR - GAME DAY - EXTENDED,1SO0300DECK----0130,,DECK - EXTERIOR REAR - GAME DAY - EXTENDED,4205-FIREPLACE,30442050360,GENERIC,1.0000,EA,FIREPLACE - P.O. Labor and Materials Log Lighter,False,
Atlanta,ATL,5471-2044-TOWNS-BL,5471-2044-TOWNS-2BL,DECK - EXTERIOR REAR - GAME DAY - EXTENDED,1SO0300DECK----0130,,DECK - EXTERIOR REAR - GAME DAY - EXTENDED,4205-FIREPLACE,30442050340,GENERIC,1.0000,EA,FIREPLACE - P.O. Labor and Materials Chimney Cap Painted,False,
Atlanta,ATL,5471-2044-TOWNS-BL,5471-2044-TOWNS-2BL,DECK - EXTERIOR REAR - GAME DAY - EXTENDED,1SO0300DECK----0130,,DECK - EXTERIOR REAR - GAME DAY - EXTENDED,4205-FIREPLACE,30442050300,GENERIC,20.0000,LF,FIREPLACE - P.O. Labor and Materials Exhaust Pipe by the Foot,False,
Atlanta,ATL,5471-2044-TOWNS-BL,5471-2044-TOWNS-2BL,DECK - EXTERIOR REAR - GAME DAY - EXTENDED,1SO0300DECK----0130,,DECK - EXTERIOR REAR - GAME DAY - EXTENDED,4205-FIREPLACE,30442050100,GENERIC,1.0000,EA,"FIREPLACE - P.O. Labor and Materials 36"" Interior Woodburning Fireplace Installed",False,
Atlanta,ATL,5471-2044-TOWNS-BL,5471-2044-TOWNS-2BL,DECK - EXTERIOR REAR - GAME DAY - EXTENDED,1SO0300DECK----0130,,DECK - EXTERIOR REAR - GAME DAY - EXTENDED,3810-HVAC ROUGH,30438100660,GENERIC,1.0000,EA,HVAC ROUGH - P.O. Labor and Materials Install Additional Gas Line Drop,False,
Atlanta,ATL,5471-2044-TOWNS-BL,5471-2044-TOWNS-2BL,DECK - EXTERIOR REAR - GAME DAY - EXTENDED,1SO0300DECK----0130,,DECK - EXTERIOR REAR - GAME DAY - EXTENDED,3820-HVAC TRIM,30438200660,GENERIC,1.0000,EA,HVAC TRIM - P.O. Labor and Materials Install Additional Gas Line Drop,False,
Atlanta,ATL,5471-2044-TOWNS-BL,5471-2044-TOWNS-2BL,DECK - EXTERIOR REAR - GAME DAY - EXTENDED,1SO0300DECK----0130,,DECK - EXTERIOR REAR - GAME DAY - EXTENDED,5270-MANTLE SURRND,30552700100,GENERIC,1.0000,EA,MANTEL AND SURROUND - P.O. Labor and Materials to Install Granite Surround and Unfinshed Mantel,False,
Atlanta,ATL,5471-2044-TOWNS-BL,5471-2044-TOWNS-2BL,DECK - EXTERIOR REAR - GAME DAY - EXTENDED,1SO0300DECK----0130,,DECK - EXTERIOR REAR - GAME DAY - EXTENDED,4920-INT PAINT W/T,30449200360,GENERIC,1.0000,EA,INTERIOR PAINTING TURNKEY - P.O. Fireplace Mantel Painting Each,False,
Atlanta,ATL,5471-2044-TOWNS-BL,5471-2044-TOWNS-2BL,DECK - EXTERIOR REAR - GAME DAY - EXTENDED,1SO0300DECK----0130,,DECK - EXTERIOR REAR - GAME DAY - EXTENDED,3740-STRCTRD WRNG RGH,30337400360,GENERIC,1.0000,EA,STRUCTRD WIRING ROUGH - P.O. Labor and Materials STRUCTRD WIRING ROUGH Item Installed - Flat Screen T.V. Prewire (Conduit; Cover; and HDMI Wire),False,
Atlanta,ATL,5471-2044-TOWNS-BL,5471-2044-TOWNS-2BL,DECK - EXTERIOR REAR - GAME DAY - EXTENDED,1SO0300DECK----0130,,DECK - EXTERIOR REAR - GAME DAY - EXTENDED,3750-STRCTRD WRNG TRM,30337500360,GENERIC,1.0000,EA,STRUCTRD WIRING TRIM - P.O. Labor and Materials STRUCTRD WIRING TRIM Item Installed - Flat Screen T.V. Prewire (Conduit; Cover; and HDMI Wire),False,
Atlanta,ATL,5471-2044-TOWNS-BL,5471-2044-TOWNS-2BL,DECK - EXTERIOR REAR - GAME DAY - EXTENDED,1SO0300DECK----0130,,DECK - EXTERIOR REAR - GAME DAY - EXTENDED,4260-STONE LBR/TKY,30442600100,GENERIC,40.0000,SF,STONE LABOR OR TURNKEY - P.O. Stone Labor by the Square Foot,False,
Atlanta,ATL,5471-2044-TOWNS-BL,5471-2044-TOWNS-2BL,DECK - EXTERIOR REAR - GAME DAY - EXTENDED,1SO0300DECK----0130,,DECK - EXTERIOR REAR - GAME DAY - EXTENDED,4011-ROOF LBR/TKY,30440110100,GENERIC,5.0000,SQ,ROOFING LABOR OR TURNKEY - P.O. Labor Install Roofing by the Square - Three Tab Shingle,False,
Atlanta,ATL,5471-2044-TOWNS-BL,5471-2044-TOWNS-2BL,DECK - EXTERIOR REAR - GAME DAY - EXTENDED,1SO0300DECK----0130,,DECK - EXTERIOR REAR - GAME DAY - EXTENDED,4010-ROOF MATERIAL,30440100260,GENERIC,17.0000,LF,"ROOFING MATERIAL - P.O. 6"" Eave Drip (Color to Match Fascia)",False,
Atlanta,ATL,5471-2044-TOWNS-BL,5471-2044-TOWNS-2BL,DECK - EXTERIOR REAR - GAME DAY - EXTENDED,1SO0300DECK----0130,,DECK - EXTERIOR REAR - GAME DAY - EXTENDED,4010-ROOF MATERIAL,30440100160,GENERIC,1.0000,EA,ROOFING MATERIAL - P.O. Certainteed Universal Starter Bundle,False,
Atlanta,ATL,5471-2044-TOWNS-BL,5471-2044-TOWNS-2BL,DECK - EXTERIOR REAR - GAME DAY - EXTENDED,1SO0300DECK----0130,,DECK - EXTERIOR REAR - GAME DAY - EXTENDED,4010-ROOF MATERIAL,30440100280,GENERIC,-1.0000,EA,"ROOFING MATERIAL - P.O. 5"" x 5"" x 10' L-Flashing",False,
Atlanta,ATL,5471-2044-TOWNS-BL,5471-2044-TOWNS-2BL,DECK - EXTERIOR REAR - GAME DAY - EXTENDED,1SO0300DECK----0130,,DECK - EXTERIOR REAR - GAME DAY - EXTENDED,4010-ROOF MATERIAL,30440100100,GENERIC,5.0000,SQ,ROOFING MATERIAL - P.O. Certainteed 25 Year 3 Tab Shingle,False,
Atlanta,ATL,5471-2044-TOWNS-BL,5471-2044-TOWNS-2BL,DECK - EXTERIOR REAR - GAME DAY - EXTENDED,1SO0300DECK----0130,,DECK - EXTERIOR REAR - GAME DAY - EXTENDED,4010-ROOF MATERIAL,30440100180,GENERIC,1.0000,EA,ROOFING MATERIAL - P.O. Certainteed Hip and Ridge Bundle,False,
Atlanta,ATL,5471-2044-TOWNS-BL,5471-2044-TOWNS-2BL,DECK - EXTERIOR REAR - GAME DAY - EXTENDED,1SO0300DECK----0130,,DECK - EXTERIOR REAR - GAME DAY - EXTENDED,4010-ROOF MATERIAL,30440100300,GENERIC,11.0000,LF,ROOFING MATERIAL - P.O.Step Flashing by the Lineal Foot,False,
Atlanta,ATL,5471-2044-TOWNS-BL,5471-2044-TOWNS-2BL,DECK - EXTERIOR REAR - GAME DAY - EXTENDED,1SO0300DECK----0130,,DECK - EXTERIOR REAR - GAME DAY - EXTENDED,4010-ROOF MATERIAL,30440100140,GENERIC,1.0000,ROLL,ROOFING MATERIAL - P.O. Tamko 15# Felt (4 squares per roll),False,
Atlanta,ATL,5471-2044-TOWNS-BL,5471-2044-TOWNS-2BL,DECK - EXTERIOR REAR - GAME DAY - EXTENDED,1SO0300DECK----0130,,DECK - EXTERIOR REAR - GAME DAY - EXTENDED,4010-ROOF MATERIAL,30440100200,GENERIC,1.0000,ROLL,ROOFING MATERIAL - P.O. Tamko Moisture Guard Plus,False,
Atlanta,ATL,5471-2044-TOWNS-BL,5471-2044-TOWNS-2BL,DECK - EXTERIOR REAR - GAME DAY - EXTENDED,1SO0300DECK----0130,,DECK - EXTERIOR REAR - GAME DAY - EXTENDED,5010-DRYWALL MAT'L,30550100280,GENERIC,2.0000,EA,DRYWALL MATERIAL - P.O. Square Metal Corner Bead 10',False,
Atlanta,ATL,5471-2044-TOWNS-BL,5471-2044-TOWNS-2BL,DECK - EXTERIOR REAR - GAME DAY - EXTENDED,1SO0300DECK----0130,,DECK - EXTERIOR REAR - GAME DAY - EXTENDED,3710-ELECTRIC ROUGH,30337100900,GENERIC,-1.0000,EA,ELECTRICAL ROUGH- P.O. Labor and Materials Electrical Item Installed - Exterior Wall Mount Fixture (Supplied by Others),False,
Atlanta,ATL,5471-2044-TOWNS-BL,5471-2044-TOWNS-2BL,DECK - EXTERIOR REAR - GAME DAY - EXTENDED,1SO0300DECK----0130,,DECK - EXTERIOR REAR - GAME DAY - EXTENDED,3710-ELECTRIC ROUGH,30337100760,GENERIC,2.0000,EA,ELECTRICAL ROUGH- P.O. Labor and Materials Electrical Item Installed - Ceiling Mount Light Decorative (Supplied by Others),False,
Atlanta,ATL,5471-2044-TOWNS-BL,5471-2044-TOWNS-2BL,DECK - EXTERIOR REAR - GAME DAY - EXTENDED,1SO0300DECK----0130,,DECK - EXTERIOR REAR - GAME DAY - EXTENDED,3760-LIGHT FIXTURES,30337600120,GENERIC,-1.0000,EA,LIGHT FIXTURES - P.O. Level Standard Garage Wall Bracket,False,
Atlanta,ATL,5471-2044-TOWNS-BL,5471-2044-TOWNS-2BL,DECK - EXTERIOR REAR - GAME DAY - EXTENDED,1SO0300DECK----0130,,DECK - EXTERIOR REAR - GAME DAY - EXTENDED,3760-LIGHT FIXTURES,30337600100,GENERIC,2.0000,EA,LIGHT FIXTURES - P.O. Level Standard Front Porch Hanging,False,
Atlanta,ATL,5471-2044-TOWNS-BL,5471-2044-TOWNS-2BL,DECK - EXTERIOR REAR - GAME DAY - EXTENDED,1SO0300DECK----0130,,DECK - EXTERIOR REAR - GAME DAY - EXTENDED,3720-ELECTRICAL TRIM,30337200900,GENERIC,-1.0000,EA,ELECTRICAL TRIM- P.O. Labor and Materials Electrical Item Installed - Exterior Wall Mount Fixture (Supplied by Others),False,
Atlanta,ATL,5471-2044-TOWNS-BL,5471-2044-TOWNS-2BL,DECK - EXTERIOR REAR - GAME DAY - EXTENDED,1SO0300DECK----0130,,DECK - EXTERIOR REAR - GAME DAY - EXTENDED,3720-ELECTRICAL TRIM,30337200760,GENERIC,2.0000,EA,ELECTRICAL TRIM- P.O. Labor and Materials Electrical Item Installed - Ceiling Mount Light Decorative (Supplied by Others),False,
Atlanta,ATL,5471-2044-TOWNS-BL,5471-2044-TOWNS-2BL,DECK - EXTERIOR REAR - GAME DAY - EXTENDED,1SO0300DECK----0130,,DECK - EXTERIOR REAR - GAME DAY - EXTENDED,5210-TRIM MATERIAL,30552101600,GENERIC,-6.0000,LF,"TRIM MATERIAL - P.O. 2-3/4""  Chair Rail 1001 FJ",False,
Atlanta,ATL,5471-2044-TOWNS-BL,5471-2044-TOWNS-2BL,DECK - EXTERIOR REAR - GAME DAY - EXTENDED,1SO0300DECK----0130,,DECK - EXTERIOR REAR - GAME DAY - EXTENDED,5740-GUTTERS DWNSPTS,30657400100,GENERIC,6.0000,LF,"GUTTERS AND DOWNPSOUTS - P.O. Labor and Materials to Install 5"" Seamless Gutters per Lineal Foot",False,
Atlanta,ATL,5471-2044-TOWNS-BL,5471-2044-TOWNS-2BL,DECK - EXTERIOR REAR - GAME DAY - EXTENDED,1SO0300DECK----0130,,DECK - EXTERIOR REAR - GAME DAY - EXTENDED,5740-GUTTERS DWNSPTS,30657400180,GENERIC,1.0000,EA,GUTTERS AND DOWNPSOUTS - P.O. Labor and Materials to Install Splash Block,False,
Atlanta,ATL,5471-2044-TOWNS-BL,5471-2044-TOWNS-2BL,DECK - EXTERIOR REAR - GAME DAY - EXTENDED,1SO0300DECK----0130,,DECK - EXTERIOR REAR - GAME DAY - EXTENDED,5740-GUTTERS DWNSPTS,30657400140,GENERIC,1.0000,EA,GUTTERS AND DOWNPSOUTS - P.O. Labor and Materials to Install Downspout Two Story,False,
Atlanta,ATL,5471-2044-TOWNS-BL,5471-2044-TOWNS-2BL,DECK - EXTERIOR REAR - GAME DAY - EXTENDED,1SO0300DECK----0130,,DECK - EXTERIOR REAR - GAME DAY - EXTENDED,4730-INSULATION,30447300320,GENERIC,7.0000,LF,"INSULATION - P.O. Cardboard Baffle 22 1/2"" x 24"" (Service Partner) by the Lineal Foot",False,
Atlanta,ATL,5471-2044-TOWNS-BL,5471-2044-TOWNS-2BL,DECK - EXTERIOR REAR - GAME DAY - EXTENDED,1SO0300DECK----0130,,DECK - EXTERIOR REAR - GAME DAY - EXTENDED,4730-INSULATION,30447300120,GENERIC,51.0000,SF,"INSULATION - P.O. R-13 Craft Faced Batt Insulation (Certainteed 15""x 70'6"" rolls) by the Square Foot",False,
Atlanta,ATL,5471-2044-TOWNS-BL,5471-2044-TOWNS-2BL,DECK - EXTERIOR REAR - GAME DAY - EXTENDED,1SO0300DECK----0130,,DECK - EXTERIOR REAR - GAME DAY - EXTENDED,4730-INSULATION,30447300160,GENERIC,202.0000,SF,"INSULATION - P.O. R-19 Craft Faced Batt Insulation (Certainteed 23"" x 70'6"" rolls) by the Square Foot",False,
Atlanta,ATL,5471-2044-TOWNS-BL,5471-2044-TOWNS-2BL,DECK - EXTERIOR REAR - GAME DAY - EXTENDED,1SO0300DECK----0130,,DECK - EXTERIOR REAR - GAME DAY - EXTENDED,4130-SIDING MATERIAL,30441300300,GENERIC,3.0000,EA,SIDING MATERIAL - P.O. James Hardie  Trim Boards  - 5/4x6x16 - Primed,False,
Atlanta,ATL,5471-2044-TOWNS-BL,5471-2044-TOWNS-2BL,DECK - EXTERIOR REAR - GAME DAY - EXTENDED,1SO0300DECK----0130,,DECK - EXTERIOR REAR - GAME DAY - EXTENDED,4130-SIDING MATERIAL,30441300280,GENERIC,4.0000,EA,SIDING MATERIAL - P.O. James Hardie Trim Boards - 5/4x4x16 - Primed,False,
Atlanta,ATL,5471-2044-TOWNS-BL,5471-2044-TOWNS-2BL,DECK - EXTERIOR REAR - GAME DAY - EXTENDED,1SO0300DECK----0130,,DECK - EXTERIOR REAR - GAME DAY - EXTENDED,4130-SIDING MATERIAL,30441300260,GENERIC,5.0000,LF,"SIDING MATERIAL - P.O. ACM Trim Coil 24"" x 50' Roll (Color to match Trim) by the Lineal Foot",False,
Atlanta,ATL,5471-2044-TOWNS-BL,5471-2044-TOWNS-2BL,DECK - EXTERIOR REAR - GAME DAY - EXTENDED,1SO0300DECK----0130,,DECK - EXTERIOR REAR - GAME DAY - EXTENDED,4130-SIDING MATERIAL,30441300240,GENERIC,27.0000,LF,SIDING MATERIAL - P.O. Vinyl Soffit - Royal Triple 4 Traditional Soffit Solid by the Lineal Foot,False,
Atlanta,ATL,5471-2044-TOWNS-BL,5471-2044-TOWNS-2BL,DECK - EXTERIOR REAR - GAME DAY - EXTENDED,1SO0300DECK----0130,,DECK - EXTERIOR REAR - GAME DAY - EXTENDED,4130-SIDING MATERIAL,30441300220,GENERIC,5.0000,LF,SIDING MATERIAL - P.O. Vinyl Soffit - Royal Triple 4 Traditional Soffit Fully Vented by the Lineal Foot,False,
Atlanta,ATL,5471-2044-TOWNS-BL,5471-2044-TOWNS-2BL,DECK - EXTERIOR REAR - GAME DAY - EXTENDED,1SO0300DECK----0130,,DECK - EXTERIOR REAR - GAME DAY - EXTENDED,4130-SIDING MATERIAL,30441300700,GENERIC,2.0000,SQ,SIDING MATERIAL - P.O. Housewrap - Techwrap by the Square (Includes seam tape),False,
Atlanta,ATL,5471-2044-TOWNS-BL,5471-2044-TOWNS-2BL,DECK - EXTERIOR REAR - GAME DAY - EXTENDED,1SO0300DECK----0130,,DECK - EXTERIOR REAR - GAME DAY - EXTENDED,4130-SIDING MATERIAL,30441300120,GENERIC,-1.0000,SQ,SIDING MATERIAL - P.O. James Hardie Board n Batten 4'x10' Sheets 1x2 Batten Strips per Square - Primed,False,
Atlanta,ATL,5471-2044-TOWNS-BL,5471-2044-TOWNS-2BL,DECK - EXTERIOR REAR - GAME DAY - EXTENDED,1SO0300DECK----0130,,DECK - EXTERIOR REAR - GAME DAY - EXTENDED,4130-SIDING MATERIAL,30441300100,GENERIC,2.0000,SQ,"SIDING MATERIAL - P.O. Cemplank by James Hardie Select Cedarmill 8.25"" Lap Siding (7"" exposure) per Square - Primed",False,
Atlanta,ATL,5471-2044-TOWNS-BL,5471-2044-TOWNS-2BL,DECK - EXTERIOR REAR - GAME DAY - EXTENDED,1SO0300DECK----0130,,DECK - EXTERIOR REAR - GAME DAY - EXTENDED,4131-SIDING LBR/TKY,30441310300,GENERIC,3.0000,EA,SIDING LABOR OR TURNKEY - P.O. James Hardie  Trim Boards  - 5/4x6x16 - Primed,False,
Atlanta,ATL,5471-2044-TOWNS-BL,5471-2044-TOWNS-2BL,DECK - EXTERIOR REAR - GAME DAY - EXTENDED,1SO0300DECK----0130,,DECK - EXTERIOR REAR - GAME DAY - EXTENDED,4131-SIDING LBR/TKY,30441310280,GENERIC,4.0000,EA,SIDING LABOR OR TURNKEY - P.O. James Hardie Trim Boards - 5/4x4x16 - Primed,False,
Atlanta,ATL,5471-2044-TOWNS-BL,5471-2044-TOWNS-2BL,DECK - EXTERIOR REAR - GAME DAY - EXTENDED,1SO0300DECK----0130,,DECK - EXTERIOR REAR - GAME DAY - EXTENDED,4131-SIDING LBR/TKY,30441310260,GENERIC,5.0000,LF,"SIDING LABOR OR TURNKEY - P.O. ACM Trim Coil 24"" x 50' Roll (Color to match Trim) by Lineal Feet",False,
Atlanta,ATL,5471-2044-TOWNS-BL,5471-2044-TOWNS-2BL,DECK - EXTERIOR REAR - GAME DAY - EXTENDED,1SO0300DECK----0130,,DECK - EXTERIOR REAR - GAME DAY - EXTENDED,4131-SIDING LBR/TKY,30441310240,GENERIC,27.0000,LF,SIDING LABOR OR TURNKEY - P.O. Vinyl Soffit - Royal Triple 4 Traditional Soffit Solid by Lineal Feet,False,
Atlanta,ATL,5471-2044-TOWNS-BL,5471-2044-TOWNS-2BL,DECK - EXTERIOR REAR - GAME DAY - EXTENDED,1SO0300DECK----0130,,DECK - EXTERIOR REAR - GAME DAY - EXTENDED,4131-SIDING LBR/TKY,30441310220,GENERIC,5.0000,LF,SIDING LABOR OR TURNKEY - P.O. Vinyl Soffit - Royal Triple 4 Traditional Soffit Fully Vented by Lineal Feet,False,
Atlanta,ATL,5471-2044-TOWNS-BL,5471-2044-TOWNS-2BL,DECK - EXTERIOR REAR - GAME DAY - EXTENDED,1SO0300DECK----0130,,DECK - EXTERIOR REAR - GAME DAY - EXTENDED,4131-SIDING LBR/TKY,30441310700,GENERIC,2.0000,SQ,SIDING LABOR OR TURNKEY - P.O. Housewrap - Techwrap by the Square (Includes seam tape),False,
Atlanta,ATL,5471-2044-TOWNS-BL,5471-2044-TOWNS-2BL,DECK - EXTERIOR REAR - GAME DAY - EXTENDED,1SO0300DECK----0130,,DECK - EXTERIOR REAR - GAME DAY - EXTENDED,4131-SIDING LBR/TKY,30441310120,GENERIC,-1.0000,SQ,SIDING LABOR OR TURNKEY - P.O. James Hardie Board n Batten 4'x10' Sheets 1x2 Batten Strips per Square - Primed,False,
Atlanta,ATL,5471-2044-TOWNS-BL,5471-2044-TOWNS-2BL,DECK - EXTERIOR REAR - GAME DAY - EXTENDED,1SO0300DECK----0130,,DECK - EXTERIOR REAR - GAME DAY - EXTENDED,4131-SIDING LBR/TKY,30441310100,GENERIC,2.0000,SQ,"SIDING LABOR OR TURNKEY - P.O. Cemplank by James Hardie Select Cedarmill 8.25"" Lap Siding (7"" exposure) per Square - Primed",False,
Atlanta,ATL,5471-2044-TOWNS-BL,5471-2044-TOWNS-2BL,DECK - EXTERIOR REAR - GAME DAY - EXTENDED,1SO0300DECK----0130,,DECK - EXTERIOR REAR - GAME DAY - EXTENDED,4910-EXTERIOR PAINT,30449100340,GENERIC,101.0000,LF,EXTERIOR PAINTING TURNKEY - P.O. Cement Board Siding Trim Painting by the Lineal Foot,False,
Atlanta,ATL,5471-2044-TOWNS-BL,5471-2044-TOWNS-2BL,DECK - EXTERIOR REAR - GAME DAY - EXTENDED,1SO0300DECK----0130,,DECK - EXTERIOR REAR - GAME DAY - EXTENDED,4910-EXTERIOR PAINT,30449100100,GENERIC,136.0000,SF,EXTERIOR PAINTING TURNKEY - P.O. Primed Cement Board Siding Painting by the Square Foot,False,
Atlanta,ATL,5471-2044-TOWNS-BL,5471-2044-TOWNS-2BL,DECK - EXTERIOR REAR - GAME DAY - EXTENDED,1SO0300DECK----0130,,DECK - EXTERIOR REAR - GAME DAY - EXTENDED,3202-FRAME MAT'L 2ND,30332025620,GENERIC,1.0000,EA,"FRAMING MATERIAL 2ND - P.O.  7/16"" Plywood Clips (1 Box- 250 pcs)",False,
Atlanta,ATL,5471-2044-TOWNS-BL,5471-2044-TOWNS-2BL,DECK - EXTERIOR REAR - GAME DAY - EXTENDED,1SO0300DECK----0130,,DECK - EXTERIOR REAR - GAME DAY - EXTENDED,3202-FRAME MAT'L 2ND,30332020260,GENERIC,18.0000,EA,"FRAMING MATERIAL 2ND - P.O.  7/16"" OSB",False,
Atlanta,ATL,5471-2044-TOWNS-BL,5471-2044-TOWNS-2BL,DECK - EXTERIOR REAR - GAME DAY - EXTENDED,1SO0300DECK----0130,,DECK - EXTERIOR REAR - GAME DAY - EXTENDED,3202-FRAME MAT'L 2ND,30332021020,GENERIC,1.0000,EA,FRAMING MATERIAL 2ND - P.O.  2 X 8 X 16 #3 SPF,False,
Atlanta,ATL,5471-2044-TOWNS-BL,5471-2044-TOWNS-2BL,DECK - EXTERIOR REAR - GAME DAY - EXTENDED,1SO0300DECK----0130,,DECK - EXTERIOR REAR - GAME DAY - EXTENDED,3202-FRAME MAT'L 2ND,30332020820,GENERIC,1.0000,EA,FRAMING MATERIAL 2ND - P.O.  2 X 6 X 16 #3 SPF,False,
Atlanta,ATL,5471-2044-TOWNS-BL,5471-2044-TOWNS-2BL,DECK - EXTERIOR REAR - GAME DAY - EXTENDED,1SO0300DECK----0130,,DECK - EXTERIOR REAR - GAME DAY - EXTENDED,3202-FRAME MAT'L 2ND,30332025600,GENERIC,7.0000,EA,FRAMING MATERIAL 2ND - P.O.  H2.5 Hurrican Rafter Tie,False,
Atlanta,ATL,5471-2044-TOWNS-BL,5471-2044-TOWNS-2BL,DECK - EXTERIOR REAR - GAME DAY - EXTENDED,1SO0300DECK----0130,,DECK - EXTERIOR REAR - GAME DAY - EXTENDED,3202-FRAME MAT'L 2ND,30332021440,GENERIC,3.0000,EA,FRAMING MATERIAL 2ND - P.O.  2 X 6 X 16 #2 SPF,False,
Atlanta,ATL,5471-2044-TOWNS-BL,5471-2044-TOWNS-2BL,DECK - EXTERIOR REAR - GAME DAY - EXTENDED,1SO0300DECK----0130,,DECK - EXTERIOR REAR - GAME DAY - EXTENDED,3202-FRAME MAT'L 2ND,30332020680,GENERIC,-2.0000,EA,FRAMING MATERIAL 2ND - P.O.  2 X 4 X 16 #3 SPF,False,
Atlanta,ATL,5471-2044-TOWNS-BL,5471-2044-TOWNS-2BL,DECK - EXTERIOR REAR - GAME DAY - EXTENDED,1SO0300DECK----0130,,DECK - EXTERIOR REAR - GAME DAY - EXTENDED,3202-FRAME MAT'L 2ND,30332020360,GENERIC,-13.0000,EA,FRAMING MATERIAL 2ND - P.O.  2 X 4 X 8 Pre-Cut Studs,False,
Atlanta,ATL,5471-2044-TOWNS-BL,5471-2044-TOWNS-2BL,DECK - EXTERIOR REAR - GAME DAY - EXTENDED,1SO0300DECK----0130,,DECK - EXTERIOR REAR - GAME DAY - EXTENDED,3251-FRAME FLR TRS 2,30332511620,GENERIC,5.0000,EA,"FRAMING FLOOR TRUSSES 2ND - P.O. 1-1/2"" Joist Hanger Nail 1 Lb Box",False,
Atlanta,ATL,5471-2044-TOWNS-BL,5471-2044-TOWNS-2BL,DECK - EXTERIOR REAR - GAME DAY - EXTENDED,1SO0300DECK----0130,,DECK - EXTERIOR REAR - GAME DAY - EXTENDED,2141-MON. SLAB CONC,30221410110,GENERIC,1.0000,EA,MONO SLAB CONCRETE - P.O. Fuel Surcharge,False,
Atlanta,ATL,5471-2044-TOWNS-BL,5471-2044-TOWNS-2BL,DECK - EXTERIOR REAR - GAME DAY - EXTENDED,1SO0300DECK----0130,,DECK - EXTERIOR REAR - GAME DAY - EXTENDED,2141-MON. SLAB CONC,30221410105,GENERIC,1.0000,EA,MONO SLAB CONCRETE - P.O. Environmental Fee,False,
Atlanta,ATL,5471-2044-TOWNS-BL,5471-2044-TOWNS-2BL,DECK - EXTERIOR REAR - GAME DAY - EXTENDED,1SO0300DECK----0130,,DECK - EXTERIOR REAR - GAME DAY - EXTENDED,2141-MON. SLAB CONC,30221410100,GENERIC,1.0000,CY,"MONO SLAB CONCRETE - P.O. 3,000 PSI Slab MonoSlab Concrete Delivered to Site Per Cubic Yard",False,
Atlanta,ATL,5471-2044-TOWNS-BL,5471-2044-TOWNS-2BL,DECK - EXTERIOR REAR - GAME DAY - EXTENDED,1SO0300DECK----0130,,DECK - EXTERIOR REAR - GAME DAY - EXTENDED,2121-SLAB PUMPING,30221210120,GENERIC,1.0000,CY,SLAB PUMPING - P.O. Rental Concrete Pump Truck per Cubic Yard,False,
Atlanta,ATL,5471-2044-TOWNS-BL,5471-2044-TOWNS-2BL,DECK - EXTERIOR REAR - GAME DAY - EXTENDED,1SO0300DECK----0130,,DECK - EXTERIOR REAR - GAME DAY - EXTENDED,3300-FRAMING LBR DRAW1,30333000100,GENERIC,44.0000,SF,FRAMING LABOR DRAW 1 - P.O. Frame Labor by the Under Roof Square Footage Draw 1,False,
Atlanta,ATL,5471-2044-TOWNS-BL,5471-2044-TOWNS-2BL,DECK - EXTERIOR REAR - GAME DAY - EXTENDED,1SO0300DECK----0130,,DECK - EXTERIOR REAR - GAME DAY - EXTENDED,3310-FRAMING LBR DRAW2,30333100102,GENERIC,44.0000,SF,FRAMING LABOR DRAW 2 - P.O. Frame Labor by the Under Roof Square Footage Draw 2,False,
Atlanta,ATL,5471-2044-TOWNS-BL,5471-2044-TOWNS-2BL,DECK - EXTERIOR REAR - GAME DAY - EXTENDED,1SO0300DECK----0130,,DECK - EXTERIOR REAR - GAME DAY - EXTENDED,3340-FRAMING LBR DRAW3,30333400104,GENERIC,44.0000,SF,FRAMING LABOR DRAW 3 - P.O. Frame Labor by the Under Roof Square Footage Draw 3,False,
Atlanta,ATL,5471-2044-TOWNS-BL,5471-2044-TOWNS-2BL,DECK - EXTERIOR REAR - GAME DAY - EXTENDED,1SO0300DECK----0130,,DECK - EXTERIOR REAR - GAME DAY - EXTENDED,4250-STONE MAT'L,30442500260,GENERIC,10.0000,EA,STONE MATERIAL - P.O. 8x8x16 Block Regular,False,
Atlanta,ATL,5471-2044-TOWNS-BL,5471-2044-TOWNS-2BL,DECK - EXTERIOR REAR - GAME DAY - EXTENDED,1SO0300DECK----0130,,DECK - EXTERIOR REAR - GAME DAY - EXTENDED,4250-STONE MAT'L,30442500240,GENERIC,49.0000,EA,STONE MATERIAL - P.O. Felt Backed Metal Lathe by the Square Foot,False,
Atlanta,ATL,5471-2044-TOWNS-BL,5471-2044-TOWNS-2BL,DECK - EXTERIOR REAR - GAME DAY - EXTENDED,1SO0300DECK----0130,,DECK - EXTERIOR REAR - GAME DAY - EXTENDED,4250-STONE MAT'L,30442500180,GENERIC,2.0000,EA,"STONE MATERIAL - P.O. 80 lb. bag of Type ""S"" Pre-Mix Masonry Mortar",False,
Atlanta,ATL,5471-2044-TOWNS-BL,5471-2044-TOWNS-2BL,DECK - EXTERIOR REAR - GAME DAY - EXTENDED,1SO0300DECK----0130,,DECK - EXTERIOR REAR - GAME DAY - EXTENDED,4250-STONE MAT'L,30442500100,GENERIC,40.0000,SF,STONE MATERIAL - P.O. Synthetic Stone Flats by the Square Foot,False,
Atlanta,ATL,5471-2044-TOWNS-BL,5471-2044-TOWNS-2BL,DECK - EXTERIOR REAR - GAME DAY - EXTENDED,1SO0300DECK----0130,,DECK - EXTERIOR REAR - GAME DAY - EXTENDED,1.1-Key Measures Master-1st Floor,RM_PR_FA_CR,GENERIC,-3.0000,LF,Family Room Chair Rail,False,
Atlanta,ATL,5471-2044-TOWNS-BL,5471-2044-TOWNS-2BL,DECK - EXTERIOR REAR - GAME DAY - EXTENDED,1SO0300DECK----0130,,DECK - EXTERIOR REAR - GAME DAY - EXTENDED,1.1-Key Measures Master-1st Floor,WE_2x4_10,GENERIC,10.0000,LF,LF Exterior 2x4 10',False,
Atlanta,ATL,5471-2044-TOWNS-BL,5471-2044-TOWNS-2BL,DECK - EXTERIOR REAR - GAME DAY - EXTENDED,1SO0300DECK----0130,,DECK - EXTERIOR REAR - GAME DAY - EXTENDED,1.1-Key Measures Master-1st Floor,RM_PR_SR_CM,GENERIC,-1.0000,LF,Sitting Room Crown Mould,False,
Atlanta,ATL,5471-2044-TOWNS-BL,5471-2044-TOWNS-2BL,DECK - EXTERIOR REAR - GAME DAY - EXTENDED,1SO0300DECK----0130,,DECK - EXTERIOR REAR - GAME DAY - EXTENDED,1.1-Key Measures Master-1st Floor,RM_PR_SR_CR,GENERIC,-1.0000,LF,Sitting Room Chair Rail,False,
Atlanta,ATL,5471-2044-TOWNS-BL,5471-2044-TOWNS-2BL,DECK - EXTERIOR REAR - GAME DAY - EXTENDED,1SO0300DECK----0130,,DECK - EXTERIOR REAR - GAME DAY - EXTENDED,1.1-Key Measures Master-1st Floor,RAIL_EXT,GENERIC,-3.0000,LF,Railing Exterior,False,
Atlanta,ATL,5471-2044-TOWNS-BL,5471-2044-TOWNS-2BL,DECK - EXTERIOR REAR - GAME DAY - EXTENDED,1SO0300DECK----0130,,DECK - EXTERIOR REAR - GAME DAY - EXTENDED,1.1-Key Measures Master-1st Floor,WC_INT_2x4_10,GENERIC,2.0000,EA,Wall Corner Int 2x4 10',False,
Atlanta,ATL,5471-2044-TOWNS-BL,5471-2044-TOWNS-2BL,DECK - EXTERIOR REAR - GAME DAY - EXTENDED,1SO0300DECK----0130,,DECK - EXTERIOR REAR - GAME DAY - EXTENDED,3201-FRAME MAT'L 1ST,30332012160,GENERIC,2.0000,EA,FRAMING MATERIAL 1ST - P.O.  2 X 4 X 16 Pressure Treated,False,
Atlanta,ATL,5471-2044-TOWNS-BL,5471-2044-TOWNS-2BL,DECK - EXTERIOR REAR - GAME DAY - EXTENDED,1SO0300DECK----0130,,DECK - EXTERIOR REAR - GAME DAY - EXTENDED,3201-FRAME MAT'L 1ST,30332012900,GENERIC,1.0000,EA,FRAMING MATERIAL 1ST - P.O.  SUBFLOOR ADHESVIE,False,
Atlanta,ATL,5471-2044-TOWNS-BL,5471-2044-TOWNS-2BL,DECK - EXTERIOR REAR - GAME DAY - EXTENDED,1SO0300DECK----0130,,DECK - EXTERIOR REAR - GAME DAY - EXTENDED,3201-FRAME MAT'L 1ST,30332010340,GENERIC,2.0000,EA,FRAMING MATERIAL 1ST - P.O.  3/4 T&G WEYERHAUSER EDGE GOLD,False,
Atlanta,ATL,5471-2044-TOWNS-BL,5471-2044-TOWNS-2BL,DECK - EXTERIOR REAR - GAME DAY - EXTENDED,1SO0300DECK----0130,,DECK - EXTERIOR REAR - GAME DAY - EXTENDED,3201-FRAME MAT'L 1ST,30332010380,GENERIC,18.0000,EA,FRAMING MATERIAL 1ST - P.O.  2 X 4 X 9 Pre-Cut Studs,False,
Atlanta,ATL,5471-2044-TOWNS-BL,5471-2044-TOWNS-2BL,DECK - EXTERIOR REAR - GAME DAY - EXTENDED,1SO0300DECK----0130,,DECK - EXTERIOR REAR - GAME DAY - EXTENDED,3201-FRAME MAT'L 1ST,30332010680,GENERIC,1.0000,EA,FRAMING MATERIAL 1ST - P.O.  2 X 4 X 16 #3 SPF,False,
Atlanta,ATL,5471-2044-TOWNS-BL,5471-2044-TOWNS-2BL,DECK - EXTERIOR REAR - GAME DAY - EXTENDED,1SO0300DECK----0130,,DECK - EXTERIOR REAR - GAME DAY - EXTENDED,3201-FRAME MAT'L 1ST,30332010700,GENERIC,12.0000,EA,FRAMING MATERIAL 1ST - P.O.  2 X 4 X 18 #3 SPF,False,
Atlanta,ATL,5471-2044-TOWNS-BL,5471-2044-TOWNS-2BL,DECK - EXTERIOR REAR - GAME DAY - EXTENDED,1SO0300DECK----0130,,DECK - EXTERIOR REAR - GAME DAY - EXTENDED,3201-FRAME MAT'L 1ST,30332011080,GENERIC,1.0000,EA,FRAMING MATERIAL 1ST - P.O.  2 X 8 X 22 #3 SPF,False,
Atlanta,ATL,5471-2044-TOWNS-BL,5471-2044-TOWNS-2BL,DECK - EXTERIOR REAR - GAME DAY - EXTENDED,1SO0300DECK----0130,,DECK - EXTERIOR REAR - GAME DAY - EXTENDED,3201-FRAME MAT'L 1ST,30332010800,GENERIC,1.0000,EA,FRAMING MATERIAL 1ST - P.O.  2 X 6 X 14 #3 SPF,False,
Atlanta,ATL,5471-2044-TOWNS-BL,5471-2044-TOWNS-2BL,DECK - EXTERIOR REAR - GAME DAY - EXTENDED,1SO0300DECK----0130,,DECK - EXTERIOR REAR - GAME DAY - EXTENDED,2140-MON. SLAB MAT'L,30221400210,GENERIC,2.0000,EA,MONO SLAB MATERIAL- P.O. Simpson Mudsill Anchors Galvanized Each,False,
Atlanta,ATL,5471-2044-TOWNS-BL,5471-2044-TOWNS-2BL,ELECTRICAL - SEE LOCATION - COVERED GFCI OUTLET,1SO0400ELECTRIC0100,,ELECTRICAL - SEE LOCATION - COVERED GFCI OUTLET,3720-ELECTRICAL TRIM,30337200180,GENERIC,1.0000,EA,ELECTRICAL TRIM- P.O. Labor and Materials Electrical Item Installed - Duplex Ground Fault (GFI) Weatherproof,False,
Atlanta,ATL,5471-2044-TOWNS-BL,5471-2044-TOWNS-2BL,ELECTRICAL - SEE LOCATION - COVERED GFCI OUTLET,1SO0400ELECTRIC0100,,ELECTRICAL - SEE LOCATION - COVERED GFCI OUTLET,3710-ELECTRIC ROUGH,30337100180,GENERIC,1.0000,EA,ELECTRICAL ROUGH- P.O. Labor and Materials Electrical Item Installed - Duplex Ground Fault (GFI) Weatherproof,False,
Atlanta,ATL,5471-2044-TOWNS-BL,5471-2044-TOWNS-2BL,ELECTRICAL - SEE LOCATION - DOUBLE LAMP FLOOD LIGHT,1SO0400ELECTRIC0110,,ELECTRICAL - SEE LOCATION - DOUBLE LAMP FLOOD LIGHT,3710-ELECTRIC ROUGH,30337100940,GENERIC,1.0000,EA,ELECTRICAL ROUGH- P.O. Labor and Materials Electrical Item Installed - Exterior Flood Light (2 Lamps),False,
Atlanta,ATL,5471-2044-TOWNS-BL,5471-2044-TOWNS-2BL,ELECTRICAL - SEE LOCATION - DOUBLE LAMP FLOOD LIGHT,1SO0400ELECTRIC0110,,ELECTRICAL - SEE LOCATION - DOUBLE LAMP FLOOD LIGHT,3720-ELECTRICAL TRIM,30337200940,GENERIC,1.0000,EA,ELECTRICAL TRIM- P.O. Labor and Materials Electrical Item Installed - Exterior Flood Light (2 Lamps),False,
Atlanta,ATL,5471-2044-TOWNS-BL,5471-2044-TOWNS-2BL,ELECTRICAL - SEE LOCATION - EXTERIOR CEILING FAN WITH LIGHT,1SO0400ELECTRIC0120,,ELECTRICAL - SEE LOCATION - EXTERIOR CEILING FAN WITH LIGHT,3760-LIGHT FIXTURES,30337600360,GENERIC,1.0000,EA,LIGHT FIXTURES - P.O. Level Standard Exterior Ceiling Fan with Light Kit,False,
Atlanta,ATL,5471-2044-TOWNS-BL,5471-2044-TOWNS-2BL,ELECTRICAL - SEE LOCATION - EXTERIOR CEILING FAN WITH LIGHT,1SO0400ELECTRIC0120,,ELECTRICAL - SEE LOCATION - EXTERIOR CEILING FAN WITH LIGHT,3720-ELECTRICAL TRIM,30337200340,GENERIC,2.0000,EA,ELECTRICAL TRIM- P.O. Labor and Materials Electrical Item Installed - Single Pole Switch,False,
Atlanta,ATL,5471-2044-TOWNS-BL,5471-2044-TOWNS-2BL,ELECTRICAL - SEE LOCATION - EXTERIOR CEILING FAN WITH LIGHT,1SO0400ELECTRIC0120,,ELECTRICAL - SEE LOCATION - EXTERIOR CEILING FAN WITH LIGHT,3720-ELECTRICAL TRIM,30337200920,GENERIC,1.0000,EA,ELECTRICAL TRIM- P.O. Labor and Materials Electrical Item Installed - Exterior Ceiling Fan w/ Light Kit (Supplied by Others),False,
Atlanta,ATL,5471-2044-TOWNS-BL,5471-2044-TOWNS-2BL,ELECTRICAL - SEE LOCATION - EXTERIOR CEILING FAN WITH LIGHT,1SO0400ELECTRIC0120,,ELECTRICAL - SEE LOCATION - EXTERIOR CEILING FAN WITH LIGHT,3710-ELECTRIC ROUGH,30337100340,GENERIC,2.0000,EA,ELECTRICAL ROUGH- P.O. Labor and Materials Electrical Item Installed - Single Pole Switch,False,
Atlanta,ATL,5471-2044-TOWNS-BL,5471-2044-TOWNS-2BL,ELECTRICAL - SEE LOCATION - EXTERIOR CEILING FAN WITH LIGHT,1SO0400ELECTRIC0120,,ELECTRICAL - SEE LOCATION - EXTERIOR CEILING FAN WITH LIGHT,3710-ELECTRIC ROUGH,30337100920,GENERIC,1.0000,EA,ELECTRICAL ROUGH- P.O. Labor and Materials Electrical Item Installed - Exterior Ceiling Fan w/ Light Kit (Supplied by Others),False,
Atlanta,ATL,5471-2044-TOWNS-BL,5471-2044-TOWNS-2BL,ELECTRICAL - SEE LOCATION - OUTLET - 20 AMP DEDICATED,1SO0400ELECTRIC0130,,ELECTRICAL - SEE LOCATION - OUTLET - 20 AMP DEDICATED,3720-ELECTRICAL TRIM,30337200200,GENERIC,1.0000,EA,ELECTRICAL TRIM- P.O. Labor and Materials Electrical Item Installed - Duplex Outlet,False,
Atlanta,ATL,5471-2044-TOWNS-BL,5471-2044-TOWNS-2BL,ELECTRICAL - SEE LOCATION - OUTLET - 20 AMP DEDICATED,1SO0400ELECTRIC0130,,ELECTRICAL - SEE LOCATION - OUTLET - 20 AMP DEDICATED,3710-ELECTRIC ROUGH,30337100200,GENERIC,1.0000,EA,ELECTRICAL ROUGH- P.O. Labor and Materials Electrical Item Installed - Duplex Outlet,False,
Atlanta,ATL,5471-2044-TOWNS-BL,5471-2044-TOWNS-2BL,ELECTRICAL - SEE LOCATION - OUTLET - 220 VOLT,1SO0400ELECTRIC0140,,ELECTRICAL - SEE LOCATION - OUTLET - 220 VOLT,3720-ELECTRICAL TRIM,30337200100,GENERIC,1.0000,EA,ELECTRICAL TRIM- P.O. Labor and Materials Electrical Item Installed - 220 Volt Outlet,False,
Atlanta,ATL,5471-2044-TOWNS-BL,5471-2044-TOWNS-2BL,ELECTRICAL - SEE LOCATION - OUTLET - 220 VOLT,1SO0400ELECTRIC0140,,ELECTRICAL - SEE LOCATION - OUTLET - 220 VOLT,3710-ELECTRIC ROUGH,30337100100,GENERIC,1.0000,EA,ELECTRICAL ROUGH- P.O. Labor and Materials Electrical Item Installed - 220 Volt Outlet,False,
Atlanta,ATL,5471-2044-TOWNS-BL,5471-2044-TOWNS-2BL,ELECTRICAL - SEE LOCATION - OUTLET - DEDICATED 110 VOLT,1SO0400ELECTRIC0150,,ELECTRICAL - SEE LOCATION - OUTLET - DEDICATED 110 VOLT,3720-ELECTRICAL TRIM,30337200200,GENERIC,1.0000,EA,ELECTRICAL TRIM- P.O. Labor and Materials Electrical Item Installed - Duplex Outlet,False,
Atlanta,ATL,5471-2044-TOWNS-BL,5471-2044-TOWNS-2BL,ELECTRICAL - SEE LOCATION - OUTLET - DEDICATED 110 VOLT,1SO0400ELECTRIC0150,,ELECTRICAL - SEE LOCATION - OUTLET - DEDICATED 110 VOLT,3710-ELECTRIC ROUGH,30337100200,GENERIC,1.0000,EA,ELECTRICAL ROUGH- P.O. Labor and Materials Electrical Item Installed - Duplex Outlet,False,
Atlanta,ATL,5471-2044-TOWNS-BL,5471-2044-TOWNS-2BL,ELECTRICAL - SEE LOCATION - SWITCH - ADDITIONAL,1SO0400ELECTRIC0160,,ELECTRICAL - SEE LOCATION - SWITCH - ADDITIONAL,3720-ELECTRICAL TRIM,30337200340,GENERIC,1.0000,EA,ELECTRICAL TRIM- P.O. Labor and Materials Electrical Item Installed - Single Pole Switch,False,
Atlanta,ATL,5471-2044-TOWNS-BL,5471-2044-TOWNS-2BL,ELECTRICAL - SEE LOCATION - SWITCH - ADDITIONAL,1SO0400ELECTRIC0160,,ELECTRICAL - SEE LOCATION - SWITCH - ADDITIONAL,3710-ELECTRIC ROUGH,30337100340,GENERIC,1.0000,EA,ELECTRICAL ROUGH- P.O. Labor and Materials Electrical Item Installed - Single Pole Switch,False,
Atlanta,ATL,5471-2044-TOWNS-BL,5471-2044-TOWNS-2BL,ELECTRICAL - SEE LOCATION - SWITCH - DIMMER - ILO TOGGLE,1SO0400ELECTRIC0170,,ELECTRICAL - SEE LOCATION - SWITCH - DIMMER - ILO TOGGLE,3720-ELECTRICAL TRIM,30337200400,GENERIC,1.0000,EA,ELECTRICAL TRIM- P.O. Labor and Materials Electrical Item Installed - Dimmer Switch,False,
Atlanta,ATL,5471-2044-TOWNS-BL,5471-2044-TOWNS-2BL,ELECTRICAL - SEE LOCATION - SWITCH - DIMMER - ILO TOGGLE,1SO0400ELECTRIC0170,,ELECTRICAL - SEE LOCATION - SWITCH - DIMMER - ILO TOGGLE,3720-ELECTRICAL TRIM,30337200340,GENERIC,-1.0000,EA,ELECTRICAL TRIM- P.O. Labor and Materials Electrical Item Installed - Single Pole Switch,False,
Atlanta,ATL,5471-2044-TOWNS-BL,5471-2044-TOWNS-2BL,ELECTRICAL - SEE LOCATION - SWITCH - DIMMER - ILO TOGGLE,1SO0400ELECTRIC0170,,ELECTRICAL - SEE LOCATION - SWITCH - DIMMER - ILO TOGGLE,3710-ELECTRIC ROUGH,30337100400,GENERIC,1.0000,EA,ELECTRICAL ROUGH- P.O. Labor and Materials Electrical Item Installed - Dimmer Switch,False,
Atlanta,ATL,5471-2044-TOWNS-BL,5471-2044-TOWNS-2BL,ELECTRICAL - SEE LOCATION - SWITCH - DIMMER - ILO TOGGLE,1SO0400ELECTRIC0170,,ELECTRICAL - SEE LOCATION - SWITCH - DIMMER - ILO TOGGLE,3710-ELECTRIC ROUGH,30337100340,GENERIC,-1.0000,EA,ELECTRICAL ROUGH- P.O. Labor and Materials Electrical Item Installed - Single Pole Switch,False,
Atlanta,ATL,5471-2044-TOWNS-BL,5471-2044-TOWNS-2BL,ELECTRICAL - SEE LOCATION - SWITCH - ROCKER STYLE SWITCHES,1SO0400ELECTRIC0180,,ELECTRICAL - SEE LOCATION - SWITCH - ROCKER STYLE SWITCHES,3710-ELECTRIC ROUGH,30337100450,GENERIC,1.0000,EA,"ELECTRICAL ROUGH- P.O. Material Upgrade - Rocker Style Switch Any House (Single Pole, 3 Way, 4 Way)",False,
Atlanta,ATL,5471-2044-TOWNS-BL,5471-2044-TOWNS-2BL,ELECTRICAL - SEE LOCATION - SWITCH - ROCKER STYLE SWITCHES,1SO0400ELECTRIC0180,,ELECTRICAL - SEE LOCATION - SWITCH - ROCKER STYLE SWITCHES,3720-ELECTRICAL TRIM,30337200450,GENERIC,1.0000,EA,"ELECTRICAL TRIM- P.O. Material Upgrade - Rocker Style Switch Any House (Single Pole, 3 Way, 4 Way)",False,
Atlanta,ATL,5471-2044-TOWNS-BL,5471-2044-TOWNS-2BL,ELEV-A1,1SO0200ELEVATIO0100,BASE,ELEVATION - EXTERIOR - A-TRADITIONAL - SPECIFICATION SERIES 1 (BASE HOUSE),3201-FRAME MAT'L 1ST,30332010140,GENERIC,8.0000,EA,FRAMING MATERIAL 1ST - P.O.  2 X 4 X 16 Pressure Treated #3 (2416T-B TENN. MKT),False,
Atlanta,ATL,5471-2044-TOWNS-BL,5471-2044-TOWNS-2BL,ELEV-B2,1SO0200ELEVATIO0140,,ELEVATION - EXTERIOR - B-COTTAGE - SPECIFICATION SERIES 2,5210-TRIM MATERIAL,30552101600,GENERIC,-6.0000,LF,"TRIM MATERIAL - P.O. 2-3/4""  Chair Rail 1001 FJ",False,
Atlanta,ATL,5471-2044-TOWNS-BL,5471-2044-TOWNS-2BL,ELEV-B2,1SO0200ELEVATIO0140,,ELEVATION - EXTERIOR - B-COTTAGE - SPECIFICATION SERIES 2,3202-FRAME MAT'L 2ND,30332020820,GENERIC,-1.0000,EA,FRAMING MATERIAL 2ND - P.O.  2 X 6 X 16 #3 SPF,False,
Atlanta,ATL,5471-2044-TOWNS-BL,5471-2044-TOWNS-2BL,ELEV-B2,1SO0200ELEVATIO0140,,ELEVATION - EXTERIOR - B-COTTAGE - SPECIFICATION SERIES 2,4010-ROOF MATERIAL,30440100300,GENERIC,1.0000,LF,ROOFING MATERIAL - P.O.Step Flashing by the Lineal Foot,False,
Atlanta,ATL,5471-2044-TOWNS-BL,5471-2044-TOWNS-2BL,ELEV-B2,1SO0200ELEVATIO0140,,ELEVATION - EXTERIOR - B-COTTAGE - SPECIFICATION SERIES 2,4010-ROOF MATERIAL,30440100260,GENERIC,-1.0000,LF,"ROOFING MATERIAL - P.O. 6"" Eave Drip (Color to Match Fascia)",False,
Atlanta,ATL,5471-2044-TOWNS-BL,5471-2044-TOWNS-2BL,ELEV-B2,1SO0200ELEVATIO0140,,ELEVATION - EXTERIOR - B-COTTAGE - SPECIFICATION SERIES 2,4010-ROOF MATERIAL,30440100160,GENERIC,-1.0000,EA,ROOFING MATERIAL - P.O. Certainteed Universal Starter Bundle,False,
Atlanta,ATL,5471-2044-TOWNS-BL,5471-2044-TOWNS-2BL,EXPRESS DESIGN - INTERIOR - PACKAGE 13 - ILO SERIES 2 SPECIFICATIONS,2DC0602INTEXPDE0300,"APPLIANCES - KITCHEN - LEVEL A-STANDARD FREESTANDING GAS RANGE, MICROWAVE, DISHWASHER, FRIDGE STAINLESS STEEL ILO LEVEL A-STANDARD PACKAGE AND BASE",EXPRESS DESIGN - INTERIOR - PACKAGE 13 - ILO SERIES 2 SPECIFICATIONS,1.6-Containers/Calculations,APDW_S2,GENERIC,1.0000,EA,Series 2 Dishwasher Container,False,
Atlanta,ATL,5471-2044-TOWNS-BL,5471-2044-TOWNS-2BL,EXPRESS DESIGN - INTERIOR - PACKAGE 13 - ILO SERIES 2 SPECIFICATIONS,2DC0602INTEXPDE0300,"APPLIANCES - KITCHEN - LEVEL A-STANDARD FREESTANDING GAS RANGE, MICROWAVE, DISHWASHER, FRIDGE STAINLESS STEEL ILO LEVEL A-STANDARD PACKAGE AND BASE",EXPRESS DESIGN - INTERIOR - PACKAGE 13 - ILO SERIES 2 SPECIFICATIONS,5510-APPLIANCES 1ST,30555100620,GENERIC,-1.0000,EA,APPLIANCES (COOKTOP;OVEN;RANGE;DW;MICROWAVE) - P.O. Dishwasher Level Estate,False,
Atlanta,ATL,5471-2044-TOWNS-BL,5471-2044-TOWNS-2BL,EXPRESS DESIGN - INTERIOR - PACKAGE 13 - ILO SERIES 2 SPECIFICATIONS,2DC0602INTEXPDE0300,"APPLIANCES - KITCHEN - LEVEL A-STANDARD FREESTANDING GAS RANGE, MICROWAVE, DISHWASHER, FRIDGE STAINLESS STEEL ILO LEVEL A-STANDARD PACKAGE AND BASE",EXPRESS DESIGN - INTERIOR - PACKAGE 13 - ILO SERIES 2 SPECIFICATIONS,5510-APPLIANCES 1ST,30555100580,GENERIC,1.0000,EA,APPLIANCES (COOKTOP;OVEN;RANGE;DW;MICROWAVE) - P.O. Dishwasher Level Designer,False,
Atlanta,ATL,5471-2044-TOWNS-BL,5471-2044-TOWNS-2BL,EXPRESS DESIGN - INTERIOR - PACKAGE 13 - ILO SERIES 2 SPECIFICATIONS,2DC0602INTEXPDE0300,"APPLIANCES - KITCHEN - LEVEL A-STANDARD FREESTANDING ELECTRIC RANGE, MICROWAVE, DISHWASHER, FRIDGE STAINLESS STEEL ILO LEVEL A-STANDARD PACKAGE AND BASE",EXPRESS DESIGN - INTERIOR - PACKAGE 13 - ILO SERIES 2 SPECIFICATIONS,1.6-Containers/Calculations,APDW_S2,GENERIC,1.0000,EA,Series 2 Dishwasher Container,False,
Atlanta,ATL,5471-2044-TOWNS-BL,5471-2044-TOWNS-2BL,EXPRESS DESIGN - INTERIOR - PACKAGE 13 - ILO SERIES 2 SPECIFICATIONS,2DC0602INTEXPDE0300,"APPLIANCES - KITCHEN - LEVEL A-STANDARD FREESTANDING ELECTRIC RANGE, MICROWAVE, DISHWASHER, FRIDGE STAINLESS STEEL ILO LEVEL A-STANDARD PACKAGE AND BASE",EXPRESS DESIGN - INTERIOR - PACKAGE 13 - ILO SERIES 2 SPECIFICATIONS,5510-APPLIANCES 1ST,30555100620,GENERIC,-1.0000,EA,APPLIANCES (COOKTOP;OVEN;RANGE;DW;MICROWAVE) - P.O. Dishwasher Level Estate,False,
Atlanta,ATL,5471-2044-TOWNS-BL,5471-2044-TOWNS-2BL,EXPRESS DESIGN - INTERIOR - PACKAGE 13 - ILO SERIES 2 SPECIFICATIONS,2DC0602INTEXPDE0300,"APPLIANCES - KITCHEN - LEVEL A-STANDARD FREESTANDING ELECTRIC RANGE, MICROWAVE, DISHWASHER, FRIDGE STAINLESS STEEL ILO LEVEL A-STANDARD PACKAGE AND BASE",EXPRESS DESIGN - INTERIOR - PACKAGE 13 - ILO SERIES 2 SPECIFICATIONS,5510-APPLIANCES 1ST,30555100580,GENERIC,1.0000,EA,APPLIANCES (COOKTOP;OVEN;RANGE;DW;MICROWAVE) - P.O. Dishwasher Level Designer,False,
Atlanta,ATL,5471-2044-TOWNS-BL,5471-2044-TOWNS-2BL,EXPRESS DESIGN - INTERIOR - PACKAGE 13 - ILO SERIES 2 SPECIFICATIONS,2DC0602INTEXPDE0300,BASE,EXPRESS DESIGN - INTERIOR - PACKAGE 13 - ILO SERIES 2 SPECIFICATIONS,1.6-Containers/Calculations,APDW_S2,GENERIC,-1.0000,EA,Series 2 Dishwasher Container,False,
Atlanta,ATL,5471-2044-TOWNS-BL,5471-2044-TOWNS-2BL,EXPRESS DESIGN - INTERIOR - PACKAGE 13 - ILO SERIES 2 SPECIFICATIONS,2DC0602INTEXPDE0300,BASE,EXPRESS DESIGN - INTERIOR - PACKAGE 13 - ILO SERIES 2 SPECIFICATIONS,5510-APPLIANCES 1ST,30555100620,GENERIC,1.0000,EA,APPLIANCES (COOKTOP;OVEN;RANGE;DW;MICROWAVE) - P.O. Dishwasher Level Estate,False,
Atlanta,ATL,5471-2044-TOWNS-BL,5471-2044-TOWNS-2BL,EXPRESS DESIGN - INTERIOR - PACKAGE 13 - ILO SERIES 2 SPECIFICATIONS,2DC0602INTEXPDE0300,BASE,EXPRESS DESIGN - INTERIOR - PACKAGE 13 - ILO SERIES 2 SPECIFICATIONS,5510-APPLIANCES 1ST,30555100580,GENERIC,-1.0000,EA,APPLIANCES (COOKTOP;OVEN;RANGE;DW;MICROWAVE) - P.O. Dishwasher Level Designer,False,
Atlanta,ATL,5471-2044-TOWNS-BL,5471-2044-TOWNS-2BL,EXPRESS DESIGN - INTERIOR - PACKAGE 14 - ILO SERIES 2 SPECIFICATIONS,2DC0602INTEXPDE0330,"APPLIANCES - KITCHEN - LEVEL A-STANDARD FREESTANDING GAS RANGE, MICROWAVE, DISHWASHER, FRIDGE STAINLESS STEEL ILO LEVEL A-STANDARD PACKAGE AND BASE",EXPRESS DESIGN - INTERIOR - PACKAGE 14 - ILO SERIES 2 SPECIFICATIONS,1.6-Containers/Calculations,APDW_S2,GENERIC,1.0000,EA,Series 2 Dishwasher Container,False,
Atlanta,ATL,5471-2044-TOWNS-BL,5471-2044-TOWNS-2BL,EXPRESS DESIGN - INTERIOR - PACKAGE 14 - ILO SERIES 2 SPECIFICATIONS,2DC0602INTEXPDE0330,"APPLIANCES - KITCHEN - LEVEL A-STANDARD FREESTANDING GAS RANGE, MICROWAVE, DISHWASHER, FRIDGE STAINLESS STEEL ILO LEVEL A-STANDARD PACKAGE AND BASE",EXPRESS DESIGN - INTERIOR - PACKAGE 14 - ILO SERIES 2 SPECIFICATIONS,5510-APPLIANCES 1ST,30555100620,GENERIC,-1.0000,EA,APPLIANCES (COOKTOP;OVEN;RANGE;DW;MICROWAVE) - P.O. Dishwasher Level Estate,False,
Atlanta,ATL,5471-2044-TOWNS-BL,5471-2044-TOWNS-2BL,EXPRESS DESIGN - INTERIOR - PACKAGE 14 - ILO SERIES 2 SPECIFICATIONS,2DC0602INTEXPDE0330,"APPLIANCES - KITCHEN - LEVEL A-STANDARD FREESTANDING GAS RANGE, MICROWAVE, DISHWASHER, FRIDGE STAINLESS STEEL ILO LEVEL A-STANDARD PACKAGE AND BASE",EXPRESS DESIGN - INTERIOR - PACKAGE 14 - ILO SERIES 2 SPECIFICATIONS,5510-APPLIANCES 1ST,30555100580,GENERIC,1.0000,EA,APPLIANCES (COOKTOP;OVEN;RANGE;DW;MICROWAVE) - P.O. Dishwasher Level Designer,False,
Atlanta,ATL,5471-2044-TOWNS-BL,5471-2044-TOWNS-2BL,EXPRESS DESIGN - INTERIOR - PACKAGE 14 - ILO SERIES 2 SPECIFICATIONS,2DC0602INTEXPDE0330,"APPLIANCES - KITCHEN - LEVEL A-STANDARD FREESTANDING ELECTRIC RANGE, MICROWAVE, DISHWASHER, FRIDGE STAINLESS STEEL ILO LEVEL A-STANDARD PACKAGE AND BASE",EXPRESS DESIGN - INTERIOR - PACKAGE 14 - ILO SERIES 2 SPECIFICATIONS,1.6-Containers/Calculations,APDW_S2,GENERIC,1.0000,EA,Series 2 Dishwasher Container,False,
Atlanta,ATL,5471-2044-TOWNS-BL,5471-2044-TOWNS-2BL,EXPRESS DESIGN - INTERIOR - PACKAGE 14 - ILO SERIES 2 SPECIFICATIONS,2DC0602INTEXPDE0330,"APPLIANCES - KITCHEN - LEVEL A-STANDARD FREESTANDING ELECTRIC RANGE, MICROWAVE, DISHWASHER, FRIDGE STAINLESS STEEL ILO LEVEL A-STANDARD PACKAGE AND BASE",EXPRESS DESIGN - INTERIOR - PACKAGE 14 - ILO SERIES 2 SPECIFICATIONS,5510-APPLIANCES 1ST,30555100620,GENERIC,-1.0000,EA,APPLIANCES (COOKTOP;OVEN;RANGE;DW;MICROWAVE) - P.O. Dishwasher Level Estate,False,
Atlanta,ATL,5471-2044-TOWNS-BL,5471-2044-TOWNS-2BL,EXPRESS DESIGN - INTERIOR - PACKAGE 14 - ILO SERIES 2 SPECIFICATIONS,2DC0602INTEXPDE0330,"APPLIANCES - KITCHEN - LEVEL A-STANDARD FREESTANDING ELECTRIC RANGE, MICROWAVE, DISHWASHER, FRIDGE STAINLESS STEEL ILO LEVEL A-STANDARD PACKAGE AND BASE",EXPRESS DESIGN - INTERIOR - PACKAGE 14 - ILO SERIES 2 SPECIFICATIONS,5510-APPLIANCES 1ST,30555100580,GENERIC,1.0000,EA,APPLIANCES (COOKTOP;OVEN;RANGE;DW;MICROWAVE) - P.O. Dishwasher Level Designer,False,
Atlanta,ATL,5471-2044-TOWNS-BL,5471-2044-TOWNS-2BL,EXPRESS DESIGN - INTERIOR - PACKAGE 14 - ILO SERIES 2 SPECIFICATIONS,2DC0602INTEXPDE0330,BASE,EXPRESS DESIGN - INTERIOR - PACKAGE 14 - ILO SERIES 2 SPECIFICATIONS,1.6-Containers/Calculations,APDW_S2,GENERIC,-1.0000,EA,Series 2 Dishwasher Container,False,
Atlanta,ATL,5471-2044-TOWNS-BL,5471-2044-TOWNS-2BL,EXPRESS DESIGN - INTERIOR - PACKAGE 14 - ILO SERIES 2 SPECIFICATIONS,2DC0602INTEXPDE0330,BASE,EXPRESS DESIGN - INTERIOR - PACKAGE 14 - ILO SERIES 2 SPECIFICATIONS,5510-APPLIANCES 1ST,30555100620,GENERIC,1.0000,EA,APPLIANCES (COOKTOP;OVEN;RANGE;DW;MICROWAVE) - P.O. Dishwasher Level Estate,False,
Atlanta,ATL,5471-2044-TOWNS-BL,5471-2044-TOWNS-2BL,EXPRESS DESIGN - INTERIOR - PACKAGE 14 - ILO SERIES 2 SPECIFICATIONS,2DC0602INTEXPDE0330,BASE,EXPRESS DESIGN - INTERIOR - PACKAGE 14 - ILO SERIES 2 SPECIFICATIONS,5510-APPLIANCES 1ST,30555100580,GENERIC,-1.0000,EA,APPLIANCES (COOKTOP;OVEN;RANGE;DW;MICROWAVE) - P.O. Dishwasher Level Designer,False,
Atlanta,ATL,5471-2044-TOWNS-BL,5471-2044-TOWNS-2BL,EXPRESS DESIGN - INTERIOR - PACKAGE 15 - ILO SERIES 2 SPECIFICATIONS,2DC0602INTEXPDE0360,"APPLIANCES - KITCHEN - LEVEL A-STANDARD FREESTANDING GAS RANGE, MICROWAVE, DISHWASHER, FRIDGE STAINLESS STEEL ILO LEVEL A-STANDARD PACKAGE AND BASE",EXPRESS DESIGN - INTERIOR - PACKAGE 15 - ILO SERIES 2 SPECIFICATIONS,1.6-Containers/Calculations,APDW_S2,GENERIC,1.0000,EA,Series 2 Dishwasher Container,False,
Atlanta,ATL,5471-2044-TOWNS-BL,5471-2044-TOWNS-2BL,EXPRESS DESIGN - INTERIOR - PACKAGE 15 - ILO SERIES 2 SPECIFICATIONS,2DC0602INTEXPDE0360,"APPLIANCES - KITCHEN - LEVEL A-STANDARD FREESTANDING GAS RANGE, MICROWAVE, DISHWASHER, FRIDGE STAINLESS STEEL ILO LEVEL A-STANDARD PACKAGE AND BASE",EXPRESS DESIGN - INTERIOR - PACKAGE 15 - ILO SERIES 2 SPECIFICATIONS,5510-APPLIANCES 1ST,30555100620,GENERIC,-1.0000,EA,APPLIANCES (COOKTOP;OVEN;RANGE;DW;MICROWAVE) - P.O. Dishwasher Level Estate,False,
Atlanta,ATL,5471-2044-TOWNS-BL,5471-2044-TOWNS-2BL,EXPRESS DESIGN - INTERIOR - PACKAGE 15 - ILO SERIES 2 SPECIFICATIONS,2DC0602INTEXPDE0360,"APPLIANCES - KITCHEN - LEVEL A-STANDARD FREESTANDING GAS RANGE, MICROWAVE, DISHWASHER, FRIDGE STAINLESS STEEL ILO LEVEL A-STANDARD PACKAGE AND BASE",EXPRESS DESIGN - INTERIOR - PACKAGE 15 - ILO SERIES 2 SPECIFICATIONS,5510-APPLIANCES 1ST,30555100580,GENERIC,1.0000,EA,APPLIANCES (COOKTOP;OVEN;RANGE;DW;MICROWAVE) - P.O. Dishwasher Level Designer,False,
Atlanta,ATL,5471-2044-TOWNS-BL,5471-2044-TOWNS-2BL,EXPRESS DESIGN - INTERIOR - PACKAGE 15 - ILO SERIES 2 SPECIFICATIONS,2DC0602INTEXPDE0360,"APPLIANCES - KITCHEN - LEVEL A-STANDARD FREESTANDING ELECTRIC RANGE, MICROWAVE, DISHWASHER, FRIDGE STAINLESS STEEL ILO LEVEL A-STANDARD PACKAGE AND BASE",EXPRESS DESIGN - INTERIOR - PACKAGE 15 - ILO SERIES 2 SPECIFICATIONS,1.6-Containers/Calculations,APDW_S2,GENERIC,1.0000,EA,Series 2 Dishwasher Container,False,
Atlanta,ATL,5471-2044-TOWNS-BL,5471-2044-TOWNS-2BL,EXPRESS DESIGN - INTERIOR - PACKAGE 15 - ILO SERIES 2 SPECIFICATIONS,2DC0602INTEXPDE0360,"APPLIANCES - KITCHEN - LEVEL A-STANDARD FREESTANDING ELECTRIC RANGE, MICROWAVE, DISHWASHER, FRIDGE STAINLESS STEEL ILO LEVEL A-STANDARD PACKAGE AND BASE",EXPRESS DESIGN - INTERIOR - PACKAGE 15 - ILO SERIES 2 SPECIFICATIONS,5510-APPLIANCES 1ST,30555100620,GENERIC,-1.0000,EA,APPLIANCES (COOKTOP;OVEN;RANGE;DW;MICROWAVE) - P.O. Dishwasher Level Estate,False,
Atlanta,ATL,5471-2044-TOWNS-BL,5471-2044-TOWNS-2BL,EXPRESS DESIGN - INTERIOR - PACKAGE 15 - ILO SERIES 2 SPECIFICATIONS,2DC0602INTEXPDE0360,"APPLIANCES - KITCHEN - LEVEL A-STANDARD FREESTANDING ELECTRIC RANGE, MICROWAVE, DISHWASHER, FRIDGE STAINLESS STEEL ILO LEVEL A-STANDARD PACKAGE AND BASE",EXPRESS DESIGN - INTERIOR - PACKAGE 15 - ILO SERIES 2 SPECIFICATIONS,5510-APPLIANCES 1ST,30555100580,GENERIC,1.0000,EA,APPLIANCES (COOKTOP;OVEN;RANGE;DW;MICROWAVE) - P.O. Dishwasher Level Designer,False,
Atlanta,ATL,5471-2044-TOWNS-BL,5471-2044-TOWNS-2BL,EXPRESS DESIGN - INTERIOR - PACKAGE 15 - ILO SERIES 2 SPECIFICATIONS,2DC0602INTEXPDE0360,BASE,EXPRESS DESIGN - INTERIOR - PACKAGE 15 - ILO SERIES 2 SPECIFICATIONS,1.6-Containers/Calculations,APDW_S2,GENERIC,-1.0000,EA,Series 2 Dishwasher Container,False,
Atlanta,ATL,5471-2044-TOWNS-BL,5471-2044-TOWNS-2BL,EXPRESS DESIGN - INTERIOR - PACKAGE 15 - ILO SERIES 2 SPECIFICATIONS,2DC0602INTEXPDE0360,BASE,EXPRESS DESIGN - INTERIOR - PACKAGE 15 - ILO SERIES 2 SPECIFICATIONS,5510-APPLIANCES 1ST,30555100620,GENERIC,1.0000,EA,APPLIANCES (COOKTOP;OVEN;RANGE;DW;MICROWAVE) - P.O. Dishwasher Level Estate,False,
Atlanta,ATL,5471-2044-TOWNS-BL,5471-2044-TOWNS-2BL,EXPRESS DESIGN - INTERIOR - PACKAGE 15 - ILO SERIES 2 SPECIFICATIONS,2DC0602INTEXPDE0360,BASE,EXPRESS DESIGN - INTERIOR - PACKAGE 15 - ILO SERIES 2 SPECIFICATIONS,5510-APPLIANCES 1ST,30555100580,GENERIC,-1.0000,EA,APPLIANCES (COOKTOP;OVEN;RANGE;DW;MICROWAVE) - P.O. Dishwasher Level Designer,False,
Atlanta,ATL,5471-2044-TOWNS-BL,5471-2044-TOWNS-2BL,EXPRESS DESIGN - INTERIOR - PACKAGE 16 - ILO SERIES 2 SPECIFICATIONS,2DC0602INTEXPDE0390,"APPLIANCES - KITCHEN - LEVEL A-STANDARD FREESTANDING GAS RANGE, MICROWAVE, DISHWASHER, FRIDGE STAINLESS STEEL ILO LEVEL A-STANDARD PACKAGE AND BASE",EXPRESS DESIGN - INTERIOR - PACKAGE 16 - ILO SERIES 2 SPECIFICATIONS,1.6-Containers/Calculations,APDW_S2,GENERIC,1.0000,EA,Series 2 Dishwasher Container,False,
Atlanta,ATL,5471-2044-TOWNS-BL,5471-2044-TOWNS-2BL,EXPRESS DESIGN - INTERIOR - PACKAGE 16 - ILO SERIES 2 SPECIFICATIONS,2DC0602INTEXPDE0390,"APPLIANCES - KITCHEN - LEVEL A-STANDARD FREESTANDING GAS RANGE, MICROWAVE, DISHWASHER, FRIDGE STAINLESS STEEL ILO LEVEL A-STANDARD PACKAGE AND BASE",EXPRESS DESIGN - INTERIOR - PACKAGE 16 - ILO SERIES 2 SPECIFICATIONS,5510-APPLIANCES 1ST,30555100620,GENERIC,-1.0000,EA,APPLIANCES (COOKTOP;OVEN;RANGE;DW;MICROWAVE) - P.O. Dishwasher Level Estate,False,
Atlanta,ATL,5471-2044-TOWNS-BL,5471-2044-TOWNS-2BL,EXPRESS DESIGN - INTERIOR - PACKAGE 16 - ILO SERIES 2 SPECIFICATIONS,2DC0602INTEXPDE0390,"APPLIANCES - KITCHEN - LEVEL A-STANDARD FREESTANDING GAS RANGE, MICROWAVE, DISHWASHER, FRIDGE STAINLESS STEEL ILO LEVEL A-STANDARD PACKAGE AND BASE",EXPRESS DESIGN - INTERIOR - PACKAGE 16 - ILO SERIES 2 SPECIFICATIONS,5510-APPLIANCES 1ST,30555100580,GENERIC,1.0000,EA,APPLIANCES (COOKTOP;OVEN;RANGE;DW;MICROWAVE) - P.O. Dishwasher Level Designer,False,
Atlanta,ATL,5471-2044-TOWNS-BL,5471-2044-TOWNS-2BL,EXPRESS DESIGN - INTERIOR - PACKAGE 16 - ILO SERIES 2 SPECIFICATIONS,2DC0602INTEXPDE0390,"APPLIANCES - KITCHEN - LEVEL A-STANDARD FREESTANDING ELECTRIC RANGE, MICROWAVE, DISHWASHER, FRIDGE STAINLESS STEEL ILO LEVEL A-STANDARD PACKAGE AND BASE",EXPRESS DESIGN - INTERIOR - PACKAGE 16 - ILO SERIES 2 SPECIFICATIONS,1.6-Containers/Calculations,APDW_S2,GENERIC,1.0000,EA,Series 2 Dishwasher Container,False,
Atlanta,ATL,5471-2044-TOWNS-BL,5471-2044-TOWNS-2BL,EXPRESS DESIGN - INTERIOR - PACKAGE 16 - ILO SERIES 2 SPECIFICATIONS,2DC0602INTEXPDE0390,"APPLIANCES - KITCHEN - LEVEL A-STANDARD FREESTANDING ELECTRIC RANGE, MICROWAVE, DISHWASHER, FRIDGE STAINLESS STEEL ILO LEVEL A-STANDARD PACKAGE AND BASE",EXPRESS DESIGN - INTERIOR - PACKAGE 16 - ILO SERIES 2 SPECIFICATIONS,5510-APPLIANCES 1ST,30555100620,GENERIC,-1.0000,EA,APPLIANCES (COOKTOP;OVEN;RANGE;DW;MICROWAVE) - P.O. Dishwasher Level Estate,False,
Atlanta,ATL,5471-2044-TOWNS-BL,5471-2044-TOWNS-2BL,EXPRESS DESIGN - INTERIOR - PACKAGE 16 - ILO SERIES 2 SPECIFICATIONS,2DC0602INTEXPDE0390,"APPLIANCES - KITCHEN - LEVEL A-STANDARD FREESTANDING ELECTRIC RANGE, MICROWAVE, DISHWASHER, FRIDGE STAINLESS STEEL ILO LEVEL A-STANDARD PACKAGE AND BASE",EXPRESS DESIGN - INTERIOR - PACKAGE 16 - ILO SERIES 2 SPECIFICATIONS,5510-APPLIANCES 1ST,30555100580,GENERIC,1.0000,EA,APPLIANCES (COOKTOP;OVEN;RANGE;DW;MICROWAVE) - P.O. Dishwasher Level Designer,False,
Atlanta,ATL,5471-2044-TOWNS-BL,5471-2044-TOWNS-2BL,EXPRESS DESIGN - INTERIOR - PACKAGE 16 - ILO SERIES 2 SPECIFICATIONS,2DC0602INTEXPDE0390,BASE,EXPRESS DESIGN - INTERIOR - PACKAGE 16 - ILO SERIES 2 SPECIFICATIONS,1.6-Containers/Calculations,APDW_S2,GENERIC,-1.0000,EA,Series 2 Dishwasher Container,False,
Atlanta,ATL,5471-2044-TOWNS-BL,5471-2044-TOWNS-2BL,EXPRESS DESIGN - INTERIOR - PACKAGE 16 - ILO SERIES 2 SPECIFICATIONS,2DC0602INTEXPDE0390,BASE,EXPRESS DESIGN - INTERIOR - PACKAGE 16 - ILO SERIES 2 SPECIFICATIONS,5510-APPLIANCES 1ST,30555100620,GENERIC,1.0000,EA,APPLIANCES (COOKTOP;OVEN;RANGE;DW;MICROWAVE) - P.O. Dishwasher Level Estate,False,
Atlanta,ATL,5471-2044-TOWNS-BL,5471-2044-TOWNS-2BL,EXPRESS DESIGN - INTERIOR - PACKAGE 16 - ILO SERIES 2 SPECIFICATIONS,2DC0602INTEXPDE0390,BASE,EXPRESS DESIGN - INTERIOR - PACKAGE 16 - ILO SERIES 2 SPECIFICATIONS,5510-APPLIANCES 1ST,30555100580,GENERIC,-1.0000,EA,APPLIANCES (COOKTOP;OVEN;RANGE;DW;MICROWAVE) - P.O. Dishwasher Level Designer,False,
Atlanta,ATL,5471-2044-TOWNS-BL,5471-2044-TOWNS-2BL,EXPRESS DESIGN - INTERIOR - PACKAGE 17 - ILO SERIES 2 SPECIFICATIONS,2DC0602INTEXPDE0420,"APPLIANCES - KITCHEN - LEVEL A-STANDARD FREESTANDING GAS RANGE, MICROWAVE, DISHWASHER, FRIDGE STAINLESS STEEL ILO LEVEL A-STANDARD PACKAGE AND BASE",EXPRESS DESIGN - INTERIOR - PACKAGE 17 - ILO SERIES 2 SPECIFICATIONS,1.6-Containers/Calculations,APDW_S2,GENERIC,1.0000,EA,Series 2 Dishwasher Container,False,
Atlanta,ATL,5471-2044-TOWNS-BL,5471-2044-TOWNS-2BL,EXPRESS DESIGN - INTERIOR - PACKAGE 17 - ILO SERIES 2 SPECIFICATIONS,2DC0602INTEXPDE0420,"APPLIANCES - KITCHEN - LEVEL A-STANDARD FREESTANDING GAS RANGE, MICROWAVE, DISHWASHER, FRIDGE STAINLESS STEEL ILO LEVEL A-STANDARD PACKAGE AND BASE",EXPRESS DESIGN - INTERIOR - PACKAGE 17 - ILO SERIES 2 SPECIFICATIONS,5510-APPLIANCES 1ST,30555100620,GENERIC,-1.0000,EA,APPLIANCES (COOKTOP;OVEN;RANGE;DW;MICROWAVE) - P.O. Dishwasher Level Estate,False,
Atlanta,ATL,5471-2044-TOWNS-BL,5471-2044-TOWNS-2BL,EXPRESS DESIGN - INTERIOR - PACKAGE 17 - ILO SERIES 2 SPECIFICATIONS,2DC0602INTEXPDE0420,"APPLIANCES - KITCHEN - LEVEL A-STANDARD FREESTANDING GAS RANGE, MICROWAVE, DISHWASHER, FRIDGE STAINLESS STEEL ILO LEVEL A-STANDARD PACKAGE AND BASE",EXPRESS DESIGN - INTERIOR - PACKAGE 17 - ILO SERIES 2 SPECIFICATIONS,5510-APPLIANCES 1ST,30555100580,GENERIC,1.0000,EA,APPLIANCES (COOKTOP;OVEN;RANGE;DW;MICROWAVE) - P.O. Dishwasher Level Designer,False,
Atlanta,ATL,5471-2044-TOWNS-BL,5471-2044-TOWNS-2BL,EXPRESS DESIGN - INTERIOR - PACKAGE 17 - ILO SERIES 2 SPECIFICATIONS,2DC0602INTEXPDE0420,"APPLIANCES - KITCHEN - LEVEL A-STANDARD FREESTANDING ELECTRIC RANGE, MICROWAVE, DISHWASHER, FRIDGE STAINLESS STEEL ILO LEVEL A-STANDARD PACKAGE AND BASE",EXPRESS DESIGN - INTERIOR - PACKAGE 17 - ILO SERIES 2 SPECIFICATIONS,1.6-Containers/Calculations,APDW_S2,GENERIC,1.0000,EA,Series 2 Dishwasher Container,False,
Atlanta,ATL,5471-2044-TOWNS-BL,5471-2044-TOWNS-2BL,EXPRESS DESIGN - INTERIOR - PACKAGE 17 - ILO SERIES 2 SPECIFICATIONS,2DC0602INTEXPDE0420,"APPLIANCES - KITCHEN - LEVEL A-STANDARD FREESTANDING ELECTRIC RANGE, MICROWAVE, DISHWASHER, FRIDGE STAINLESS STEEL ILO LEVEL A-STANDARD PACKAGE AND BASE",EXPRESS DESIGN - INTERIOR - PACKAGE 17 - ILO SERIES 2 SPECIFICATIONS,5510-APPLIANCES 1ST,30555100620,GENERIC,-1.0000,EA,APPLIANCES (COOKTOP;OVEN;RANGE;DW;MICROWAVE) - P.O. Dishwasher Level Estate,False,
Atlanta,ATL,5471-2044-TOWNS-BL,5471-2044-TOWNS-2BL,EXPRESS DESIGN - INTERIOR - PACKAGE 17 - ILO SERIES 2 SPECIFICATIONS,2DC0602INTEXPDE0420,"APPLIANCES - KITCHEN - LEVEL A-STANDARD FREESTANDING ELECTRIC RANGE, MICROWAVE, DISHWASHER, FRIDGE STAINLESS STEEL ILO LEVEL A-STANDARD PACKAGE AND BASE",EXPRESS DESIGN - INTERIOR - PACKAGE 17 - ILO SERIES 2 SPECIFICATIONS,5510-APPLIANCES 1ST,30555100580,GENERIC,1.0000,EA,APPLIANCES (COOKTOP;OVEN;RANGE;DW;MICROWAVE) - P.O. Dishwasher Level Designer,False,
Atlanta,ATL,5471-2044-TOWNS-BL,5471-2044-TOWNS-2BL,EXPRESS DESIGN - INTERIOR - PACKAGE 17 - ILO SERIES 2 SPECIFICATIONS,2DC0602INTEXPDE0420,BASE,EXPRESS DESIGN - INTERIOR - PACKAGE 17 - ILO SERIES 2 SPECIFICATIONS,1.6-Containers/Calculations,APDW_S2,GENERIC,-1.0000,EA,Series 2 Dishwasher Container,False,
Atlanta,ATL,5471-2044-TOWNS-BL,5471-2044-TOWNS-2BL,EXPRESS DESIGN - INTERIOR - PACKAGE 17 - ILO SERIES 2 SPECIFICATIONS,2DC0602INTEXPDE0420,BASE,EXPRESS DESIGN - INTERIOR - PACKAGE 17 - ILO SERIES 2 SPECIFICATIONS,5510-APPLIANCES 1ST,30555100620,GENERIC,1.0000,EA,APPLIANCES (COOKTOP;OVEN;RANGE;DW;MICROWAVE) - P.O. Dishwasher Level Estate,False,
Atlanta,ATL,5471-2044-TOWNS-BL,5471-2044-TOWNS-2BL,EXPRESS DESIGN - INTERIOR - PACKAGE 17 - ILO SERIES 2 SPECIFICATIONS,2DC0602INTEXPDE0420,BASE,EXPRESS DESIGN - INTERIOR - PACKAGE 17 - ILO SERIES 2 SPECIFICATIONS,5510-APPLIANCES 1ST,30555100580,GENERIC,-1.0000,EA,APPLIANCES (COOKTOP;OVEN;RANGE;DW;MICROWAVE) - P.O. Dishwasher Level Designer,False,
Atlanta,ATL,5471-2044-TOWNS-BL,5471-2044-TOWNS-2BL,EXPRESS DESIGN - INTERIOR - PACKAGE 18 - ILO SERIES 2 SPECIFICATIONS,2DC0602INTEXPDE0450,"APPLIANCES - KITCHEN - LEVEL A-STANDARD FREESTANDING GAS RANGE, MICROWAVE, DISHWASHER, FRIDGE STAINLESS STEEL ILO LEVEL A-STANDARD PACKAGE AND BASE",EXPRESS DESIGN - INTERIOR - PACKAGE 18 - ILO SERIES 2 SPECIFICATIONS,1.6-Containers/Calculations,APDW_S2,GENERIC,1.0000,EA,Series 2 Dishwasher Container,False,
Atlanta,ATL,5471-2044-TOWNS-BL,5471-2044-TOWNS-2BL,EXPRESS DESIGN - INTERIOR - PACKAGE 18 - ILO SERIES 2 SPECIFICATIONS,2DC0602INTEXPDE0450,"APPLIANCES - KITCHEN - LEVEL A-STANDARD FREESTANDING GAS RANGE, MICROWAVE, DISHWASHER, FRIDGE STAINLESS STEEL ILO LEVEL A-STANDARD PACKAGE AND BASE",EXPRESS DESIGN - INTERIOR - PACKAGE 18 - ILO SERIES 2 SPECIFICATIONS,5510-APPLIANCES 1ST,30555100620,GENERIC,-1.0000,EA,APPLIANCES (COOKTOP;OVEN;RANGE;DW;MICROWAVE) - P.O. Dishwasher Level Estate,False,
Atlanta,ATL,5471-2044-TOWNS-BL,5471-2044-TOWNS-2BL,EXPRESS DESIGN - INTERIOR - PACKAGE 18 - ILO SERIES 2 SPECIFICATIONS,2DC0602INTEXPDE0450,"APPLIANCES - KITCHEN - LEVEL A-STANDARD FREESTANDING GAS RANGE, MICROWAVE, DISHWASHER, FRIDGE STAINLESS STEEL ILO LEVEL A-STANDARD PACKAGE AND BASE",EXPRESS DESIGN - INTERIOR - PACKAGE 18 - ILO SERIES 2 SPECIFICATIONS,5510-APPLIANCES 1ST,30555100580,GENERIC,1.0000,EA,APPLIANCES (COOKTOP;OVEN;RANGE;DW;MICROWAVE) - P.O. Dishwasher Level Designer,False,
Atlanta,ATL,5471-2044-TOWNS-BL,5471-2044-TOWNS-2BL,EXPRESS DESIGN - INTERIOR - PACKAGE 18 - ILO SERIES 2 SPECIFICATIONS,2DC0602INTEXPDE0450,"APPLIANCES - KITCHEN - LEVEL A-STANDARD FREESTANDING ELECTRIC RANGE, MICROWAVE, DISHWASHER, FRIDGE STAINLESS STEEL ILO LEVEL A-STANDARD PACKAGE AND BASE",EXPRESS DESIGN - INTERIOR - PACKAGE 18 - ILO SERIES 2 SPECIFICATIONS,1.6-Containers/Calculations,APDW_S2,GENERIC,1.0000,EA,Series 2 Dishwasher Container,False,
Atlanta,ATL,5471-2044-TOWNS-BL,5471-2044-TOWNS-2BL,EXPRESS DESIGN - INTERIOR - PACKAGE 18 - ILO SERIES 2 SPECIFICATIONS,2DC0602INTEXPDE0450,"APPLIANCES - KITCHEN - LEVEL A-STANDARD FREESTANDING ELECTRIC RANGE, MICROWAVE, DISHWASHER, FRIDGE STAINLESS STEEL ILO LEVEL A-STANDARD PACKAGE AND BASE",EXPRESS DESIGN - INTERIOR - PACKAGE 18 - ILO SERIES 2 SPECIFICATIONS,5510-APPLIANCES 1ST,30555100620,GENERIC,-1.0000,EA,APPLIANCES (COOKTOP;OVEN;RANGE;DW;MICROWAVE) - P.O. Dishwasher Level Estate,False,
Atlanta,ATL,5471-2044-TOWNS-BL,5471-2044-TOWNS-2BL,EXPRESS DESIGN - INTERIOR - PACKAGE 18 - ILO SERIES 2 SPECIFICATIONS,2DC0602INTEXPDE0450,"APPLIANCES - KITCHEN - LEVEL A-STANDARD FREESTANDING ELECTRIC RANGE, MICROWAVE, DISHWASHER, FRIDGE STAINLESS STEEL ILO LEVEL A-STANDARD PACKAGE AND BASE",EXPRESS DESIGN - INTERIOR - PACKAGE 18 - ILO SERIES 2 SPECIFICATIONS,5510-APPLIANCES 1ST,30555100580,GENERIC,1.0000,EA,APPLIANCES (COOKTOP;OVEN;RANGE;DW;MICROWAVE) - P.O. Dishwasher Level Designer,False,
Atlanta,ATL,5471-2044-TOWNS-BL,5471-2044-TOWNS-2BL,EXPRESS DESIGN - INTERIOR - PACKAGE 18 - ILO SERIES 2 SPECIFICATIONS,2DC0602INTEXPDE0450,BASE,EXPRESS DESIGN - INTERIOR - PACKAGE 18 - ILO SERIES 2 SPECIFICATIONS,1.6-Containers/Calculations,APDW_S2,GENERIC,-1.0000,EA,Series 2 Dishwasher Container,False,
Atlanta,ATL,5471-2044-TOWNS-BL,5471-2044-TOWNS-2BL,EXPRESS DESIGN - INTERIOR - PACKAGE 18 - ILO SERIES 2 SPECIFICATIONS,2DC0602INTEXPDE0450,BASE,EXPRESS DESIGN - INTERIOR - PACKAGE 18 - ILO SERIES 2 SPECIFICATIONS,5510-APPLIANCES 1ST,30555100620,GENERIC,1.0000,EA,APPLIANCES (COOKTOP;OVEN;RANGE;DW;MICROWAVE) - P.O. Dishwasher Level Estate,False,
Atlanta,ATL,5471-2044-TOWNS-BL,5471-2044-TOWNS-2BL,EXPRESS DESIGN - INTERIOR - PACKAGE 18 - ILO SERIES 2 SPECIFICATIONS,2DC0602INTEXPDE0450,BASE,EXPRESS DESIGN - INTERIOR - PACKAGE 18 - ILO SERIES 2 SPECIFICATIONS,5510-APPLIANCES 1ST,30555100580,GENERIC,-1.0000,EA,APPLIANCES (COOKTOP;OVEN;RANGE;DW;MICROWAVE) - P.O. Dishwasher Level Designer,False,
Atlanta,ATL,5471-2044-TOWNS-BL,5471-2044-TOWNS-2BL,EXTERIOR - GARAGE - THIRD CAR GARAGE - ELEVATION A-TRADITIONAL - SERIES 2,1SO0300GARAGE--0200,,EXTERIOR - GARAGE - THIRD CAR GARAGE - ELEVATION A-TRADITIONAL - SERIES 2,1221-DRIVEWAY PAD&GRAVL,30112210120,GENERIC,-1.0000,EA,DRIVEWAY PAD AND GRAVEL -  P.O. Materials Driveway Pad Gravel 20'x20',False,
Atlanta,ATL,5471-2044-TOWNS-BL,5471-2044-TOWNS-2BL,EXTERIOR - GARAGE - THIRD CAR GARAGE - ELEVATION A-TRADITIONAL - SERIES 2,1SO0300GARAGE--0200,,EXTERIOR - GARAGE - THIRD CAR GARAGE - ELEVATION A-TRADITIONAL - SERIES 2,1221-DRIVEWAY PAD&GRAVL,30112210140,GENERIC,1.0000,EA,DRIVEWAY PAD AND GRAVEL -  P.O. Materials Driveway Pad Gravel 20'x30',False,
Atlanta,ATL,5471-2044-TOWNS-BL,5471-2044-TOWNS-2BL,EXTERIOR - GARAGE - THIRD CAR GARAGE - ELEVATION A-TRADITIONAL - SERIES 3,1SO0300GARAGE--0210,,EXTERIOR - GARAGE - THIRD CAR GARAGE - ELEVATION A-TRADITIONAL - SERIES 3,1221-DRIVEWAY PAD&GRAVL,30112210120,GENERIC,-1.0000,EA,DRIVEWAY PAD AND GRAVEL -  P.O. Materials Driveway Pad Gravel 20'x20',False,
Atlanta,ATL,5471-2044-TOWNS-BL,5471-2044-TOWNS-2BL,EXTERIOR - GARAGE - THIRD CAR GARAGE - ELEVATION A-TRADITIONAL - SERIES 3,1SO0300GARAGE--0210,,EXTERIOR - GARAGE - THIRD CAR GARAGE - ELEVATION A-TRADITIONAL - SERIES 3,1221-DRIVEWAY PAD&GRAVL,30112210140,GENERIC,1.0000,EA,DRIVEWAY PAD AND GRAVEL -  P.O. Materials Driveway Pad Gravel 20'x30',False,
Atlanta,ATL,5471-2044-TOWNS-BL,5471-2044-TOWNS-2BL,EXTERIOR - GARAGE - THIRD CAR GARAGE - ELEVATION B-COTTAGE - SERIES 1,1SO0300GARAGE--0220,,EXTERIOR - GARAGE - THIRD CAR GARAGE - ELEVATION B-COTTAGE - SERIES 1,1221-DRIVEWAY PAD&GRAVL,30112210120,GENERIC,-1.0000,EA,DRIVEWAY PAD AND GRAVEL -  P.O. Materials Driveway Pad Gravel 20'x20',False,
Atlanta,ATL,5471-2044-TOWNS-BL,5471-2044-TOWNS-2BL,EXTERIOR - GARAGE - THIRD CAR GARAGE - ELEVATION B-COTTAGE - SERIES 1,1SO0300GARAGE--0220,,EXTERIOR - GARAGE - THIRD CAR GARAGE - ELEVATION B-COTTAGE - SERIES 1,1221-DRIVEWAY PAD&GRAVL,30112210140,GENERIC,1.0000,EA,DRIVEWAY PAD AND GRAVEL -  P.O. Materials Driveway Pad Gravel 20'x30',False,
Atlanta,ATL,5471-2044-TOWNS-BL,5471-2044-TOWNS-2BL,EXTERIOR - GARAGE - THIRD CAR GARAGE - ELEVATION B-COTTAGE - SERIES 2,1SO0300GARAGE--0230,,EXTERIOR - GARAGE - THIRD CAR GARAGE - ELEVATION B-COTTAGE - SERIES 2,1221-DRIVEWAY PAD&GRAVL,30112210120,GENERIC,-1.0000,EA,DRIVEWAY PAD AND GRAVEL -  P.O. Materials Driveway Pad Gravel 20'x20',False,
Atlanta,ATL,5471-2044-TOWNS-BL,5471-2044-TOWNS-2BL,EXTERIOR - GARAGE - THIRD CAR GARAGE - ELEVATION B-COTTAGE - SERIES 2,1SO0300GARAGE--0230,,EXTERIOR - GARAGE - THIRD CAR GARAGE - ELEVATION B-COTTAGE - SERIES 2,1221-DRIVEWAY PAD&GRAVL,30112210140,GENERIC,1.0000,EA,DRIVEWAY PAD AND GRAVEL -  P.O. Materials Driveway Pad Gravel 20'x30',False,
Atlanta,ATL,5471-2044-TOWNS-BL,5471-2044-TOWNS-2BL,EXTERIOR - GARAGE - THIRD CAR GARAGE - ELEVATION B-COTTAGE - SERIES 3,1SO0300GARAGE--0240,,EXTERIOR - GARAGE - THIRD CAR GARAGE - ELEVATION B-COTTAGE - SERIES 3,1221-DRIVEWAY PAD&GRAVL,30112210120,GENERIC,-1.0000,EA,DRIVEWAY PAD AND GRAVEL -  P.O. Materials Driveway Pad Gravel 20'x20',False,
Atlanta,ATL,5471-2044-TOWNS-BL,5471-2044-TOWNS-2BL,EXTERIOR - GARAGE - THIRD CAR GARAGE - ELEVATION B-COTTAGE - SERIES 3,1SO0300GARAGE--0240,,EXTERIOR - GARAGE - THIRD CAR GARAGE - ELEVATION B-COTTAGE - SERIES 3,1221-DRIVEWAY PAD&GRAVL,30112210140,GENERIC,1.0000,EA,DRIVEWAY PAD AND GRAVEL -  P.O. Materials Driveway Pad Gravel 20'x30',False,
Atlanta,ATL,5471-2044-TOWNS-BL,5471-2044-TOWNS-2BL,EXTERIOR - GARAGE - THIRD CAR GARAGE - ELEVATION C-FRENCH - SERIES 1,1SO0300GARAGE--0250,,EXTERIOR - GARAGE - THIRD CAR GARAGE - ELEVATION C-FRENCH - SERIES 1,1221-DRIVEWAY PAD&GRAVL,30112210120,GENERIC,-1.0000,EA,DRIVEWAY PAD AND GRAVEL -  P.O. Materials Driveway Pad Gravel 20'x20',False,
Atlanta,ATL,5471-2044-TOWNS-BL,5471-2044-TOWNS-2BL,EXTERIOR - GARAGE - THIRD CAR GARAGE - ELEVATION C-FRENCH - SERIES 1,1SO0300GARAGE--0250,,EXTERIOR - GARAGE - THIRD CAR GARAGE - ELEVATION C-FRENCH - SERIES 1,1221-DRIVEWAY PAD&GRAVL,30112210140,GENERIC,1.0000,EA,DRIVEWAY PAD AND GRAVEL -  P.O. Materials Driveway Pad Gravel 20'x30',False,
Atlanta,ATL,5471-2044-TOWNS-BL,5471-2044-TOWNS-2BL,EXTERIOR - GARAGE - THIRD CAR GARAGE - ELEVATION C-FRENCH - SERIES 2,1SO0300GARAGE--0260,,EXTERIOR - GARAGE - THIRD CAR GARAGE - ELEVATION C-FRENCH - SERIES 2,1221-DRIVEWAY PAD&GRAVL,30112210120,GENERIC,-1.0000,EA,DRIVEWAY PAD AND GRAVEL -  P.O. Materials Driveway Pad Gravel 20'x20',False,
Atlanta,ATL,5471-2044-TOWNS-BL,5471-2044-TOWNS-2BL,EXTERIOR - GARAGE - THIRD CAR GARAGE - ELEVATION C-FRENCH - SERIES 2,1SO0300GARAGE--0260,,EXTERIOR - GARAGE - THIRD CAR GARAGE - ELEVATION C-FRENCH - SERIES 2,1221-DRIVEWAY PAD&GRAVL,30112210140,GENERIC,1.0000,EA,DRIVEWAY PAD AND GRAVEL -  P.O. Materials Driveway Pad Gravel 20'x30',False,
Atlanta,ATL,5471-2044-TOWNS-BL,5471-2044-TOWNS-2BL,EXTERIOR - GARAGE - THIRD CAR GARAGE - ELEVATION C-FRENCH - SERIES 3,1SO0300GARAGE--0270,,EXTERIOR - GARAGE - THIRD CAR GARAGE - ELEVATION C-FRENCH - SERIES 3,1221-DRIVEWAY PAD&GRAVL,30112210120,GENERIC,-1.0000,EA,DRIVEWAY PAD AND GRAVEL -  P.O. Materials Driveway Pad Gravel 20'x20',False,
Atlanta,ATL,5471-2044-TOWNS-BL,5471-2044-TOWNS-2BL,EXTERIOR - GARAGE - THIRD CAR GARAGE - ELEVATION C-FRENCH - SERIES 3,1SO0300GARAGE--0270,,EXTERIOR - GARAGE - THIRD CAR GARAGE - ELEVATION C-FRENCH - SERIES 3,1221-DRIVEWAY PAD&GRAVL,30112210140,GENERIC,1.0000,EA,DRIVEWAY PAD AND GRAVEL -  P.O. Materials Driveway Pad Gravel 20'x30',False,
Atlanta,ATL,5471-2044-TOWNS-BL,5471-2044-TOWNS-2BL,EXTERIOR REAR - PATIO/DECK - SCREEN ENCLOSURE - GAME DAY PATIO/DECK,2DCSCREENEN05120120,,EXTERIOR REAR - PATIO/DECK - SCREEN ENCLOSURE - GAME DAY PATIO/DECK,4250-STONE MAT'L,30442500260,GENERIC,10.0000,EA,STONE MATERIAL - P.O. 8x8x16 Block Regular,False,
Atlanta,ATL,5471-2044-TOWNS-BL,5471-2044-TOWNS-2BL,EXTERIOR REAR - PATIO/DECK - SCREEN ENCLOSURE - GAME DAY PATIO/DECK - EXTENDED,2DCSCREENEN05120130,,EXTERIOR REAR - PATIO/DECK - SCREEN ENCLOSURE - GAME DAY PATIO/DECK - EXTENDED,4250-STONE MAT'L,30442500260,GENERIC,10.0000,EA,STONE MATERIAL - P.O. 8x8x16 Block Regular,False,
Atlanta,ATL,5471-2044-TOWNS-BL,5471-2044-TOWNS-2BL,"FIREPLACE - SEE LOCATION - 36"" ELECTRIC - MANTLE & BLACK GRANITE SURROUND",1SO0300FIREPLAC0100,,"FIREPLACE - SEE LOCATION - 36"" ELECTRIC - MANTLE & BLACK GRANITE SURROUND",3750-STRCTRD WRNG TRM,30337500360,GENERIC,1.0000,EA,STRUCTRD WIRING TRIM - P.O. Labor and Materials STRUCTRD WIRING TRIM Item Installed - Flat Screen T.V. Prewire (Conduit; Cover; and HDMI Wire),False,
Atlanta,ATL,5471-2044-TOWNS-BL,5471-2044-TOWNS-2BL,"FIREPLACE - SEE LOCATION - 36"" ELECTRIC - MANTLE & BLACK GRANITE SURROUND",1SO0300FIREPLAC0100,,"FIREPLACE - SEE LOCATION - 36"" ELECTRIC - MANTLE & BLACK GRANITE SURROUND",3740-STRCTRD WRNG RGH,30337400360,GENERIC,1.0000,EA,STRUCTRD WIRING ROUGH - P.O. Labor and Materials STRUCTRD WIRING ROUGH Item Installed - Flat Screen T.V. Prewire (Conduit; Cover; and HDMI Wire),False,
Atlanta,ATL,5471-2044-TOWNS-BL,5471-2044-TOWNS-2BL,"FIREPLACE - SEE LOCATION - 36"" ELECTRIC - MANTLE & BLACK GRANITE SURROUND",1SO0300FIREPLAC0100,,"FIREPLACE - SEE LOCATION - 36"" ELECTRIC - MANTLE & BLACK GRANITE SURROUND",4920-INT PAINT W/T,30449200360,GENERIC,1.0000,EA,INTERIOR PAINTING TURNKEY - P.O. Fireplace Mantel Painting Each,False,
Atlanta,ATL,5471-2044-TOWNS-BL,5471-2044-TOWNS-2BL,"FIREPLACE - SEE LOCATION - 36"" ELECTRIC - MANTLE & BLACK GRANITE SURROUND",1SO0300FIREPLAC0100,,"FIREPLACE - SEE LOCATION - 36"" ELECTRIC - MANTLE & BLACK GRANITE SURROUND",5270-MANTLE SURRND,30552700100,GENERIC,1.0000,EA,MANTEL AND SURROUND - P.O. Labor and Materials to Install Granite Surround and Unfinshed Mantel,False,
Atlanta,ATL,5471-2044-TOWNS-BL,5471-2044-TOWNS-2BL,"FIREPLACE - SEE LOCATION - 36"" ELECTRIC - MANTLE & BLACK GRANITE SURROUND",1SO0300FIREPLAC0100,,"FIREPLACE - SEE LOCATION - 36"" ELECTRIC - MANTLE & BLACK GRANITE SURROUND",3820-HVAC TRIM,30438200660,GENERIC,1.0000,EA,HVAC TRIM - P.O. Labor and Materials Install Additional Gas Line Drop,False,
Atlanta,ATL,5471-2044-TOWNS-BL,5471-2044-TOWNS-2BL,"FIREPLACE - SEE LOCATION - 36"" ELECTRIC - MANTLE & BLACK GRANITE SURROUND",1SO0300FIREPLAC0100,,"FIREPLACE - SEE LOCATION - 36"" ELECTRIC - MANTLE & BLACK GRANITE SURROUND",4205-FIREPLACE,30442050100,GENERIC,1.0000,EA,"FIREPLACE - P.O. Labor and Materials 36"" Interior Woodburning Fireplace Installed",False,
Atlanta,ATL,5471-2044-TOWNS-BL,5471-2044-TOWNS-2BL,"FIREPLACE - SEE LOCATION - 36"" ELECTRIC - MANTLE & BLACK GRANITE SURROUND",1SO0300FIREPLAC0100,,"FIREPLACE - SEE LOCATION - 36"" ELECTRIC - MANTLE & BLACK GRANITE SURROUND",4205-FIREPLACE,30442050300,GENERIC,20.0000,LF,FIREPLACE - P.O. Labor and Materials Exhaust Pipe by the Foot,False,
Atlanta,ATL,5471-2044-TOWNS-BL,5471-2044-TOWNS-2BL,"FIREPLACE - SEE LOCATION - 36"" ELECTRIC - MANTLE & BLACK GRANITE SURROUND",1SO0300FIREPLAC0100,,"FIREPLACE - SEE LOCATION - 36"" ELECTRIC - MANTLE & BLACK GRANITE SURROUND",3720-ELECTRICAL TRIM,30337200200,GENERIC,2.0000,EA,ELECTRICAL TRIM- P.O. Labor and Materials Electrical Item Installed - Duplex Outlet,False,
Atlanta,ATL,5471-2044-TOWNS-BL,5471-2044-TOWNS-2BL,"FIREPLACE - SEE LOCATION - 36"" ELECTRIC - MANTLE & BLACK GRANITE SURROUND",1SO0300FIREPLAC0100,,"FIREPLACE - SEE LOCATION - 36"" ELECTRIC - MANTLE & BLACK GRANITE SURROUND",3710-ELECTRIC ROUGH,30337100200,GENERIC,2.0000,EA,ELECTRICAL ROUGH- P.O. Labor and Materials Electrical Item Installed - Duplex Outlet,False,
Atlanta,ATL,5471-2044-TOWNS-BL,5471-2044-TOWNS-2BL,"FIREPLACE - SEE LOCATION - 36"" GAS - MANTLE & BLACK GRANITE SURROUND",1SO0300FIREPLAC0110,,"FIREPLACE - SEE LOCATION - 36"" GAS - MANTLE & BLACK GRANITE SURROUND",3750-STRCTRD WRNG TRM,30337500360,GENERIC,1.0000,EA,STRUCTRD WIRING TRIM - P.O. Labor and Materials STRUCTRD WIRING TRIM Item Installed - Flat Screen T.V. Prewire (Conduit; Cover; and HDMI Wire),False,
Atlanta,ATL,5471-2044-TOWNS-BL,5471-2044-TOWNS-2BL,"FIREPLACE - SEE LOCATION - 36"" GAS - MANTLE & BLACK GRANITE SURROUND",1SO0300FIREPLAC0110,,"FIREPLACE - SEE LOCATION - 36"" GAS - MANTLE & BLACK GRANITE SURROUND",3740-STRCTRD WRNG RGH,30337400360,GENERIC,1.0000,EA,STRUCTRD WIRING ROUGH - P.O. Labor and Materials STRUCTRD WIRING ROUGH Item Installed - Flat Screen T.V. Prewire (Conduit; Cover; and HDMI Wire),False,
Atlanta,ATL,5471-2044-TOWNS-BL,5471-2044-TOWNS-2BL,"FIREPLACE - SEE LOCATION - 36"" GAS - MANTLE & BLACK GRANITE SURROUND",1SO0300FIREPLAC0110,,"FIREPLACE - SEE LOCATION - 36"" GAS - MANTLE & BLACK GRANITE SURROUND",4920-INT PAINT W/T,30449200360,GENERIC,1.0000,EA,INTERIOR PAINTING TURNKEY - P.O. Fireplace Mantel Painting Each,False,
Atlanta,ATL,5471-2044-TOWNS-BL,5471-2044-TOWNS-2BL,"FIREPLACE - SEE LOCATION - 36"" GAS - MANTLE & BLACK GRANITE SURROUND",1SO0300FIREPLAC0110,,"FIREPLACE - SEE LOCATION - 36"" GAS - MANTLE & BLACK GRANITE SURROUND",5270-MANTLE SURRND,30552700100,GENERIC,1.0000,EA,MANTEL AND SURROUND - P.O. Labor and Materials to Install Granite Surround and Unfinshed Mantel,False,
Atlanta,ATL,5471-2044-TOWNS-BL,5471-2044-TOWNS-2BL,"FIREPLACE - SEE LOCATION - 36"" GAS - MANTLE & BLACK GRANITE SURROUND",1SO0300FIREPLAC0110,,"FIREPLACE - SEE LOCATION - 36"" GAS - MANTLE & BLACK GRANITE SURROUND",3820-HVAC TRIM,30438200660,GENERIC,1.0000,EA,HVAC TRIM - P.O. Labor and Materials Install Additional Gas Line Drop,False,
Atlanta,ATL,5471-2044-TOWNS-BL,5471-2044-TOWNS-2BL,"FIREPLACE - SEE LOCATION - 36"" GAS - MANTLE & BLACK GRANITE SURROUND",1SO0300FIREPLAC0110,,"FIREPLACE - SEE LOCATION - 36"" GAS - MANTLE & BLACK GRANITE SURROUND",3810-HVAC ROUGH,30438100660,GENERIC,1.0000,EA,HVAC ROUGH - P.O. Labor and Materials Install Additional Gas Line Drop,False,
Atlanta,ATL,5471-2044-TOWNS-BL,5471-2044-TOWNS-2BL,"FIREPLACE - SEE LOCATION - 36"" GAS - MANTLE & BLACK GRANITE SURROUND",1SO0300FIREPLAC0110,,"FIREPLACE - SEE LOCATION - 36"" GAS - MANTLE & BLACK GRANITE SURROUND",4205-FIREPLACE,30442050100,GENERIC,1.0000,EA,"FIREPLACE - P.O. Labor and Materials 36"" Interior Woodburning Fireplace Installed",False,
Atlanta,ATL,5471-2044-TOWNS-BL,5471-2044-TOWNS-2BL,"FIREPLACE - SEE LOCATION - 36"" GAS - MANTLE & BLACK GRANITE SURROUND",1SO0300FIREPLAC0110,,"FIREPLACE - SEE LOCATION - 36"" GAS - MANTLE & BLACK GRANITE SURROUND",4205-FIREPLACE,30442050300,GENERIC,24.0000,LF,FIREPLACE - P.O. Labor and Materials Exhaust Pipe by the Foot,False,
Atlanta,ATL,5471-2044-TOWNS-BL,5471-2044-TOWNS-2BL,"FIREPLACE - SEE LOCATION - 36"" GAS - MANTLE & BLACK GRANITE SURROUND",1SO0300FIREPLAC0110,,"FIREPLACE - SEE LOCATION - 36"" GAS - MANTLE & BLACK GRANITE SURROUND",4205-FIREPLACE,30442050360,GENERIC,1.0000,EA,FIREPLACE - P.O. Labor and Materials Log Lighter,False,
Atlanta,ATL,5471-2044-TOWNS-BL,5471-2044-TOWNS-2BL,"FIREPLACE - SEE LOCATION - 36"" GAS - MANTLE & BLACK GRANITE SURROUND",1SO0300FIREPLAC0110,,"FIREPLACE - SEE LOCATION - 36"" GAS - MANTLE & BLACK GRANITE SURROUND",3720-ELECTRICAL TRIM,30337200200,GENERIC,1.0000,EA,ELECTRICAL TRIM- P.O. Labor and Materials Electrical Item Installed - Duplex Outlet,False,
Atlanta,ATL,5471-2044-TOWNS-BL,5471-2044-TOWNS-2BL,"FIREPLACE - SEE LOCATION - 36"" GAS - MANTLE & BLACK GRANITE SURROUND",1SO0300FIREPLAC0110,,"FIREPLACE - SEE LOCATION - 36"" GAS - MANTLE & BLACK GRANITE SURROUND",3710-ELECTRIC ROUGH,30337100200,GENERIC,1.0000,EA,ELECTRICAL ROUGH- P.O. Labor and Materials Electrical Item Installed - Duplex Outlet,False,
Atlanta,ATL,5471-2044-TOWNS-BL,5471-2044-TOWNS-2BL,"FIREPLACE - SEE LOCATION - 36"" WOOD (PER PLAN) - MANTLE & BLACK GRANITE SURROUND",1SO0300FIREPLAC0120,,"FIREPLACE - SEE LOCATION - 36"" WOOD (PER PLAN) - MANTLE & BLACK GRANITE SURROUND",3750-STRCTRD WRNG TRM,30337500360,GENERIC,1.0000,EA,STRUCTRD WIRING TRIM - P.O. Labor and Materials STRUCTRD WIRING TRIM Item Installed - Flat Screen T.V. Prewire (Conduit; Cover; and HDMI Wire),False,
Atlanta,ATL,5471-2044-TOWNS-BL,5471-2044-TOWNS-2BL,"FIREPLACE - SEE LOCATION - 36"" WOOD (PER PLAN) - MANTLE & BLACK GRANITE SURROUND",1SO0300FIREPLAC0120,,"FIREPLACE - SEE LOCATION - 36"" WOOD (PER PLAN) - MANTLE & BLACK GRANITE SURROUND",3740-STRCTRD WRNG RGH,30337400360,GENERIC,1.0000,EA,STRUCTRD WIRING ROUGH - P.O. Labor and Materials STRUCTRD WIRING ROUGH Item Installed - Flat Screen T.V. Prewire (Conduit; Cover; and HDMI Wire),False,
Atlanta,ATL,5471-2044-TOWNS-BL,5471-2044-TOWNS-2BL,"FIREPLACE - SEE LOCATION - 36"" WOOD (PER PLAN) - MANTLE & BLACK GRANITE SURROUND",1SO0300FIREPLAC0120,,"FIREPLACE - SEE LOCATION - 36"" WOOD (PER PLAN) - MANTLE & BLACK GRANITE SURROUND",4920-INT PAINT W/T,30449200360,GENERIC,1.0000,EA,INTERIOR PAINTING TURNKEY - P.O. Fireplace Mantel Painting Each,False,
Atlanta,ATL,5471-2044-TOWNS-BL,5471-2044-TOWNS-2BL,"FIREPLACE - SEE LOCATION - 36"" WOOD (PER PLAN) - MANTLE & BLACK GRANITE SURROUND",1SO0300FIREPLAC0120,,"FIREPLACE - SEE LOCATION - 36"" WOOD (PER PLAN) - MANTLE & BLACK GRANITE SURROUND",5270-MANTLE SURRND,30552700100,GENERIC,1.0000,EA,MANTEL AND SURROUND - P.O. Labor and Materials to Install Granite Surround and Unfinshed Mantel,False,
Atlanta,ATL,5471-2044-TOWNS-BL,5471-2044-TOWNS-2BL,"FIREPLACE - SEE LOCATION - 36"" WOOD (PER PLAN) - MANTLE & BLACK GRANITE SURROUND",1SO0300FIREPLAC0120,,"FIREPLACE - SEE LOCATION - 36"" WOOD (PER PLAN) - MANTLE & BLACK GRANITE SURROUND",3820-HVAC TRIM,30438200660,GENERIC,1.0000,EA,HVAC TRIM - P.O. Labor and Materials Install Additional Gas Line Drop,False,
Atlanta,ATL,5471-2044-TOWNS-BL,5471-2044-TOWNS-2BL,"FIREPLACE - SEE LOCATION - 36"" WOOD (PER PLAN) - MANTLE & BLACK GRANITE SURROUND",1SO0300FIREPLAC0120,,"FIREPLACE - SEE LOCATION - 36"" WOOD (PER PLAN) - MANTLE & BLACK GRANITE SURROUND",3810-HVAC ROUGH,30438100660,GENERIC,1.0000,EA,HVAC ROUGH - P.O. Labor and Materials Install Additional Gas Line Drop,False,
Atlanta,ATL,5471-2044-TOWNS-BL,5471-2044-TOWNS-2BL,"FIREPLACE - SEE LOCATION - 36"" WOOD (PER PLAN) - MANTLE & BLACK GRANITE SURROUND",1SO0300FIREPLAC0120,,"FIREPLACE - SEE LOCATION - 36"" WOOD (PER PLAN) - MANTLE & BLACK GRANITE SURROUND",4205-FIREPLACE,30442050100,GENERIC,1.0000,EA,"FIREPLACE - P.O. Labor and Materials 36"" Interior Woodburning Fireplace Installed",False,
Atlanta,ATL,5471-2044-TOWNS-BL,5471-2044-TOWNS-2BL,"FIREPLACE - SEE LOCATION - 36"" WOOD (PER PLAN) - MANTLE & BLACK GRANITE SURROUND",1SO0300FIREPLAC0120,,"FIREPLACE - SEE LOCATION - 36"" WOOD (PER PLAN) - MANTLE & BLACK GRANITE SURROUND",4205-FIREPLACE,30442050300,GENERIC,20.0000,LF,FIREPLACE - P.O. Labor and Materials Exhaust Pipe by the Foot,False,
Atlanta,ATL,5471-2044-TOWNS-BL,5471-2044-TOWNS-2BL,"FIREPLACE - SEE LOCATION - 36"" WOOD (PER PLAN) - MANTLE & BLACK GRANITE SURROUND",1SO0300FIREPLAC0120,,"FIREPLACE - SEE LOCATION - 36"" WOOD (PER PLAN) - MANTLE & BLACK GRANITE SURROUND",4205-FIREPLACE,30442050340,GENERIC,1.0000,EA,FIREPLACE - P.O. Labor and Materials Chimney Cap Painted,False,
Atlanta,ATL,5471-2044-TOWNS-BL,5471-2044-TOWNS-2BL,"FIREPLACE - SEE LOCATION - 36"" WOOD (PER PLAN) - MANTLE & BLACK GRANITE SURROUND",1SO0300FIREPLAC0120,,"FIREPLACE - SEE LOCATION - 36"" WOOD (PER PLAN) - MANTLE & BLACK GRANITE SURROUND",4205-FIREPLACE,30442050360,GENERIC,1.0000,EA,FIREPLACE - P.O. Labor and Materials Log Lighter,False,
Atlanta,ATL,5471-2044-TOWNS-BL,5471-2044-TOWNS-2BL,"FIREPLACE - SEE LOCATION - 36"" WOOD (PER PLAN) - MANTLE & BLACK GRANITE SURROUND",1SO0300FIREPLAC0120,,"FIREPLACE - SEE LOCATION - 36"" WOOD (PER PLAN) - MANTLE & BLACK GRANITE SURROUND",3720-ELECTRICAL TRIM,30337200200,GENERIC,1.0000,EA,ELECTRICAL TRIM- P.O. Labor and Materials Electrical Item Installed - Duplex Outlet,False,
Atlanta,ATL,5471-2044-TOWNS-BL,5471-2044-TOWNS-2BL,"FIREPLACE - SEE LOCATION - 36"" WOOD (PER PLAN) - MANTLE & BLACK GRANITE SURROUND",1SO0300FIREPLAC0120,,"FIREPLACE - SEE LOCATION - 36"" WOOD (PER PLAN) - MANTLE & BLACK GRANITE SURROUND",3710-ELECTRIC ROUGH,30337100200,GENERIC,1.0000,EA,ELECTRICAL ROUGH- P.O. Labor and Materials Electrical Item Installed - Duplex Outlet,False,
Atlanta,ATL,5471-2044-TOWNS-BL,5471-2044-TOWNS-2BL,"FIREPLACE - SEE LOCATION - 42"" ELECTRIC - MANTLE & BRICK (ONE STORY) SURROUND - INCLUDES RAISED HEARTH",1SO0300FIREPLAC0130,,"FIREPLACE - SEE LOCATION - 42"" ELECTRIC - MANTLE & BRICK (ONE STORY) SURROUND - INCLUDES RAISED HEARTH",3740-STRCTRD WRNG RGH,30337400360,GENERIC,1.0000,EA,STRUCTRD WIRING ROUGH - P.O. Labor and Materials STRUCTRD WIRING ROUGH Item Installed - Flat Screen T.V. Prewire (Conduit; Cover; and HDMI Wire),False,
Atlanta,ATL,5471-2044-TOWNS-BL,5471-2044-TOWNS-2BL,"FIREPLACE - SEE LOCATION - 42"" ELECTRIC - MANTLE & BRICK (ONE STORY) SURROUND - INCLUDES RAISED HEARTH",1SO0300FIREPLAC0130,,"FIREPLACE - SEE LOCATION - 42"" ELECTRIC - MANTLE & BRICK (ONE STORY) SURROUND - INCLUDES RAISED HEARTH",4250-STONE MAT'L,30442500260,GENERIC,12.0000,EA,STONE MATERIAL - P.O. 8x8x16 Block Regular,False,
Atlanta,ATL,5471-2044-TOWNS-BL,5471-2044-TOWNS-2BL,"FIREPLACE - SEE LOCATION - 42"" ELECTRIC - MANTLE & BRICK (ONE STORY) SURROUND - INCLUDES RAISED HEARTH",1SO0300FIREPLAC0130,,"FIREPLACE - SEE LOCATION - 42"" ELECTRIC - MANTLE & BRICK (ONE STORY) SURROUND - INCLUDES RAISED HEARTH",4920-INT PAINT W/T,30449200380,GENERIC,1.0000,EA,INTERIOR PAINTING TURNKEY - P.O. Fireplace Mantel Staining Each,False,
Atlanta,ATL,5471-2044-TOWNS-BL,5471-2044-TOWNS-2BL,"FIREPLACE - SEE LOCATION - 42"" ELECTRIC - MANTLE & BRICK (ONE STORY) SURROUND - INCLUDES RAISED HEARTH",1SO0300FIREPLAC0130,,"FIREPLACE - SEE LOCATION - 42"" ELECTRIC - MANTLE & BRICK (ONE STORY) SURROUND - INCLUDES RAISED HEARTH",4920-INT PAINT W/T,30449200360,GENERIC,-1.0000,EA,INTERIOR PAINTING TURNKEY - P.O. Fireplace Mantel Painting Each,False,
Atlanta,ATL,5471-2044-TOWNS-BL,5471-2044-TOWNS-2BL,"FIREPLACE - SEE LOCATION - 42"" ELECTRIC - MANTLE & BRICK (ONE STORY) SURROUND - INCLUDES RAISED HEARTH",1SO0300FIREPLAC0130,,"FIREPLACE - SEE LOCATION - 42"" ELECTRIC - MANTLE & BRICK (ONE STORY) SURROUND - INCLUDES RAISED HEARTH",4240-BRICK LBR/TKY,30442400200,GENERIC,1.0000,EA,BRICK LABOR OR TURNKEY - P.O. Brick Fireplace Surround with Hearth (One Story),False,
Atlanta,ATL,5471-2044-TOWNS-BL,5471-2044-TOWNS-2BL,"FIREPLACE - SEE LOCATION - 42"" ELECTRIC - MANTLE & BRICK (ONE STORY) SURROUND - INCLUDES RAISED HEARTH",1SO0300FIREPLAC0130,,"FIREPLACE - SEE LOCATION - 42"" ELECTRIC - MANTLE & BRICK (ONE STORY) SURROUND - INCLUDES RAISED HEARTH",3750-STRCTRD WRNG TRM,30337500360,GENERIC,1.0000,EA,STRUCTRD WIRING TRIM - P.O. Labor and Materials STRUCTRD WIRING TRIM Item Installed - Flat Screen T.V. Prewire (Conduit; Cover; and HDMI Wire),False,
Atlanta,ATL,5471-2044-TOWNS-BL,5471-2044-TOWNS-2BL,"FIREPLACE - SEE LOCATION - 42"" ELECTRIC - MANTLE & BRICK (ONE STORY) SURROUND - INCLUDES RAISED HEARTH",1SO0300FIREPLAC0130,,"FIREPLACE - SEE LOCATION - 42"" ELECTRIC - MANTLE & BRICK (ONE STORY) SURROUND - INCLUDES RAISED HEARTH",5270-MANTLE SURRND,30552700120,GENERIC,1.0000,EA,MANTEL AND SURROUND - P.O. Labor and Materials to Install Brick or Stone Unfinshed Mantel,False,
Atlanta,ATL,5471-2044-TOWNS-BL,5471-2044-TOWNS-2BL,"FIREPLACE - SEE LOCATION - 42"" ELECTRIC - MANTLE & BRICK (ONE STORY) SURROUND - INCLUDES RAISED HEARTH",1SO0300FIREPLAC0130,,"FIREPLACE - SEE LOCATION - 42"" ELECTRIC - MANTLE & BRICK (ONE STORY) SURROUND - INCLUDES RAISED HEARTH",5270-MANTLE SURRND,30552700100,GENERIC,-1.0000,EA,MANTEL AND SURROUND - P.O. Labor and Materials to Install Granite Surround and Unfinshed Mantel,False,
Atlanta,ATL,5471-2044-TOWNS-BL,5471-2044-TOWNS-2BL,"FIREPLACE - SEE LOCATION - 42"" ELECTRIC - MANTLE & BRICK (ONE STORY) SURROUND - INCLUDES RAISED HEARTH",1SO0300FIREPLAC0130,,"FIREPLACE - SEE LOCATION - 42"" ELECTRIC - MANTLE & BRICK (ONE STORY) SURROUND - INCLUDES RAISED HEARTH",4230-BRICK MATERIAL,30442300160,GENERIC,13.0000,BAG,BRICK MATERIAL - P.O. Mortar Type N - Ivorie (1 bag per 33 Square Foot),False,
Atlanta,ATL,5471-2044-TOWNS-BL,5471-2044-TOWNS-2BL,"FIREPLACE - SEE LOCATION - 42"" ELECTRIC - MANTLE & BRICK (ONE STORY) SURROUND - INCLUDES RAISED HEARTH",1SO0300FIREPLAC0130,,"FIREPLACE - SEE LOCATION - 42"" ELECTRIC - MANTLE & BRICK (ONE STORY) SURROUND - INCLUDES RAISED HEARTH",4230-BRICK MATERIAL,30442300100,GENERIC,420.0000,EA,BRICK MATERIAL - P.O. Queen Brick by the Brick (520 per Cube; 5.5 per square foot),False,
Atlanta,ATL,5471-2044-TOWNS-BL,5471-2044-TOWNS-2BL,"FIREPLACE - SEE LOCATION - 42"" ELECTRIC - MANTLE & BRICK (ONE STORY) SURROUND - INCLUDES RAISED HEARTH",1SO0300FIREPLAC0130,,"FIREPLACE - SEE LOCATION - 42"" ELECTRIC - MANTLE & BRICK (ONE STORY) SURROUND - INCLUDES RAISED HEARTH",4230-BRICK MATERIAL,30442300340,GENERIC,1.0000,EA,BRICK MATERIAL - P.O. Lintel 3 X 3.5 X 48,False,
Atlanta,ATL,5471-2044-TOWNS-BL,5471-2044-TOWNS-2BL,"FIREPLACE - SEE LOCATION - 42"" ELECTRIC - MANTLE & BRICK (ONE STORY) SURROUND - INCLUDES RAISED HEARTH",1SO0300FIREPLAC0130,,"FIREPLACE - SEE LOCATION - 42"" ELECTRIC - MANTLE & BRICK (ONE STORY) SURROUND - INCLUDES RAISED HEARTH",3720-ELECTRICAL TRIM,30337200200,GENERIC,1.0000,EA,ELECTRICAL TRIM- P.O. Labor and Materials Electrical Item Installed - Duplex Outlet,False,
Atlanta,ATL,5471-2044-TOWNS-BL,5471-2044-TOWNS-2BL,"FIREPLACE - SEE LOCATION - 42"" ELECTRIC - MANTLE & BRICK (ONE STORY) SURROUND - INCLUDES RAISED HEARTH",1SO0300FIREPLAC0130,,"FIREPLACE - SEE LOCATION - 42"" ELECTRIC - MANTLE & BRICK (ONE STORY) SURROUND - INCLUDES RAISED HEARTH",3710-ELECTRIC ROUGH,30337100200,GENERIC,1.0000,EA,ELECTRICAL ROUGH- P.O. Labor and Materials Electrical Item Installed - Duplex Outlet,False,
Atlanta,ATL,5471-2044-TOWNS-BL,5471-2044-TOWNS-2BL,"FIREPLACE - SEE LOCATION - 42"" ELECTRIC - MANTLE & BRICK (TWO STORY) SURROUND - INCLUDES RAISED HEARTH",1SO0300FIREPLAC0140,,"FIREPLACE - SEE LOCATION - 42"" ELECTRIC - MANTLE & BRICK (TWO STORY) SURROUND - INCLUDES RAISED HEARTH",3740-STRCTRD WRNG RGH,30337400360,GENERIC,1.0000,EA,STRUCTRD WIRING ROUGH - P.O. Labor and Materials STRUCTRD WIRING ROUGH Item Installed - Flat Screen T.V. Prewire (Conduit; Cover; and HDMI Wire),False,
Atlanta,ATL,5471-2044-TOWNS-BL,5471-2044-TOWNS-2BL,"FIREPLACE - SEE LOCATION - 42"" ELECTRIC - MANTLE & BRICK (TWO STORY) SURROUND - INCLUDES RAISED HEARTH",1SO0300FIREPLAC0140,,"FIREPLACE - SEE LOCATION - 42"" ELECTRIC - MANTLE & BRICK (TWO STORY) SURROUND - INCLUDES RAISED HEARTH",4240-BRICK LBR/TKY,30442400220,GENERIC,1.0000,EA,BRICK LABOR OR TURNKEY - P.O. Brick Fireplace Surround with Hearth (Two Story),False,
Atlanta,ATL,5471-2044-TOWNS-BL,5471-2044-TOWNS-2BL,"FIREPLACE - SEE LOCATION - 42"" ELECTRIC - MANTLE & BRICK (TWO STORY) SURROUND - INCLUDES RAISED HEARTH",1SO0300FIREPLAC0140,,"FIREPLACE - SEE LOCATION - 42"" ELECTRIC - MANTLE & BRICK (TWO STORY) SURROUND - INCLUDES RAISED HEARTH",4250-STONE MAT'L,30442500260,GENERIC,12.0000,EA,STONE MATERIAL - P.O. 8x8x16 Block Regular,False,
Atlanta,ATL,5471-2044-TOWNS-BL,5471-2044-TOWNS-2BL,"FIREPLACE - SEE LOCATION - 42"" ELECTRIC - MANTLE & BRICK (TWO STORY) SURROUND - INCLUDES RAISED HEARTH",1SO0300FIREPLAC0140,,"FIREPLACE - SEE LOCATION - 42"" ELECTRIC - MANTLE & BRICK (TWO STORY) SURROUND - INCLUDES RAISED HEARTH",4920-INT PAINT W/T,30449200380,GENERIC,1.0000,EA,INTERIOR PAINTING TURNKEY - P.O. Fireplace Mantel Staining Each,False,
Atlanta,ATL,5471-2044-TOWNS-BL,5471-2044-TOWNS-2BL,"FIREPLACE - SEE LOCATION - 42"" ELECTRIC - MANTLE & BRICK (TWO STORY) SURROUND - INCLUDES RAISED HEARTH",1SO0300FIREPLAC0140,,"FIREPLACE - SEE LOCATION - 42"" ELECTRIC - MANTLE & BRICK (TWO STORY) SURROUND - INCLUDES RAISED HEARTH",4920-INT PAINT W/T,30449200360,GENERIC,-1.0000,EA,INTERIOR PAINTING TURNKEY - P.O. Fireplace Mantel Painting Each,False,
Atlanta,ATL,5471-2044-TOWNS-BL,5471-2044-TOWNS-2BL,"FIREPLACE - SEE LOCATION - 42"" ELECTRIC - MANTLE & BRICK (TWO STORY) SURROUND - INCLUDES RAISED HEARTH",1SO0300FIREPLAC0140,,"FIREPLACE - SEE LOCATION - 42"" ELECTRIC - MANTLE & BRICK (TWO STORY) SURROUND - INCLUDES RAISED HEARTH",3750-STRCTRD WRNG TRM,30337500360,GENERIC,1.0000,EA,STRUCTRD WIRING TRIM - P.O. Labor and Materials STRUCTRD WIRING TRIM Item Installed - Flat Screen T.V. Prewire (Conduit; Cover; and HDMI Wire),False,
Atlanta,ATL,5471-2044-TOWNS-BL,5471-2044-TOWNS-2BL,"FIREPLACE - SEE LOCATION - 42"" ELECTRIC - MANTLE & BRICK (TWO STORY) SURROUND - INCLUDES RAISED HEARTH",1SO0300FIREPLAC0140,,"FIREPLACE - SEE LOCATION - 42"" ELECTRIC - MANTLE & BRICK (TWO STORY) SURROUND - INCLUDES RAISED HEARTH",5270-MANTLE SURRND,30552700120,GENERIC,1.0000,EA,MANTEL AND SURROUND - P.O. Labor and Materials to Install Brick or Stone Unfinshed Mantel,False,
Atlanta,ATL,5471-2044-TOWNS-BL,5471-2044-TOWNS-2BL,"FIREPLACE - SEE LOCATION - 42"" ELECTRIC - MANTLE & BRICK (TWO STORY) SURROUND - INCLUDES RAISED HEARTH",1SO0300FIREPLAC0140,,"FIREPLACE - SEE LOCATION - 42"" ELECTRIC - MANTLE & BRICK (TWO STORY) SURROUND - INCLUDES RAISED HEARTH",5270-MANTLE SURRND,30552700100,GENERIC,-1.0000,EA,MANTEL AND SURROUND - P.O. Labor and Materials to Install Granite Surround and Unfinshed Mantel,False,
Atlanta,ATL,5471-2044-TOWNS-BL,5471-2044-TOWNS-2BL,"FIREPLACE - SEE LOCATION - 42"" ELECTRIC - MANTLE & BRICK (TWO STORY) SURROUND - INCLUDES RAISED HEARTH",1SO0300FIREPLAC0140,,"FIREPLACE - SEE LOCATION - 42"" ELECTRIC - MANTLE & BRICK (TWO STORY) SURROUND - INCLUDES RAISED HEARTH",4230-BRICK MATERIAL,30442300160,GENERIC,24.0000,BAG,BRICK MATERIAL - P.O. Mortar Type N - Ivorie (1 bag per 33 Square Foot),False,
Atlanta,ATL,5471-2044-TOWNS-BL,5471-2044-TOWNS-2BL,"FIREPLACE - SEE LOCATION - 42"" ELECTRIC - MANTLE & BRICK (TWO STORY) SURROUND - INCLUDES RAISED HEARTH",1SO0300FIREPLAC0140,,"FIREPLACE - SEE LOCATION - 42"" ELECTRIC - MANTLE & BRICK (TWO STORY) SURROUND - INCLUDES RAISED HEARTH",4230-BRICK MATERIAL,30442300100,GENERIC,785.0000,EA,BRICK MATERIAL - P.O. Queen Brick by the Brick (520 per Cube; 5.5 per square foot),False,
Atlanta,ATL,5471-2044-TOWNS-BL,5471-2044-TOWNS-2BL,"FIREPLACE - SEE LOCATION - 42"" ELECTRIC - MANTLE & BRICK (TWO STORY) SURROUND - INCLUDES RAISED HEARTH",1SO0300FIREPLAC0140,,"FIREPLACE - SEE LOCATION - 42"" ELECTRIC - MANTLE & BRICK (TWO STORY) SURROUND - INCLUDES RAISED HEARTH",4230-BRICK MATERIAL,30442300340,GENERIC,1.0000,EA,BRICK MATERIAL - P.O. Lintel 3 X 3.5 X 48,False,
Atlanta,ATL,5471-2044-TOWNS-BL,5471-2044-TOWNS-2BL,"FIREPLACE - SEE LOCATION - 42"" ELECTRIC - MANTLE & BRICK (TWO STORY) SURROUND - INCLUDES RAISED HEARTH",1SO0300FIREPLAC0140,,"FIREPLACE - SEE LOCATION - 42"" ELECTRIC - MANTLE & BRICK (TWO STORY) SURROUND - INCLUDES RAISED HEARTH",3720-ELECTRICAL TRIM,30337200200,GENERIC,1.0000,EA,ELECTRICAL TRIM- P.O. Labor and Materials Electrical Item Installed - Duplex Outlet,False,
Atlanta,ATL,5471-2044-TOWNS-BL,5471-2044-TOWNS-2BL,"FIREPLACE - SEE LOCATION - 42"" ELECTRIC - MANTLE & BRICK (TWO STORY) SURROUND - INCLUDES RAISED HEARTH",1SO0300FIREPLAC0140,,"FIREPLACE - SEE LOCATION - 42"" ELECTRIC - MANTLE & BRICK (TWO STORY) SURROUND - INCLUDES RAISED HEARTH",3710-ELECTRIC ROUGH,30337100200,GENERIC,1.0000,EA,ELECTRICAL ROUGH- P.O. Labor and Materials Electrical Item Installed - Duplex Outlet,False,
Atlanta,ATL,5471-2044-TOWNS-BL,5471-2044-TOWNS-2BL,"FIREPLACE - SEE LOCATION - 42"" ELECTRIC - MANTLE & STONE (ONE STORY) SURROUND - INCLUDES RAISED HEARTH",1SO0300FIREPLAC0150,,"FIREPLACE - SEE LOCATION - 42"" ELECTRIC - MANTLE & STONE (ONE STORY) SURROUND - INCLUDES RAISED HEARTH",3740-STRCTRD WRNG RGH,30337400360,GENERIC,1.0000,EA,STRUCTRD WIRING ROUGH - P.O. Labor and Materials STRUCTRD WIRING ROUGH Item Installed - Flat Screen T.V. Prewire (Conduit; Cover; and HDMI Wire),False,
Atlanta,ATL,5471-2044-TOWNS-BL,5471-2044-TOWNS-2BL,"FIREPLACE - SEE LOCATION - 42"" ELECTRIC - MANTLE & STONE (ONE STORY) SURROUND - INCLUDES RAISED HEARTH",1SO0300FIREPLAC0150,,"FIREPLACE - SEE LOCATION - 42"" ELECTRIC - MANTLE & STONE (ONE STORY) SURROUND - INCLUDES RAISED HEARTH",4260-STONE LBR/TKY,30442600200,GENERIC,1.0000,EA,STONE LABOR OR TURNKEY - P.O. Stone Fireplace Surround with Hearth (One Story),False,
Atlanta,ATL,5471-2044-TOWNS-BL,5471-2044-TOWNS-2BL,"FIREPLACE - SEE LOCATION - 42"" ELECTRIC - MANTLE & STONE (ONE STORY) SURROUND - INCLUDES RAISED HEARTH",1SO0300FIREPLAC0150,,"FIREPLACE - SEE LOCATION - 42"" ELECTRIC - MANTLE & STONE (ONE STORY) SURROUND - INCLUDES RAISED HEARTH",4920-INT PAINT W/T,30449200380,GENERIC,1.0000,EA,INTERIOR PAINTING TURNKEY - P.O. Fireplace Mantel Staining Each,False,
Atlanta,ATL,5471-2044-TOWNS-BL,5471-2044-TOWNS-2BL,"FIREPLACE - SEE LOCATION - 42"" ELECTRIC - MANTLE & STONE (ONE STORY) SURROUND - INCLUDES RAISED HEARTH",1SO0300FIREPLAC0150,,"FIREPLACE - SEE LOCATION - 42"" ELECTRIC - MANTLE & STONE (ONE STORY) SURROUND - INCLUDES RAISED HEARTH",4920-INT PAINT W/T,30449200360,GENERIC,-1.0000,EA,INTERIOR PAINTING TURNKEY - P.O. Fireplace Mantel Painting Each,False,
Atlanta,ATL,5471-2044-TOWNS-BL,5471-2044-TOWNS-2BL,"FIREPLACE - SEE LOCATION - 42"" ELECTRIC - MANTLE & STONE (ONE STORY) SURROUND - INCLUDES RAISED HEARTH",1SO0300FIREPLAC0150,,"FIREPLACE - SEE LOCATION - 42"" ELECTRIC - MANTLE & STONE (ONE STORY) SURROUND - INCLUDES RAISED HEARTH",3750-STRCTRD WRNG TRM,30337500360,GENERIC,1.0000,EA,STRUCTRD WIRING TRIM - P.O. Labor and Materials STRUCTRD WIRING TRIM Item Installed - Flat Screen T.V. Prewire (Conduit; Cover; and HDMI Wire),False,
Atlanta,ATL,5471-2044-TOWNS-BL,5471-2044-TOWNS-2BL,"FIREPLACE - SEE LOCATION - 42"" ELECTRIC - MANTLE & STONE (ONE STORY) SURROUND - INCLUDES RAISED HEARTH",1SO0300FIREPLAC0150,,"FIREPLACE - SEE LOCATION - 42"" ELECTRIC - MANTLE & STONE (ONE STORY) SURROUND - INCLUDES RAISED HEARTH",5270-MANTLE SURRND,30552700120,GENERIC,1.0000,EA,MANTEL AND SURROUND - P.O. Labor and Materials to Install Brick or Stone Unfinshed Mantel,False,
Atlanta,ATL,5471-2044-TOWNS-BL,5471-2044-TOWNS-2BL,"FIREPLACE - SEE LOCATION - 42"" ELECTRIC - MANTLE & STONE (ONE STORY) SURROUND - INCLUDES RAISED HEARTH",1SO0300FIREPLAC0150,,"FIREPLACE - SEE LOCATION - 42"" ELECTRIC - MANTLE & STONE (ONE STORY) SURROUND - INCLUDES RAISED HEARTH",5270-MANTLE SURRND,30552700100,GENERIC,-1.0000,EA,MANTEL AND SURROUND - P.O. Labor and Materials to Install Granite Surround and Unfinshed Mantel,False,
Atlanta,ATL,5471-2044-TOWNS-BL,5471-2044-TOWNS-2BL,"FIREPLACE - SEE LOCATION - 42"" ELECTRIC - MANTLE & STONE (ONE STORY) SURROUND - INCLUDES RAISED HEARTH",1SO0300FIREPLAC0150,,"FIREPLACE - SEE LOCATION - 42"" ELECTRIC - MANTLE & STONE (ONE STORY) SURROUND - INCLUDES RAISED HEARTH",4250-STONE MAT'L,30442500280,GENERIC,2.0000,EA,STONE MATERIAL - P.O. Stone Outlet Box,False,
Atlanta,ATL,5471-2044-TOWNS-BL,5471-2044-TOWNS-2BL,"FIREPLACE - SEE LOCATION - 42"" ELECTRIC - MANTLE & STONE (ONE STORY) SURROUND - INCLUDES RAISED HEARTH",1SO0300FIREPLAC0150,,"FIREPLACE - SEE LOCATION - 42"" ELECTRIC - MANTLE & STONE (ONE STORY) SURROUND - INCLUDES RAISED HEARTH",4250-STONE MAT'L,30442500240,GENERIC,72.0000,EA,STONE MATERIAL - P.O. Felt Backed Metal Lathe by the Square Foot,False,
Atlanta,ATL,5471-2044-TOWNS-BL,5471-2044-TOWNS-2BL,"FIREPLACE - SEE LOCATION - 42"" ELECTRIC - MANTLE & STONE (ONE STORY) SURROUND - INCLUDES RAISED HEARTH",1SO0300FIREPLAC0150,,"FIREPLACE - SEE LOCATION - 42"" ELECTRIC - MANTLE & STONE (ONE STORY) SURROUND - INCLUDES RAISED HEARTH",4250-STONE MAT'L,30442500180,GENERIC,2.0000,EA,"STONE MATERIAL - P.O. 80 lb. bag of Type ""S"" Pre-Mix Masonry Mortar",False,
Atlanta,ATL,5471-2044-TOWNS-BL,5471-2044-TOWNS-2BL,"FIREPLACE - SEE LOCATION - 42"" ELECTRIC - MANTLE & STONE (ONE STORY) SURROUND - INCLUDES RAISED HEARTH",1SO0300FIREPLAC0150,,"FIREPLACE - SEE LOCATION - 42"" ELECTRIC - MANTLE & STONE (ONE STORY) SURROUND - INCLUDES RAISED HEARTH",4250-STONE MAT'L,30442500160,GENERIC,5.0000,EA,STONE MATERIAL - P.O. Cast Stone Hearth Stones 18 x 18,False,
Atlanta,ATL,5471-2044-TOWNS-BL,5471-2044-TOWNS-2BL,"FIREPLACE - SEE LOCATION - 42"" ELECTRIC - MANTLE & STONE (ONE STORY) SURROUND - INCLUDES RAISED HEARTH",1SO0300FIREPLAC0150,,"FIREPLACE - SEE LOCATION - 42"" ELECTRIC - MANTLE & STONE (ONE STORY) SURROUND - INCLUDES RAISED HEARTH",4250-STONE MAT'L,30442500260,GENERIC,12.0000,EA,STONE MATERIAL - P.O. 8x8x16 Block Regular,False,
Atlanta,ATL,5471-2044-TOWNS-BL,5471-2044-TOWNS-2BL,"FIREPLACE - SEE LOCATION - 42"" ELECTRIC - MANTLE & STONE (ONE STORY) SURROUND - INCLUDES RAISED HEARTH",1SO0300FIREPLAC0150,,"FIREPLACE - SEE LOCATION - 42"" ELECTRIC - MANTLE & STONE (ONE STORY) SURROUND - INCLUDES RAISED HEARTH",4250-STONE MAT'L,30442500100,GENERIC,60.0000,SF,STONE MATERIAL - P.O. Synthetic Stone Flats by the Square Foot,False,
Atlanta,ATL,5471-2044-TOWNS-BL,5471-2044-TOWNS-2BL,"FIREPLACE - SEE LOCATION - 42"" ELECTRIC - MANTLE & STONE (ONE STORY) SURROUND - INCLUDES RAISED HEARTH",1SO0300FIREPLAC0150,,"FIREPLACE - SEE LOCATION - 42"" ELECTRIC - MANTLE & STONE (ONE STORY) SURROUND - INCLUDES RAISED HEARTH",3720-ELECTRICAL TRIM,30337200200,GENERIC,1.0000,EA,ELECTRICAL TRIM- P.O. Labor and Materials Electrical Item Installed - Duplex Outlet,False,
Atlanta,ATL,5471-2044-TOWNS-BL,5471-2044-TOWNS-2BL,"FIREPLACE - SEE LOCATION - 42"" ELECTRIC - MANTLE & STONE (ONE STORY) SURROUND - INCLUDES RAISED HEARTH",1SO0300FIREPLAC0150,,"FIREPLACE - SEE LOCATION - 42"" ELECTRIC - MANTLE & STONE (ONE STORY) SURROUND - INCLUDES RAISED HEARTH",3710-ELECTRIC ROUGH,30337100200,GENERIC,1.0000,EA,ELECTRICAL ROUGH- P.O. Labor and Materials Electrical Item Installed - Duplex Outlet,False,
Atlanta,ATL,5471-2044-TOWNS-BL,5471-2044-TOWNS-2BL,"FIREPLACE - SEE LOCATION - 42"" ELECTRIC - MANTLE & STONE (TWO STORY) SURROUND - INCLUDES RAISED HEARTH",1SO0300FIREPLAC0160,,"FIREPLACE - SEE LOCATION - 42"" ELECTRIC - MANTLE & STONE (TWO STORY) SURROUND - INCLUDES RAISED HEARTH",3740-STRCTRD WRNG RGH,30337400360,GENERIC,1.0000,EA,STRUCTRD WIRING ROUGH - P.O. Labor and Materials STRUCTRD WIRING ROUGH Item Installed - Flat Screen T.V. Prewire (Conduit; Cover; and HDMI Wire),False,
Atlanta,ATL,5471-2044-TOWNS-BL,5471-2044-TOWNS-2BL,"FIREPLACE - SEE LOCATION - 42"" ELECTRIC - MANTLE & STONE (TWO STORY) SURROUND - INCLUDES RAISED HEARTH",1SO0300FIREPLAC0160,,"FIREPLACE - SEE LOCATION - 42"" ELECTRIC - MANTLE & STONE (TWO STORY) SURROUND - INCLUDES RAISED HEARTH",4920-INT PAINT W/T,30449200380,GENERIC,1.0000,EA,INTERIOR PAINTING TURNKEY - P.O. Fireplace Mantel Staining Each,False,
Atlanta,ATL,5471-2044-TOWNS-BL,5471-2044-TOWNS-2BL,"FIREPLACE - SEE LOCATION - 42"" ELECTRIC - MANTLE & STONE (TWO STORY) SURROUND - INCLUDES RAISED HEARTH",1SO0300FIREPLAC0160,,"FIREPLACE - SEE LOCATION - 42"" ELECTRIC - MANTLE & STONE (TWO STORY) SURROUND - INCLUDES RAISED HEARTH",4920-INT PAINT W/T,30449200360,GENERIC,-1.0000,EA,INTERIOR PAINTING TURNKEY - P.O. Fireplace Mantel Painting Each,False,
Atlanta,ATL,5471-2044-TOWNS-BL,5471-2044-TOWNS-2BL,"FIREPLACE - SEE LOCATION - 42"" ELECTRIC - MANTLE & STONE (TWO STORY) SURROUND - INCLUDES RAISED HEARTH",1SO0300FIREPLAC0160,,"FIREPLACE - SEE LOCATION - 42"" ELECTRIC - MANTLE & STONE (TWO STORY) SURROUND - INCLUDES RAISED HEARTH",4260-STONE LBR/TKY,30442600220,GENERIC,1.0000,EA,STONE LABOR OR TURNKEY - P.O. Stone Fireplace Surround with Hearth (Two Story),False,
Atlanta,ATL,5471-2044-TOWNS-BL,5471-2044-TOWNS-2BL,"FIREPLACE - SEE LOCATION - 42"" ELECTRIC - MANTLE & STONE (TWO STORY) SURROUND - INCLUDES RAISED HEARTH",1SO0300FIREPLAC0160,,"FIREPLACE - SEE LOCATION - 42"" ELECTRIC - MANTLE & STONE (TWO STORY) SURROUND - INCLUDES RAISED HEARTH",3750-STRCTRD WRNG TRM,30337500360,GENERIC,1.0000,EA,STRUCTRD WIRING TRIM - P.O. Labor and Materials STRUCTRD WIRING TRIM Item Installed - Flat Screen T.V. Prewire (Conduit; Cover; and HDMI Wire),False,
Atlanta,ATL,5471-2044-TOWNS-BL,5471-2044-TOWNS-2BL,"FIREPLACE - SEE LOCATION - 42"" ELECTRIC - MANTLE & STONE (TWO STORY) SURROUND - INCLUDES RAISED HEARTH",1SO0300FIREPLAC0160,,"FIREPLACE - SEE LOCATION - 42"" ELECTRIC - MANTLE & STONE (TWO STORY) SURROUND - INCLUDES RAISED HEARTH",5270-MANTLE SURRND,30552700120,GENERIC,1.0000,EA,MANTEL AND SURROUND - P.O. Labor and Materials to Install Brick or Stone Unfinshed Mantel,False,
Atlanta,ATL,5471-2044-TOWNS-BL,5471-2044-TOWNS-2BL,"FIREPLACE - SEE LOCATION - 42"" ELECTRIC - MANTLE & STONE (TWO STORY) SURROUND - INCLUDES RAISED HEARTH",1SO0300FIREPLAC0160,,"FIREPLACE - SEE LOCATION - 42"" ELECTRIC - MANTLE & STONE (TWO STORY) SURROUND - INCLUDES RAISED HEARTH",5270-MANTLE SURRND,30552700100,GENERIC,-1.0000,EA,MANTEL AND SURROUND - P.O. Labor and Materials to Install Granite Surround and Unfinshed Mantel,False,
Atlanta,ATL,5471-2044-TOWNS-BL,5471-2044-TOWNS-2BL,"FIREPLACE - SEE LOCATION - 42"" ELECTRIC - MANTLE & STONE (TWO STORY) SURROUND - INCLUDES RAISED HEARTH",1SO0300FIREPLAC0160,,"FIREPLACE - SEE LOCATION - 42"" ELECTRIC - MANTLE & STONE (TWO STORY) SURROUND - INCLUDES RAISED HEARTH",4250-STONE MAT'L,30442500280,GENERIC,2.0000,EA,STONE MATERIAL - P.O. Stone Outlet Box,False,
Atlanta,ATL,5471-2044-TOWNS-BL,5471-2044-TOWNS-2BL,"FIREPLACE - SEE LOCATION - 42"" ELECTRIC - MANTLE & STONE (TWO STORY) SURROUND - INCLUDES RAISED HEARTH",1SO0300FIREPLAC0160,,"FIREPLACE - SEE LOCATION - 42"" ELECTRIC - MANTLE & STONE (TWO STORY) SURROUND - INCLUDES RAISED HEARTH",4250-STONE MAT'L,30442500240,GENERIC,138.0000,EA,STONE MATERIAL - P.O. Felt Backed Metal Lathe by the Square Foot,False,
Atlanta,ATL,5471-2044-TOWNS-BL,5471-2044-TOWNS-2BL,"FIREPLACE - SEE LOCATION - 42"" ELECTRIC - MANTLE & STONE (TWO STORY) SURROUND - INCLUDES RAISED HEARTH",1SO0300FIREPLAC0160,,"FIREPLACE - SEE LOCATION - 42"" ELECTRIC - MANTLE & STONE (TWO STORY) SURROUND - INCLUDES RAISED HEARTH",4250-STONE MAT'L,30442500180,GENERIC,4.0000,EA,"STONE MATERIAL - P.O. 80 lb. bag of Type ""S"" Pre-Mix Masonry Mortar",False,
Atlanta,ATL,5471-2044-TOWNS-BL,5471-2044-TOWNS-2BL,"FIREPLACE - SEE LOCATION - 42"" ELECTRIC - MANTLE & STONE (TWO STORY) SURROUND - INCLUDES RAISED HEARTH",1SO0300FIREPLAC0160,,"FIREPLACE - SEE LOCATION - 42"" ELECTRIC - MANTLE & STONE (TWO STORY) SURROUND - INCLUDES RAISED HEARTH",4250-STONE MAT'L,30442500160,GENERIC,5.0000,EA,STONE MATERIAL - P.O. Cast Stone Hearth Stones 18 x 18,False,
Atlanta,ATL,5471-2044-TOWNS-BL,5471-2044-TOWNS-2BL,"FIREPLACE - SEE LOCATION - 42"" ELECTRIC - MANTLE & STONE (TWO STORY) SURROUND - INCLUDES RAISED HEARTH",1SO0300FIREPLAC0160,,"FIREPLACE - SEE LOCATION - 42"" ELECTRIC - MANTLE & STONE (TWO STORY) SURROUND - INCLUDES RAISED HEARTH",4250-STONE MAT'L,30442500260,GENERIC,12.0000,EA,STONE MATERIAL - P.O. 8x8x16 Block Regular,False,
Atlanta,ATL,5471-2044-TOWNS-BL,5471-2044-TOWNS-2BL,"FIREPLACE - SEE LOCATION - 42"" ELECTRIC - MANTLE & STONE (TWO STORY) SURROUND - INCLUDES RAISED HEARTH",1SO0300FIREPLAC0160,,"FIREPLACE - SEE LOCATION - 42"" ELECTRIC - MANTLE & STONE (TWO STORY) SURROUND - INCLUDES RAISED HEARTH",4250-STONE MAT'L,30442500100,GENERIC,126.0000,SF,STONE MATERIAL - P.O. Synthetic Stone Flats by the Square Foot,False,
Atlanta,ATL,5471-2044-TOWNS-BL,5471-2044-TOWNS-2BL,"FIREPLACE - SEE LOCATION - 42"" ELECTRIC - MANTLE & STONE (TWO STORY) SURROUND - INCLUDES RAISED HEARTH",1SO0300FIREPLAC0160,,"FIREPLACE - SEE LOCATION - 42"" ELECTRIC - MANTLE & STONE (TWO STORY) SURROUND - INCLUDES RAISED HEARTH",3720-ELECTRICAL TRIM,30337200200,GENERIC,1.0000,EA,ELECTRICAL TRIM- P.O. Labor and Materials Electrical Item Installed - Duplex Outlet,False,
Atlanta,ATL,5471-2044-TOWNS-BL,5471-2044-TOWNS-2BL,"FIREPLACE - SEE LOCATION - 42"" ELECTRIC - MANTLE & STONE (TWO STORY) SURROUND - INCLUDES RAISED HEARTH",1SO0300FIREPLAC0160,,"FIREPLACE - SEE LOCATION - 42"" ELECTRIC - MANTLE & STONE (TWO STORY) SURROUND - INCLUDES RAISED HEARTH",3710-ELECTRIC ROUGH,30337100200,GENERIC,1.0000,EA,ELECTRICAL ROUGH- P.O. Labor and Materials Electrical Item Installed - Duplex Outlet,False,
Atlanta,ATL,5471-2044-TOWNS-BL,5471-2044-TOWNS-2BL,"FIREPLACE - SEE LOCATION - 42"" GAS - MANTLE & BRICK (ONE STORY) SURROUND - INCLUDES RAISED HEARTH",1SO0300FIREPLAC0170,,"FIREPLACE - SEE LOCATION - 42"" GAS - MANTLE & BRICK (ONE STORY) SURROUND - INCLUDES RAISED HEARTH",3740-STRCTRD WRNG RGH,30337400360,GENERIC,1.0000,EA,STRUCTRD WIRING ROUGH - P.O. Labor and Materials STRUCTRD WIRING ROUGH Item Installed - Flat Screen T.V. Prewire (Conduit; Cover; and HDMI Wire),False,
Atlanta,ATL,5471-2044-TOWNS-BL,5471-2044-TOWNS-2BL,"FIREPLACE - SEE LOCATION - 42"" GAS - MANTLE & BRICK (ONE STORY) SURROUND - INCLUDES RAISED HEARTH",1SO0300FIREPLAC0170,,"FIREPLACE - SEE LOCATION - 42"" GAS - MANTLE & BRICK (ONE STORY) SURROUND - INCLUDES RAISED HEARTH",4250-STONE MAT'L,30442500260,GENERIC,12.0000,EA,STONE MATERIAL - P.O. 8x8x16 Block Regular,False,
Atlanta,ATL,5471-2044-TOWNS-BL,5471-2044-TOWNS-2BL,"FIREPLACE - SEE LOCATION - 42"" GAS - MANTLE & BRICK (ONE STORY) SURROUND - INCLUDES RAISED HEARTH",1SO0300FIREPLAC0170,,"FIREPLACE - SEE LOCATION - 42"" GAS - MANTLE & BRICK (ONE STORY) SURROUND - INCLUDES RAISED HEARTH",4920-INT PAINT W/T,30449200380,GENERIC,1.0000,EA,INTERIOR PAINTING TURNKEY - P.O. Fireplace Mantel Staining Each,False,
Atlanta,ATL,5471-2044-TOWNS-BL,5471-2044-TOWNS-2BL,"FIREPLACE - SEE LOCATION - 42"" GAS - MANTLE & BRICK (ONE STORY) SURROUND - INCLUDES RAISED HEARTH",1SO0300FIREPLAC0170,,"FIREPLACE - SEE LOCATION - 42"" GAS - MANTLE & BRICK (ONE STORY) SURROUND - INCLUDES RAISED HEARTH",4920-INT PAINT W/T,30449200360,GENERIC,-1.0000,EA,INTERIOR PAINTING TURNKEY - P.O. Fireplace Mantel Painting Each,False,
Atlanta,ATL,5471-2044-TOWNS-BL,5471-2044-TOWNS-2BL,"FIREPLACE - SEE LOCATION - 42"" GAS - MANTLE & BRICK (ONE STORY) SURROUND - INCLUDES RAISED HEARTH",1SO0300FIREPLAC0170,,"FIREPLACE - SEE LOCATION - 42"" GAS - MANTLE & BRICK (ONE STORY) SURROUND - INCLUDES RAISED HEARTH",4240-BRICK LBR/TKY,30442400200,GENERIC,1.0000,EA,BRICK LABOR OR TURNKEY - P.O. Brick Fireplace Surround with Hearth (One Story),False,
Atlanta,ATL,5471-2044-TOWNS-BL,5471-2044-TOWNS-2BL,"FIREPLACE - SEE LOCATION - 42"" GAS - MANTLE & BRICK (ONE STORY) SURROUND - INCLUDES RAISED HEARTH",1SO0300FIREPLAC0170,,"FIREPLACE - SEE LOCATION - 42"" GAS - MANTLE & BRICK (ONE STORY) SURROUND - INCLUDES RAISED HEARTH",3750-STRCTRD WRNG TRM,30337500360,GENERIC,1.0000,EA,STRUCTRD WIRING TRIM - P.O. Labor and Materials STRUCTRD WIRING TRIM Item Installed - Flat Screen T.V. Prewire (Conduit; Cover; and HDMI Wire),False,
Atlanta,ATL,5471-2044-TOWNS-BL,5471-2044-TOWNS-2BL,"FIREPLACE - SEE LOCATION - 42"" GAS - MANTLE & BRICK (ONE STORY) SURROUND - INCLUDES RAISED HEARTH",1SO0300FIREPLAC0170,,"FIREPLACE - SEE LOCATION - 42"" GAS - MANTLE & BRICK (ONE STORY) SURROUND - INCLUDES RAISED HEARTH",5270-MANTLE SURRND,30552700120,GENERIC,1.0000,EA,MANTEL AND SURROUND - P.O. Labor and Materials to Install Brick or Stone Unfinshed Mantel,False,
Atlanta,ATL,5471-2044-TOWNS-BL,5471-2044-TOWNS-2BL,"FIREPLACE - SEE LOCATION - 42"" GAS - MANTLE & BRICK (ONE STORY) SURROUND - INCLUDES RAISED HEARTH",1SO0300FIREPLAC0170,,"FIREPLACE - SEE LOCATION - 42"" GAS - MANTLE & BRICK (ONE STORY) SURROUND - INCLUDES RAISED HEARTH",5270-MANTLE SURRND,30552700100,GENERIC,-1.0000,EA,MANTEL AND SURROUND - P.O. Labor and Materials to Install Granite Surround and Unfinshed Mantel,False,
Atlanta,ATL,5471-2044-TOWNS-BL,5471-2044-TOWNS-2BL,"FIREPLACE - SEE LOCATION - 42"" GAS - MANTLE & BRICK (ONE STORY) SURROUND - INCLUDES RAISED HEARTH",1SO0300FIREPLAC0170,,"FIREPLACE - SEE LOCATION - 42"" GAS - MANTLE & BRICK (ONE STORY) SURROUND - INCLUDES RAISED HEARTH",4230-BRICK MATERIAL,30442300160,GENERIC,13.0000,BAG,BRICK MATERIAL - P.O. Mortar Type N - Ivorie (1 bag per 33 Square Foot),False,
Atlanta,ATL,5471-2044-TOWNS-BL,5471-2044-TOWNS-2BL,"FIREPLACE - SEE LOCATION - 42"" GAS - MANTLE & BRICK (ONE STORY) SURROUND - INCLUDES RAISED HEARTH",1SO0300FIREPLAC0170,,"FIREPLACE - SEE LOCATION - 42"" GAS - MANTLE & BRICK (ONE STORY) SURROUND - INCLUDES RAISED HEARTH",4230-BRICK MATERIAL,30442300100,GENERIC,420.0000,EA,BRICK MATERIAL - P.O. Queen Brick by the Brick (520 per Cube; 5.5 per square foot),False,
Atlanta,ATL,5471-2044-TOWNS-BL,5471-2044-TOWNS-2BL,"FIREPLACE - SEE LOCATION - 42"" GAS - MANTLE & BRICK (ONE STORY) SURROUND - INCLUDES RAISED HEARTH",1SO0300FIREPLAC0170,,"FIREPLACE - SEE LOCATION - 42"" GAS - MANTLE & BRICK (ONE STORY) SURROUND - INCLUDES RAISED HEARTH",4230-BRICK MATERIAL,30442300340,GENERIC,1.0000,EA,BRICK MATERIAL - P.O. Lintel 3 X 3.5 X 48,False,
Atlanta,ATL,5471-2044-TOWNS-BL,5471-2044-TOWNS-2BL,"FIREPLACE - SEE LOCATION - 42"" GAS - MANTLE & BRICK (ONE STORY) SURROUND - INCLUDES RAISED HEARTH",1SO0300FIREPLAC0170,,"FIREPLACE - SEE LOCATION - 42"" GAS - MANTLE & BRICK (ONE STORY) SURROUND - INCLUDES RAISED HEARTH",3720-ELECTRICAL TRIM,30337200200,GENERIC,1.0000,EA,ELECTRICAL TRIM- P.O. Labor and Materials Electrical Item Installed - Duplex Outlet,False,
Atlanta,ATL,5471-2044-TOWNS-BL,5471-2044-TOWNS-2BL,"FIREPLACE - SEE LOCATION - 42"" GAS - MANTLE & BRICK (ONE STORY) SURROUND - INCLUDES RAISED HEARTH",1SO0300FIREPLAC0170,,"FIREPLACE - SEE LOCATION - 42"" GAS - MANTLE & BRICK (ONE STORY) SURROUND - INCLUDES RAISED HEARTH",3710-ELECTRIC ROUGH,30337100200,GENERIC,1.0000,EA,ELECTRICAL ROUGH- P.O. Labor and Materials Electrical Item Installed - Duplex Outlet,False,
Atlanta,ATL,5471-2044-TOWNS-BL,5471-2044-TOWNS-2BL,"FIREPLACE - SEE LOCATION - 42"" GAS - MANTLE & BRICK (TWO STORY) SURROUND - INCLUDES RAISED HEARTH",1SO0300FIREPLAC0180,,"FIREPLACE - SEE LOCATION - 42"" GAS - MANTLE & BRICK (TWO STORY) SURROUND - INCLUDES RAISED HEARTH",3740-STRCTRD WRNG RGH,30337400360,GENERIC,1.0000,EA,STRUCTRD WIRING ROUGH - P.O. Labor and Materials STRUCTRD WIRING ROUGH Item Installed - Flat Screen T.V. Prewire (Conduit; Cover; and HDMI Wire),False,
Atlanta,ATL,5471-2044-TOWNS-BL,5471-2044-TOWNS-2BL,"FIREPLACE - SEE LOCATION - 42"" GAS - MANTLE & BRICK (TWO STORY) SURROUND - INCLUDES RAISED HEARTH",1SO0300FIREPLAC0180,,"FIREPLACE - SEE LOCATION - 42"" GAS - MANTLE & BRICK (TWO STORY) SURROUND - INCLUDES RAISED HEARTH",4240-BRICK LBR/TKY,30442400220,GENERIC,1.0000,EA,BRICK LABOR OR TURNKEY - P.O. Brick Fireplace Surround with Hearth (Two Story),False,
Atlanta,ATL,5471-2044-TOWNS-BL,5471-2044-TOWNS-2BL,"FIREPLACE - SEE LOCATION - 42"" GAS - MANTLE & BRICK (TWO STORY) SURROUND - INCLUDES RAISED HEARTH",1SO0300FIREPLAC0180,,"FIREPLACE - SEE LOCATION - 42"" GAS - MANTLE & BRICK (TWO STORY) SURROUND - INCLUDES RAISED HEARTH",4250-STONE MAT'L,30442500260,GENERIC,12.0000,EA,STONE MATERIAL - P.O. 8x8x16 Block Regular,False,
Atlanta,ATL,5471-2044-TOWNS-BL,5471-2044-TOWNS-2BL,"FIREPLACE - SEE LOCATION - 42"" GAS - MANTLE & BRICK (TWO STORY) SURROUND - INCLUDES RAISED HEARTH",1SO0300FIREPLAC0180,,"FIREPLACE - SEE LOCATION - 42"" GAS - MANTLE & BRICK (TWO STORY) SURROUND - INCLUDES RAISED HEARTH",4920-INT PAINT W/T,30449200380,GENERIC,1.0000,EA,INTERIOR PAINTING TURNKEY - P.O. Fireplace Mantel Staining Each,False,
Atlanta,ATL,5471-2044-TOWNS-BL,5471-2044-TOWNS-2BL,"FIREPLACE - SEE LOCATION - 42"" GAS - MANTLE & BRICK (TWO STORY) SURROUND - INCLUDES RAISED HEARTH",1SO0300FIREPLAC0180,,"FIREPLACE - SEE LOCATION - 42"" GAS - MANTLE & BRICK (TWO STORY) SURROUND - INCLUDES RAISED HEARTH",4920-INT PAINT W/T,30449200360,GENERIC,-1.0000,EA,INTERIOR PAINTING TURNKEY - P.O. Fireplace Mantel Painting Each,False,
Atlanta,ATL,5471-2044-TOWNS-BL,5471-2044-TOWNS-2BL,"FIREPLACE - SEE LOCATION - 42"" GAS - MANTLE & BRICK (TWO STORY) SURROUND - INCLUDES RAISED HEARTH",1SO0300FIREPLAC0180,,"FIREPLACE - SEE LOCATION - 42"" GAS - MANTLE & BRICK (TWO STORY) SURROUND - INCLUDES RAISED HEARTH",3750-STRCTRD WRNG TRM,30337500360,GENERIC,1.0000,EA,STRUCTRD WIRING TRIM - P.O. Labor and Materials STRUCTRD WIRING TRIM Item Installed - Flat Screen T.V. Prewire (Conduit; Cover; and HDMI Wire),False,
Atlanta,ATL,5471-2044-TOWNS-BL,5471-2044-TOWNS-2BL,"FIREPLACE - SEE LOCATION - 42"" GAS - MANTLE & BRICK (TWO STORY) SURROUND - INCLUDES RAISED HEARTH",1SO0300FIREPLAC0180,,"FIREPLACE - SEE LOCATION - 42"" GAS - MANTLE & BRICK (TWO STORY) SURROUND - INCLUDES RAISED HEARTH",5270-MANTLE SURRND,30552700120,GENERIC,1.0000,EA,MANTEL AND SURROUND - P.O. Labor and Materials to Install Brick or Stone Unfinshed Mantel,False,
Atlanta,ATL,5471-2044-TOWNS-BL,5471-2044-TOWNS-2BL,"FIREPLACE - SEE LOCATION - 42"" GAS - MANTLE & BRICK (TWO STORY) SURROUND - INCLUDES RAISED HEARTH",1SO0300FIREPLAC0180,,"FIREPLACE - SEE LOCATION - 42"" GAS - MANTLE & BRICK (TWO STORY) SURROUND - INCLUDES RAISED HEARTH",5270-MANTLE SURRND,30552700100,GENERIC,-1.0000,EA,MANTEL AND SURROUND - P.O. Labor and Materials to Install Granite Surround and Unfinshed Mantel,False,
Atlanta,ATL,5471-2044-TOWNS-BL,5471-2044-TOWNS-2BL,"FIREPLACE - SEE LOCATION - 42"" GAS - MANTLE & BRICK (TWO STORY) SURROUND - INCLUDES RAISED HEARTH",1SO0300FIREPLAC0180,,"FIREPLACE - SEE LOCATION - 42"" GAS - MANTLE & BRICK (TWO STORY) SURROUND - INCLUDES RAISED HEARTH",4230-BRICK MATERIAL,30442300160,GENERIC,24.0000,BAG,BRICK MATERIAL - P.O. Mortar Type N - Ivorie (1 bag per 33 Square Foot),False,
Atlanta,ATL,5471-2044-TOWNS-BL,5471-2044-TOWNS-2BL,"FIREPLACE - SEE LOCATION - 42"" GAS - MANTLE & BRICK (TWO STORY) SURROUND - INCLUDES RAISED HEARTH",1SO0300FIREPLAC0180,,"FIREPLACE - SEE LOCATION - 42"" GAS - MANTLE & BRICK (TWO STORY) SURROUND - INCLUDES RAISED HEARTH",4230-BRICK MATERIAL,30442300100,GENERIC,785.0000,EA,BRICK MATERIAL - P.O. Queen Brick by the Brick (520 per Cube; 5.5 per square foot),False,
Atlanta,ATL,5471-2044-TOWNS-BL,5471-2044-TOWNS-2BL,"FIREPLACE - SEE LOCATION - 42"" GAS - MANTLE & BRICK (TWO STORY) SURROUND - INCLUDES RAISED HEARTH",1SO0300FIREPLAC0180,,"FIREPLACE - SEE LOCATION - 42"" GAS - MANTLE & BRICK (TWO STORY) SURROUND - INCLUDES RAISED HEARTH",4230-BRICK MATERIAL,30442300340,GENERIC,1.0000,EA,BRICK MATERIAL - P.O. Lintel 3 X 3.5 X 48,False,
Atlanta,ATL,5471-2044-TOWNS-BL,5471-2044-TOWNS-2BL,"FIREPLACE - SEE LOCATION - 42"" GAS - MANTLE & BRICK (TWO STORY) SURROUND - INCLUDES RAISED HEARTH",1SO0300FIREPLAC0180,,"FIREPLACE - SEE LOCATION - 42"" GAS - MANTLE & BRICK (TWO STORY) SURROUND - INCLUDES RAISED HEARTH",3720-ELECTRICAL TRIM,30337200200,GENERIC,1.0000,EA,ELECTRICAL TRIM- P.O. Labor and Materials Electrical Item Installed - Duplex Outlet,False,
Atlanta,ATL,5471-2044-TOWNS-BL,5471-2044-TOWNS-2BL,"FIREPLACE - SEE LOCATION - 42"" GAS - MANTLE & BRICK (TWO STORY) SURROUND - INCLUDES RAISED HEARTH",1SO0300FIREPLAC0180,,"FIREPLACE - SEE LOCATION - 42"" GAS - MANTLE & BRICK (TWO STORY) SURROUND - INCLUDES RAISED HEARTH",3710-ELECTRIC ROUGH,30337100200,GENERIC,1.0000,EA,ELECTRICAL ROUGH- P.O. Labor and Materials Electrical Item Installed - Duplex Outlet,False,
Atlanta,ATL,5471-2044-TOWNS-BL,5471-2044-TOWNS-2BL,"FIREPLACE - SEE LOCATION - 42"" GAS - MANTLE & STONE (ONE STORY) SURROUND - INCLUDES RAISED HEARTH",1SO0300FIREPLAC0190,,"FIREPLACE - SEE LOCATION - 42"" GAS - MANTLE & STONE (ONE STORY) SURROUND - INCLUDES RAISED HEARTH",3740-STRCTRD WRNG RGH,30337400360,GENERIC,1.0000,EA,STRUCTRD WIRING ROUGH - P.O. Labor and Materials STRUCTRD WIRING ROUGH Item Installed - Flat Screen T.V. Prewire (Conduit; Cover; and HDMI Wire),False,
Atlanta,ATL,5471-2044-TOWNS-BL,5471-2044-TOWNS-2BL,"FIREPLACE - SEE LOCATION - 42"" GAS - MANTLE & STONE (ONE STORY) SURROUND - INCLUDES RAISED HEARTH",1SO0300FIREPLAC0190,,"FIREPLACE - SEE LOCATION - 42"" GAS - MANTLE & STONE (ONE STORY) SURROUND - INCLUDES RAISED HEARTH",4260-STONE LBR/TKY,30442600200,GENERIC,1.0000,EA,STONE LABOR OR TURNKEY - P.O. Stone Fireplace Surround with Hearth (One Story),False,
Atlanta,ATL,5471-2044-TOWNS-BL,5471-2044-TOWNS-2BL,"FIREPLACE - SEE LOCATION - 42"" GAS - MANTLE & STONE (ONE STORY) SURROUND - INCLUDES RAISED HEARTH",1SO0300FIREPLAC0190,,"FIREPLACE - SEE LOCATION - 42"" GAS - MANTLE & STONE (ONE STORY) SURROUND - INCLUDES RAISED HEARTH",4920-INT PAINT W/T,30449200380,GENERIC,1.0000,EA,INTERIOR PAINTING TURNKEY - P.O. Fireplace Mantel Staining Each,False,
Atlanta,ATL,5471-2044-TOWNS-BL,5471-2044-TOWNS-2BL,"FIREPLACE - SEE LOCATION - 42"" GAS - MANTLE & STONE (ONE STORY) SURROUND - INCLUDES RAISED HEARTH",1SO0300FIREPLAC0190,,"FIREPLACE - SEE LOCATION - 42"" GAS - MANTLE & STONE (ONE STORY) SURROUND - INCLUDES RAISED HEARTH",4920-INT PAINT W/T,30449200360,GENERIC,-1.0000,EA,INTERIOR PAINTING TURNKEY - P.O. Fireplace Mantel Painting Each,False,
Atlanta,ATL,5471-2044-TOWNS-BL,5471-2044-TOWNS-2BL,"FIREPLACE - SEE LOCATION - 42"" GAS - MANTLE & STONE (ONE STORY) SURROUND - INCLUDES RAISED HEARTH",1SO0300FIREPLAC0190,,"FIREPLACE - SEE LOCATION - 42"" GAS - MANTLE & STONE (ONE STORY) SURROUND - INCLUDES RAISED HEARTH",3750-STRCTRD WRNG TRM,30337500360,GENERIC,1.0000,EA,STRUCTRD WIRING TRIM - P.O. Labor and Materials STRUCTRD WIRING TRIM Item Installed - Flat Screen T.V. Prewire (Conduit; Cover; and HDMI Wire),False,
Atlanta,ATL,5471-2044-TOWNS-BL,5471-2044-TOWNS-2BL,"FIREPLACE - SEE LOCATION - 42"" GAS - MANTLE & STONE (ONE STORY) SURROUND - INCLUDES RAISED HEARTH",1SO0300FIREPLAC0190,,"FIREPLACE - SEE LOCATION - 42"" GAS - MANTLE & STONE (ONE STORY) SURROUND - INCLUDES RAISED HEARTH",5270-MANTLE SURRND,30552700120,GENERIC,1.0000,EA,MANTEL AND SURROUND - P.O. Labor and Materials to Install Brick or Stone Unfinshed Mantel,False,
Atlanta,ATL,5471-2044-TOWNS-BL,5471-2044-TOWNS-2BL,"FIREPLACE - SEE LOCATION - 42"" GAS - MANTLE & STONE (ONE STORY) SURROUND - INCLUDES RAISED HEARTH",1SO0300FIREPLAC0190,,"FIREPLACE - SEE LOCATION - 42"" GAS - MANTLE & STONE (ONE STORY) SURROUND - INCLUDES RAISED HEARTH",5270-MANTLE SURRND,30552700100,GENERIC,-1.0000,EA,MANTEL AND SURROUND - P.O. Labor and Materials to Install Granite Surround and Unfinshed Mantel,False,
Atlanta,ATL,5471-2044-TOWNS-BL,5471-2044-TOWNS-2BL,"FIREPLACE - SEE LOCATION - 42"" GAS - MANTLE & STONE (ONE STORY) SURROUND - INCLUDES RAISED HEARTH",1SO0300FIREPLAC0190,,"FIREPLACE - SEE LOCATION - 42"" GAS - MANTLE & STONE (ONE STORY) SURROUND - INCLUDES RAISED HEARTH",4250-STONE MAT'L,30442500280,GENERIC,2.0000,EA,STONE MATERIAL - P.O. Stone Outlet Box,False,
Atlanta,ATL,5471-2044-TOWNS-BL,5471-2044-TOWNS-2BL,"FIREPLACE - SEE LOCATION - 42"" GAS - MANTLE & STONE (ONE STORY) SURROUND - INCLUDES RAISED HEARTH",1SO0300FIREPLAC0190,,"FIREPLACE - SEE LOCATION - 42"" GAS - MANTLE & STONE (ONE STORY) SURROUND - INCLUDES RAISED HEARTH",4250-STONE MAT'L,30442500240,GENERIC,72.0000,EA,STONE MATERIAL - P.O. Felt Backed Metal Lathe by the Square Foot,False,
Atlanta,ATL,5471-2044-TOWNS-BL,5471-2044-TOWNS-2BL,"FIREPLACE - SEE LOCATION - 42"" GAS - MANTLE & STONE (ONE STORY) SURROUND - INCLUDES RAISED HEARTH",1SO0300FIREPLAC0190,,"FIREPLACE - SEE LOCATION - 42"" GAS - MANTLE & STONE (ONE STORY) SURROUND - INCLUDES RAISED HEARTH",4250-STONE MAT'L,30442500180,GENERIC,2.0000,EA,"STONE MATERIAL - P.O. 80 lb. bag of Type ""S"" Pre-Mix Masonry Mortar",False,
Atlanta,ATL,5471-2044-TOWNS-BL,5471-2044-TOWNS-2BL,"FIREPLACE - SEE LOCATION - 42"" GAS - MANTLE & STONE (ONE STORY) SURROUND - INCLUDES RAISED HEARTH",1SO0300FIREPLAC0190,,"FIREPLACE - SEE LOCATION - 42"" GAS - MANTLE & STONE (ONE STORY) SURROUND - INCLUDES RAISED HEARTH",4250-STONE MAT'L,30442500160,GENERIC,5.0000,EA,STONE MATERIAL - P.O. Cast Stone Hearth Stones 18 x 18,False,
Atlanta,ATL,5471-2044-TOWNS-BL,5471-2044-TOWNS-2BL,"FIREPLACE - SEE LOCATION - 42"" GAS - MANTLE & STONE (ONE STORY) SURROUND - INCLUDES RAISED HEARTH",1SO0300FIREPLAC0190,,"FIREPLACE - SEE LOCATION - 42"" GAS - MANTLE & STONE (ONE STORY) SURROUND - INCLUDES RAISED HEARTH",4250-STONE MAT'L,30442500260,GENERIC,12.0000,EA,STONE MATERIAL - P.O. 8x8x16 Block Regular,False,
Atlanta,ATL,5471-2044-TOWNS-BL,5471-2044-TOWNS-2BL,"FIREPLACE - SEE LOCATION - 42"" GAS - MANTLE & STONE (ONE STORY) SURROUND - INCLUDES RAISED HEARTH",1SO0300FIREPLAC0190,,"FIREPLACE - SEE LOCATION - 42"" GAS - MANTLE & STONE (ONE STORY) SURROUND - INCLUDES RAISED HEARTH",4250-STONE MAT'L,30442500100,GENERIC,60.0000,SF,STONE MATERIAL - P.O. Synthetic Stone Flats by the Square Foot,False,
Atlanta,ATL,5471-2044-TOWNS-BL,5471-2044-TOWNS-2BL,"FIREPLACE - SEE LOCATION - 42"" GAS - MANTLE & STONE (ONE STORY) SURROUND - INCLUDES RAISED HEARTH",1SO0300FIREPLAC0190,,"FIREPLACE - SEE LOCATION - 42"" GAS - MANTLE & STONE (ONE STORY) SURROUND - INCLUDES RAISED HEARTH",3720-ELECTRICAL TRIM,30337200200,GENERIC,1.0000,EA,ELECTRICAL TRIM- P.O. Labor and Materials Electrical Item Installed - Duplex Outlet,False,
Atlanta,ATL,5471-2044-TOWNS-BL,5471-2044-TOWNS-2BL,"FIREPLACE - SEE LOCATION - 42"" GAS - MANTLE & STONE (ONE STORY) SURROUND - INCLUDES RAISED HEARTH",1SO0300FIREPLAC0190,,"FIREPLACE - SEE LOCATION - 42"" GAS - MANTLE & STONE (ONE STORY) SURROUND - INCLUDES RAISED HEARTH",3710-ELECTRIC ROUGH,30337100200,GENERIC,1.0000,EA,ELECTRICAL ROUGH- P.O. Labor and Materials Electrical Item Installed - Duplex Outlet,False,
Atlanta,ATL,5471-2044-TOWNS-BL,5471-2044-TOWNS-2BL,"FIREPLACE - SEE LOCATION - 42"" GAS - MANTLE & STONE (TWO STORY) SURROUND - INCLUDES RAISED HEARTH",1SO0300FIREPLAC0200,,"FIREPLACE - SEE LOCATION - 42"" GAS - MANTLE & STONE (TWO STORY) SURROUND - INCLUDES RAISED HEARTH",3740-STRCTRD WRNG RGH,30337400360,GENERIC,1.0000,EA,STRUCTRD WIRING ROUGH - P.O. Labor and Materials STRUCTRD WIRING ROUGH Item Installed - Flat Screen T.V. Prewire (Conduit; Cover; and HDMI Wire),False,
Atlanta,ATL,5471-2044-TOWNS-BL,5471-2044-TOWNS-2BL,"FIREPLACE - SEE LOCATION - 42"" GAS - MANTLE & STONE (TWO STORY) SURROUND - INCLUDES RAISED HEARTH",1SO0300FIREPLAC0200,,"FIREPLACE - SEE LOCATION - 42"" GAS - MANTLE & STONE (TWO STORY) SURROUND - INCLUDES RAISED HEARTH",4920-INT PAINT W/T,30449200380,GENERIC,1.0000,EA,INTERIOR PAINTING TURNKEY - P.O. Fireplace Mantel Staining Each,False,
Atlanta,ATL,5471-2044-TOWNS-BL,5471-2044-TOWNS-2BL,"FIREPLACE - SEE LOCATION - 42"" GAS - MANTLE & STONE (TWO STORY) SURROUND - INCLUDES RAISED HEARTH",1SO0300FIREPLAC0200,,"FIREPLACE - SEE LOCATION - 42"" GAS - MANTLE & STONE (TWO STORY) SURROUND - INCLUDES RAISED HEARTH",4920-INT PAINT W/T,30449200360,GENERIC,-1.0000,EA,INTERIOR PAINTING TURNKEY - P.O. Fireplace Mantel Painting Each,False,
Atlanta,ATL,5471-2044-TOWNS-BL,5471-2044-TOWNS-2BL,"FIREPLACE - SEE LOCATION - 42"" GAS - MANTLE & STONE (TWO STORY) SURROUND - INCLUDES RAISED HEARTH",1SO0300FIREPLAC0200,,"FIREPLACE - SEE LOCATION - 42"" GAS - MANTLE & STONE (TWO STORY) SURROUND - INCLUDES RAISED HEARTH",4260-STONE LBR/TKY,30442600220,GENERIC,1.0000,EA,STONE LABOR OR TURNKEY - P.O. Stone Fireplace Surround with Hearth (Two Story),False,
Atlanta,ATL,5471-2044-TOWNS-BL,5471-2044-TOWNS-2BL,"FIREPLACE - SEE LOCATION - 42"" GAS - MANTLE & STONE (TWO STORY) SURROUND - INCLUDES RAISED HEARTH",1SO0300FIREPLAC0200,,"FIREPLACE - SEE LOCATION - 42"" GAS - MANTLE & STONE (TWO STORY) SURROUND - INCLUDES RAISED HEARTH",3750-STRCTRD WRNG TRM,30337500360,GENERIC,1.0000,EA,STRUCTRD WIRING TRIM - P.O. Labor and Materials STRUCTRD WIRING TRIM Item Installed - Flat Screen T.V. Prewire (Conduit; Cover; and HDMI Wire),False,
Atlanta,ATL,5471-2044-TOWNS-BL,5471-2044-TOWNS-2BL,"FIREPLACE - SEE LOCATION - 42"" GAS - MANTLE & STONE (TWO STORY) SURROUND - INCLUDES RAISED HEARTH",1SO0300FIREPLAC0200,,"FIREPLACE - SEE LOCATION - 42"" GAS - MANTLE & STONE (TWO STORY) SURROUND - INCLUDES RAISED HEARTH",5270-MANTLE SURRND,30552700120,GENERIC,1.0000,EA,MANTEL AND SURROUND - P.O. Labor and Materials to Install Brick or Stone Unfinshed Mantel,False,
Atlanta,ATL,5471-2044-TOWNS-BL,5471-2044-TOWNS-2BL,"FIREPLACE - SEE LOCATION - 42"" GAS - MANTLE & STONE (TWO STORY) SURROUND - INCLUDES RAISED HEARTH",1SO0300FIREPLAC0200,,"FIREPLACE - SEE LOCATION - 42"" GAS - MANTLE & STONE (TWO STORY) SURROUND - INCLUDES RAISED HEARTH",5270-MANTLE SURRND,30552700100,GENERIC,-1.0000,EA,MANTEL AND SURROUND - P.O. Labor and Materials to Install Granite Surround and Unfinshed Mantel,False,
Atlanta,ATL,5471-2044-TOWNS-BL,5471-2044-TOWNS-2BL,"FIREPLACE - SEE LOCATION - 42"" GAS - MANTLE & STONE (TWO STORY) SURROUND - INCLUDES RAISED HEARTH",1SO0300FIREPLAC0200,,"FIREPLACE - SEE LOCATION - 42"" GAS - MANTLE & STONE (TWO STORY) SURROUND - INCLUDES RAISED HEARTH",4250-STONE MAT'L,30442500280,GENERIC,2.0000,EA,STONE MATERIAL - P.O. Stone Outlet Box,False,
Atlanta,ATL,5471-2044-TOWNS-BL,5471-2044-TOWNS-2BL,"FIREPLACE - SEE LOCATION - 42"" GAS - MANTLE & STONE (TWO STORY) SURROUND - INCLUDES RAISED HEARTH",1SO0300FIREPLAC0200,,"FIREPLACE - SEE LOCATION - 42"" GAS - MANTLE & STONE (TWO STORY) SURROUND - INCLUDES RAISED HEARTH",4250-STONE MAT'L,30442500240,GENERIC,138.0000,EA,STONE MATERIAL - P.O. Felt Backed Metal Lathe by the Square Foot,False,
Atlanta,ATL,5471-2044-TOWNS-BL,5471-2044-TOWNS-2BL,"FIREPLACE - SEE LOCATION - 42"" GAS - MANTLE & STONE (TWO STORY) SURROUND - INCLUDES RAISED HEARTH",1SO0300FIREPLAC0200,,"FIREPLACE - SEE LOCATION - 42"" GAS - MANTLE & STONE (TWO STORY) SURROUND - INCLUDES RAISED HEARTH",4250-STONE MAT'L,30442500180,GENERIC,4.0000,EA,"STONE MATERIAL - P.O. 80 lb. bag of Type ""S"" Pre-Mix Masonry Mortar",False,
Atlanta,ATL,5471-2044-TOWNS-BL,5471-2044-TOWNS-2BL,"FIREPLACE - SEE LOCATION - 42"" GAS - MANTLE & STONE (TWO STORY) SURROUND - INCLUDES RAISED HEARTH",1SO0300FIREPLAC0200,,"FIREPLACE - SEE LOCATION - 42"" GAS - MANTLE & STONE (TWO STORY) SURROUND - INCLUDES RAISED HEARTH",4250-STONE MAT'L,30442500160,GENERIC,5.0000,EA,STONE MATERIAL - P.O. Cast Stone Hearth Stones 18 x 18,False,
Atlanta,ATL,5471-2044-TOWNS-BL,5471-2044-TOWNS-2BL,"FIREPLACE - SEE LOCATION - 42"" GAS - MANTLE & STONE (TWO STORY) SURROUND - INCLUDES RAISED HEARTH",1SO0300FIREPLAC0200,,"FIREPLACE - SEE LOCATION - 42"" GAS - MANTLE & STONE (TWO STORY) SURROUND - INCLUDES RAISED HEARTH",4250-STONE MAT'L,30442500260,GENERIC,12.0000,EA,STONE MATERIAL - P.O. 8x8x16 Block Regular,False,
Atlanta,ATL,5471-2044-TOWNS-BL,5471-2044-TOWNS-2BL,"FIREPLACE - SEE LOCATION - 42"" GAS - MANTLE & STONE (TWO STORY) SURROUND - INCLUDES RAISED HEARTH",1SO0300FIREPLAC0200,,"FIREPLACE - SEE LOCATION - 42"" GAS - MANTLE & STONE (TWO STORY) SURROUND - INCLUDES RAISED HEARTH",4250-STONE MAT'L,30442500100,GENERIC,126.0000,SF,STONE MATERIAL - P.O. Synthetic Stone Flats by the Square Foot,False,
Atlanta,ATL,5471-2044-TOWNS-BL,5471-2044-TOWNS-2BL,"FIREPLACE - SEE LOCATION - 42"" GAS - MANTLE & STONE (TWO STORY) SURROUND - INCLUDES RAISED HEARTH",1SO0300FIREPLAC0200,,"FIREPLACE - SEE LOCATION - 42"" GAS - MANTLE & STONE (TWO STORY) SURROUND - INCLUDES RAISED HEARTH",3720-ELECTRICAL TRIM,30337200200,GENERIC,1.0000,EA,ELECTRICAL TRIM- P.O. Labor and Materials Electrical Item Installed - Duplex Outlet,False,
Atlanta,ATL,5471-2044-TOWNS-BL,5471-2044-TOWNS-2BL,"FIREPLACE - SEE LOCATION - 42"" GAS - MANTLE & STONE (TWO STORY) SURROUND - INCLUDES RAISED HEARTH",1SO0300FIREPLAC0200,,"FIREPLACE - SEE LOCATION - 42"" GAS - MANTLE & STONE (TWO STORY) SURROUND - INCLUDES RAISED HEARTH",3710-ELECTRIC ROUGH,30337100200,GENERIC,1.0000,EA,ELECTRICAL ROUGH- P.O. Labor and Materials Electrical Item Installed - Duplex Outlet,False,
Atlanta,ATL,5471-2044-TOWNS-BL,5471-2044-TOWNS-2BL,"FIREPLACE - SEE LOCATION - 42"" WOOD (PER PLAN) - MANTLE & BRICK (ONE STORY) SURROUND - INCLUDES RAISED HEARTH",1SO0300FIREPLAC0210,,"FIREPLACE - SEE LOCATION - 42"" WOOD (PER PLAN) - MANTLE & BRICK (ONE STORY) SURROUND - INCLUDES RAISED HEARTH",3740-STRCTRD WRNG RGH,30337400360,GENERIC,1.0000,EA,STRUCTRD WIRING ROUGH - P.O. Labor and Materials STRUCTRD WIRING ROUGH Item Installed - Flat Screen T.V. Prewire (Conduit; Cover; and HDMI Wire),False,
Atlanta,ATL,5471-2044-TOWNS-BL,5471-2044-TOWNS-2BL,"FIREPLACE - SEE LOCATION - 42"" WOOD (PER PLAN) - MANTLE & BRICK (ONE STORY) SURROUND - INCLUDES RAISED HEARTH",1SO0300FIREPLAC0210,,"FIREPLACE - SEE LOCATION - 42"" WOOD (PER PLAN) - MANTLE & BRICK (ONE STORY) SURROUND - INCLUDES RAISED HEARTH",4250-STONE MAT'L,30442500260,GENERIC,12.0000,EA,STONE MATERIAL - P.O. 8x8x16 Block Regular,False,
Atlanta,ATL,5471-2044-TOWNS-BL,5471-2044-TOWNS-2BL,"FIREPLACE - SEE LOCATION - 42"" WOOD (PER PLAN) - MANTLE & BRICK (ONE STORY) SURROUND - INCLUDES RAISED HEARTH",1SO0300FIREPLAC0210,,"FIREPLACE - SEE LOCATION - 42"" WOOD (PER PLAN) - MANTLE & BRICK (ONE STORY) SURROUND - INCLUDES RAISED HEARTH",4920-INT PAINT W/T,30449200380,GENERIC,1.0000,EA,INTERIOR PAINTING TURNKEY - P.O. Fireplace Mantel Staining Each,False,
Atlanta,ATL,5471-2044-TOWNS-BL,5471-2044-TOWNS-2BL,"FIREPLACE - SEE LOCATION - 42"" WOOD (PER PLAN) - MANTLE & BRICK (ONE STORY) SURROUND - INCLUDES RAISED HEARTH",1SO0300FIREPLAC0210,,"FIREPLACE - SEE LOCATION - 42"" WOOD (PER PLAN) - MANTLE & BRICK (ONE STORY) SURROUND - INCLUDES RAISED HEARTH",4920-INT PAINT W/T,30449200360,GENERIC,-1.0000,EA,INTERIOR PAINTING TURNKEY - P.O. Fireplace Mantel Painting Each,False,
Atlanta,ATL,5471-2044-TOWNS-BL,5471-2044-TOWNS-2BL,"FIREPLACE - SEE LOCATION - 42"" WOOD (PER PLAN) - MANTLE & BRICK (ONE STORY) SURROUND - INCLUDES RAISED HEARTH",1SO0300FIREPLAC0210,,"FIREPLACE - SEE LOCATION - 42"" WOOD (PER PLAN) - MANTLE & BRICK (ONE STORY) SURROUND - INCLUDES RAISED HEARTH",4240-BRICK LBR/TKY,30442400200,GENERIC,1.0000,EA,BRICK LABOR OR TURNKEY - P.O. Brick Fireplace Surround with Hearth (One Story),False,
Atlanta,ATL,5471-2044-TOWNS-BL,5471-2044-TOWNS-2BL,"FIREPLACE - SEE LOCATION - 42"" WOOD (PER PLAN) - MANTLE & BRICK (ONE STORY) SURROUND - INCLUDES RAISED HEARTH",1SO0300FIREPLAC0210,,"FIREPLACE - SEE LOCATION - 42"" WOOD (PER PLAN) - MANTLE & BRICK (ONE STORY) SURROUND - INCLUDES RAISED HEARTH",3750-STRCTRD WRNG TRM,30337500360,GENERIC,1.0000,EA,STRUCTRD WIRING TRIM - P.O. Labor and Materials STRUCTRD WIRING TRIM Item Installed - Flat Screen T.V. Prewire (Conduit; Cover; and HDMI Wire),False,
Atlanta,ATL,5471-2044-TOWNS-BL,5471-2044-TOWNS-2BL,"FIREPLACE - SEE LOCATION - 42"" WOOD (PER PLAN) - MANTLE & BRICK (ONE STORY) SURROUND - INCLUDES RAISED HEARTH",1SO0300FIREPLAC0210,,"FIREPLACE - SEE LOCATION - 42"" WOOD (PER PLAN) - MANTLE & BRICK (ONE STORY) SURROUND - INCLUDES RAISED HEARTH",5270-MANTLE SURRND,30552700120,GENERIC,1.0000,EA,MANTEL AND SURROUND - P.O. Labor and Materials to Install Brick or Stone Unfinshed Mantel,False,
Atlanta,ATL,5471-2044-TOWNS-BL,5471-2044-TOWNS-2BL,"FIREPLACE - SEE LOCATION - 42"" WOOD (PER PLAN) - MANTLE & BRICK (ONE STORY) SURROUND - INCLUDES RAISED HEARTH",1SO0300FIREPLAC0210,,"FIREPLACE - SEE LOCATION - 42"" WOOD (PER PLAN) - MANTLE & BRICK (ONE STORY) SURROUND - INCLUDES RAISED HEARTH",5270-MANTLE SURRND,30552700100,GENERIC,-1.0000,EA,MANTEL AND SURROUND - P.O. Labor and Materials to Install Granite Surround and Unfinshed Mantel,False,
Atlanta,ATL,5471-2044-TOWNS-BL,5471-2044-TOWNS-2BL,"FIREPLACE - SEE LOCATION - 42"" WOOD (PER PLAN) - MANTLE & BRICK (ONE STORY) SURROUND - INCLUDES RAISED HEARTH",1SO0300FIREPLAC0210,,"FIREPLACE - SEE LOCATION - 42"" WOOD (PER PLAN) - MANTLE & BRICK (ONE STORY) SURROUND - INCLUDES RAISED HEARTH",4230-BRICK MATERIAL,30442300160,GENERIC,13.0000,BAG,BRICK MATERIAL - P.O. Mortar Type N - Ivorie (1 bag per 33 Square Foot),False,
Atlanta,ATL,5471-2044-TOWNS-BL,5471-2044-TOWNS-2BL,"FIREPLACE - SEE LOCATION - 42"" WOOD (PER PLAN) - MANTLE & BRICK (ONE STORY) SURROUND - INCLUDES RAISED HEARTH",1SO0300FIREPLAC0210,,"FIREPLACE - SEE LOCATION - 42"" WOOD (PER PLAN) - MANTLE & BRICK (ONE STORY) SURROUND - INCLUDES RAISED HEARTH",4230-BRICK MATERIAL,30442300100,GENERIC,420.0000,EA,BRICK MATERIAL - P.O. Queen Brick by the Brick (520 per Cube; 5.5 per square foot),False,
Atlanta,ATL,5471-2044-TOWNS-BL,5471-2044-TOWNS-2BL,"FIREPLACE - SEE LOCATION - 42"" WOOD (PER PLAN) - MANTLE & BRICK (ONE STORY) SURROUND - INCLUDES RAISED HEARTH",1SO0300FIREPLAC0210,,"FIREPLACE - SEE LOCATION - 42"" WOOD (PER PLAN) - MANTLE & BRICK (ONE STORY) SURROUND - INCLUDES RAISED HEARTH",4230-BRICK MATERIAL,30442300340,GENERIC,1.0000,EA,BRICK MATERIAL - P.O. Lintel 3 X 3.5 X 48,False,
Atlanta,ATL,5471-2044-TOWNS-BL,5471-2044-TOWNS-2BL,"FIREPLACE - SEE LOCATION - 42"" WOOD (PER PLAN) - MANTLE & BRICK (ONE STORY) SURROUND - INCLUDES RAISED HEARTH",1SO0300FIREPLAC0210,,"FIREPLACE - SEE LOCATION - 42"" WOOD (PER PLAN) - MANTLE & BRICK (ONE STORY) SURROUND - INCLUDES RAISED HEARTH",3720-ELECTRICAL TRIM,30337200200,GENERIC,1.0000,EA,ELECTRICAL TRIM- P.O. Labor and Materials Electrical Item Installed - Duplex Outlet,False,
Atlanta,ATL,5471-2044-TOWNS-BL,5471-2044-TOWNS-2BL,"FIREPLACE - SEE LOCATION - 42"" WOOD (PER PLAN) - MANTLE & BRICK (ONE STORY) SURROUND - INCLUDES RAISED HEARTH",1SO0300FIREPLAC0210,,"FIREPLACE - SEE LOCATION - 42"" WOOD (PER PLAN) - MANTLE & BRICK (ONE STORY) SURROUND - INCLUDES RAISED HEARTH",3710-ELECTRIC ROUGH,30337100200,GENERIC,1.0000,EA,ELECTRICAL ROUGH- P.O. Labor and Materials Electrical Item Installed - Duplex Outlet,False,
Atlanta,ATL,5471-2044-TOWNS-BL,5471-2044-TOWNS-2BL,"FIREPLACE - SEE LOCATION - 42"" WOOD (PER PLAN) - MANTLE & BRICK (TWO STORY) SURROUND - INCLUDES RAISED HEARTH",1SO0300FIREPLAC0220,,"FIREPLACE - SEE LOCATION - 42"" WOOD (PER PLAN) - MANTLE & BRICK (TWO STORY) SURROUND - INCLUDES RAISED HEARTH",3740-STRCTRD WRNG RGH,30337400360,GENERIC,1.0000,EA,STRUCTRD WIRING ROUGH - P.O. Labor and Materials STRUCTRD WIRING ROUGH Item Installed - Flat Screen T.V. Prewire (Conduit; Cover; and HDMI Wire),False,
Atlanta,ATL,5471-2044-TOWNS-BL,5471-2044-TOWNS-2BL,"FIREPLACE - SEE LOCATION - 42"" WOOD (PER PLAN) - MANTLE & BRICK (TWO STORY) SURROUND - INCLUDES RAISED HEARTH",1SO0300FIREPLAC0220,,"FIREPLACE - SEE LOCATION - 42"" WOOD (PER PLAN) - MANTLE & BRICK (TWO STORY) SURROUND - INCLUDES RAISED HEARTH",4240-BRICK LBR/TKY,30442400220,GENERIC,1.0000,EA,BRICK LABOR OR TURNKEY - P.O. Brick Fireplace Surround with Hearth (Two Story),False,
Atlanta,ATL,5471-2044-TOWNS-BL,5471-2044-TOWNS-2BL,"FIREPLACE - SEE LOCATION - 42"" WOOD (PER PLAN) - MANTLE & BRICK (TWO STORY) SURROUND - INCLUDES RAISED HEARTH",1SO0300FIREPLAC0220,,"FIREPLACE - SEE LOCATION - 42"" WOOD (PER PLAN) - MANTLE & BRICK (TWO STORY) SURROUND - INCLUDES RAISED HEARTH",4250-STONE MAT'L,30442500260,GENERIC,12.0000,EA,STONE MATERIAL - P.O. 8x8x16 Block Regular,False,
Atlanta,ATL,5471-2044-TOWNS-BL,5471-2044-TOWNS-2BL,"FIREPLACE - SEE LOCATION - 42"" WOOD (PER PLAN) - MANTLE & BRICK (TWO STORY) SURROUND - INCLUDES RAISED HEARTH",1SO0300FIREPLAC0220,,"FIREPLACE - SEE LOCATION - 42"" WOOD (PER PLAN) - MANTLE & BRICK (TWO STORY) SURROUND - INCLUDES RAISED HEARTH",4920-INT PAINT W/T,30449200380,GENERIC,1.0000,EA,INTERIOR PAINTING TURNKEY - P.O. Fireplace Mantel Staining Each,False,
Atlanta,ATL,5471-2044-TOWNS-BL,5471-2044-TOWNS-2BL,"FIREPLACE - SEE LOCATION - 42"" WOOD (PER PLAN) - MANTLE & BRICK (TWO STORY) SURROUND - INCLUDES RAISED HEARTH",1SO0300FIREPLAC0220,,"FIREPLACE - SEE LOCATION - 42"" WOOD (PER PLAN) - MANTLE & BRICK (TWO STORY) SURROUND - INCLUDES RAISED HEARTH",4920-INT PAINT W/T,30449200360,GENERIC,-1.0000,EA,INTERIOR PAINTING TURNKEY - P.O. Fireplace Mantel Painting Each,False,
Atlanta,ATL,5471-2044-TOWNS-BL,5471-2044-TOWNS-2BL,"FIREPLACE - SEE LOCATION - 42"" WOOD (PER PLAN) - MANTLE & BRICK (TWO STORY) SURROUND - INCLUDES RAISED HEARTH",1SO0300FIREPLAC0220,,"FIREPLACE - SEE LOCATION - 42"" WOOD (PER PLAN) - MANTLE & BRICK (TWO STORY) SURROUND - INCLUDES RAISED HEARTH",3750-STRCTRD WRNG TRM,30337500360,GENERIC,1.0000,EA,STRUCTRD WIRING TRIM - P.O. Labor and Materials STRUCTRD WIRING TRIM Item Installed - Flat Screen T.V. Prewire (Conduit; Cover; and HDMI Wire),False,
Atlanta,ATL,5471-2044-TOWNS-BL,5471-2044-TOWNS-2BL,"FIREPLACE - SEE LOCATION - 42"" WOOD (PER PLAN) - MANTLE & BRICK (TWO STORY) SURROUND - INCLUDES RAISED HEARTH",1SO0300FIREPLAC0220,,"FIREPLACE - SEE LOCATION - 42"" WOOD (PER PLAN) - MANTLE & BRICK (TWO STORY) SURROUND - INCLUDES RAISED HEARTH",5270-MANTLE SURRND,30552700120,GENERIC,1.0000,EA,MANTEL AND SURROUND - P.O. Labor and Materials to Install Brick or Stone Unfinshed Mantel,False,
Atlanta,ATL,5471-2044-TOWNS-BL,5471-2044-TOWNS-2BL,"FIREPLACE - SEE LOCATION - 42"" WOOD (PER PLAN) - MANTLE & BRICK (TWO STORY) SURROUND - INCLUDES RAISED HEARTH",1SO0300FIREPLAC0220,,"FIREPLACE - SEE LOCATION - 42"" WOOD (PER PLAN) - MANTLE & BRICK (TWO STORY) SURROUND - INCLUDES RAISED HEARTH",5270-MANTLE SURRND,30552700100,GENERIC,-1.0000,EA,MANTEL AND SURROUND - P.O. Labor and Materials to Install Granite Surround and Unfinshed Mantel,False,
Atlanta,ATL,5471-2044-TOWNS-BL,5471-2044-TOWNS-2BL,"FIREPLACE - SEE LOCATION - 42"" WOOD (PER PLAN) - MANTLE & BRICK (TWO STORY) SURROUND - INCLUDES RAISED HEARTH",1SO0300FIREPLAC0220,,"FIREPLACE - SEE LOCATION - 42"" WOOD (PER PLAN) - MANTLE & BRICK (TWO STORY) SURROUND - INCLUDES RAISED HEARTH",4230-BRICK MATERIAL,30442300160,GENERIC,24.0000,BAG,BRICK MATERIAL - P.O. Mortar Type N - Ivorie (1 bag per 33 Square Foot),False,
Atlanta,ATL,5471-2044-TOWNS-BL,5471-2044-TOWNS-2BL,"FIREPLACE - SEE LOCATION - 42"" WOOD (PER PLAN) - MANTLE & BRICK (TWO STORY) SURROUND - INCLUDES RAISED HEARTH",1SO0300FIREPLAC0220,,"FIREPLACE - SEE LOCATION - 42"" WOOD (PER PLAN) - MANTLE & BRICK (TWO STORY) SURROUND - INCLUDES RAISED HEARTH",4230-BRICK MATERIAL,30442300100,GENERIC,785.0000,EA,BRICK MATERIAL - P.O. Queen Brick by the Brick (520 per Cube; 5.5 per square foot),False,
Atlanta,ATL,5471-2044-TOWNS-BL,5471-2044-TOWNS-2BL,"FIREPLACE - SEE LOCATION - 42"" WOOD (PER PLAN) - MANTLE & BRICK (TWO STORY) SURROUND - INCLUDES RAISED HEARTH",1SO0300FIREPLAC0220,,"FIREPLACE - SEE LOCATION - 42"" WOOD (PER PLAN) - MANTLE & BRICK (TWO STORY) SURROUND - INCLUDES RAISED HEARTH",4230-BRICK MATERIAL,30442300340,GENERIC,1.0000,EA,BRICK MATERIAL - P.O. Lintel 3 X 3.5 X 48,False,
Atlanta,ATL,5471-2044-TOWNS-BL,5471-2044-TOWNS-2BL,"FIREPLACE - SEE LOCATION - 42"" WOOD (PER PLAN) - MANTLE & BRICK (TWO STORY) SURROUND - INCLUDES RAISED HEARTH",1SO0300FIREPLAC0220,,"FIREPLACE - SEE LOCATION - 42"" WOOD (PER PLAN) - MANTLE & BRICK (TWO STORY) SURROUND - INCLUDES RAISED HEARTH",3720-ELECTRICAL TRIM,30337200200,GENERIC,1.0000,EA,ELECTRICAL TRIM- P.O. Labor and Materials Electrical Item Installed - Duplex Outlet,False,
Atlanta,ATL,5471-2044-TOWNS-BL,5471-2044-TOWNS-2BL,"FIREPLACE - SEE LOCATION - 42"" WOOD (PER PLAN) - MANTLE & BRICK (TWO STORY) SURROUND - INCLUDES RAISED HEARTH",1SO0300FIREPLAC0220,,"FIREPLACE - SEE LOCATION - 42"" WOOD (PER PLAN) - MANTLE & BRICK (TWO STORY) SURROUND - INCLUDES RAISED HEARTH",3710-ELECTRIC ROUGH,30337100200,GENERIC,1.0000,EA,ELECTRICAL ROUGH- P.O. Labor and Materials Electrical Item Installed - Duplex Outlet,False,
Atlanta,ATL,5471-2044-TOWNS-BL,5471-2044-TOWNS-2BL,"FIREPLACE - SEE LOCATION - 42"" WOOD (PER PLAN) - MANTLE & STONE (ONE STORY) SURROUND - INCLUDES RAISED HEARTH",1SO0300FIREPLAC0230,,"FIREPLACE - SEE LOCATION - 42"" WOOD (PER PLAN) - MANTLE & STONE (ONE STORY) SURROUND - INCLUDES RAISED HEARTH",3740-STRCTRD WRNG RGH,30337400360,GENERIC,1.0000,EA,STRUCTRD WIRING ROUGH - P.O. Labor and Materials STRUCTRD WIRING ROUGH Item Installed - Flat Screen T.V. Prewire (Conduit; Cover; and HDMI Wire),False,
Atlanta,ATL,5471-2044-TOWNS-BL,5471-2044-TOWNS-2BL,"FIREPLACE - SEE LOCATION - 42"" WOOD (PER PLAN) - MANTLE & STONE (ONE STORY) SURROUND - INCLUDES RAISED HEARTH",1SO0300FIREPLAC0230,,"FIREPLACE - SEE LOCATION - 42"" WOOD (PER PLAN) - MANTLE & STONE (ONE STORY) SURROUND - INCLUDES RAISED HEARTH",4260-STONE LBR/TKY,30442600200,GENERIC,1.0000,EA,STONE LABOR OR TURNKEY - P.O. Stone Fireplace Surround with Hearth (One Story),False,
Atlanta,ATL,5471-2044-TOWNS-BL,5471-2044-TOWNS-2BL,"FIREPLACE - SEE LOCATION - 42"" WOOD (PER PLAN) - MANTLE & STONE (ONE STORY) SURROUND - INCLUDES RAISED HEARTH",1SO0300FIREPLAC0230,,"FIREPLACE - SEE LOCATION - 42"" WOOD (PER PLAN) - MANTLE & STONE (ONE STORY) SURROUND - INCLUDES RAISED HEARTH",4920-INT PAINT W/T,30449200380,GENERIC,1.0000,EA,INTERIOR PAINTING TURNKEY - P.O. Fireplace Mantel Staining Each,False,
Atlanta,ATL,5471-2044-TOWNS-BL,5471-2044-TOWNS-2BL,"FIREPLACE - SEE LOCATION - 42"" WOOD (PER PLAN) - MANTLE & STONE (ONE STORY) SURROUND - INCLUDES RAISED HEARTH",1SO0300FIREPLAC0230,,"FIREPLACE - SEE LOCATION - 42"" WOOD (PER PLAN) - MANTLE & STONE (ONE STORY) SURROUND - INCLUDES RAISED HEARTH",4920-INT PAINT W/T,30449200360,GENERIC,-1.0000,EA,INTERIOR PAINTING TURNKEY - P.O. Fireplace Mantel Painting Each,False,
Atlanta,ATL,5471-2044-TOWNS-BL,5471-2044-TOWNS-2BL,"FIREPLACE - SEE LOCATION - 42"" WOOD (PER PLAN) - MANTLE & STONE (ONE STORY) SURROUND - INCLUDES RAISED HEARTH",1SO0300FIREPLAC0230,,"FIREPLACE - SEE LOCATION - 42"" WOOD (PER PLAN) - MANTLE & STONE (ONE STORY) SURROUND - INCLUDES RAISED HEARTH",3750-STRCTRD WRNG TRM,30337500360,GENERIC,1.0000,EA,STRUCTRD WIRING TRIM - P.O. Labor and Materials STRUCTRD WIRING TRIM Item Installed - Flat Screen T.V. Prewire (Conduit; Cover; and HDMI Wire),False,
Atlanta,ATL,5471-2044-TOWNS-BL,5471-2044-TOWNS-2BL,"FIREPLACE - SEE LOCATION - 42"" WOOD (PER PLAN) - MANTLE & STONE (ONE STORY) SURROUND - INCLUDES RAISED HEARTH",1SO0300FIREPLAC0230,,"FIREPLACE - SEE LOCATION - 42"" WOOD (PER PLAN) - MANTLE & STONE (ONE STORY) SURROUND - INCLUDES RAISED HEARTH",5270-MANTLE SURRND,30552700120,GENERIC,1.0000,EA,MANTEL AND SURROUND - P.O. Labor and Materials to Install Brick or Stone Unfinshed Mantel,False,
Atlanta,ATL,5471-2044-TOWNS-BL,5471-2044-TOWNS-2BL,"FIREPLACE - SEE LOCATION - 42"" WOOD (PER PLAN) - MANTLE & STONE (ONE STORY) SURROUND - INCLUDES RAISED HEARTH",1SO0300FIREPLAC0230,,"FIREPLACE - SEE LOCATION - 42"" WOOD (PER PLAN) - MANTLE & STONE (ONE STORY) SURROUND - INCLUDES RAISED HEARTH",5270-MANTLE SURRND,30552700100,GENERIC,-1.0000,EA,MANTEL AND SURROUND - P.O. Labor and Materials to Install Granite Surround and Unfinshed Mantel,False,
Atlanta,ATL,5471-2044-TOWNS-BL,5471-2044-TOWNS-2BL,"FIREPLACE - SEE LOCATION - 42"" WOOD (PER PLAN) - MANTLE & STONE (ONE STORY) SURROUND - INCLUDES RAISED HEARTH",1SO0300FIREPLAC0230,,"FIREPLACE - SEE LOCATION - 42"" WOOD (PER PLAN) - MANTLE & STONE (ONE STORY) SURROUND - INCLUDES RAISED HEARTH",4250-STONE MAT'L,30442500280,GENERIC,2.0000,EA,STONE MATERIAL - P.O. Stone Outlet Box,False,
Atlanta,ATL,5471-2044-TOWNS-BL,5471-2044-TOWNS-2BL,"FIREPLACE - SEE LOCATION - 42"" WOOD (PER PLAN) - MANTLE & STONE (ONE STORY) SURROUND - INCLUDES RAISED HEARTH",1SO0300FIREPLAC0230,,"FIREPLACE - SEE LOCATION - 42"" WOOD (PER PLAN) - MANTLE & STONE (ONE STORY) SURROUND - INCLUDES RAISED HEARTH",4250-STONE MAT'L,30442500240,GENERIC,72.0000,EA,STONE MATERIAL - P.O. Felt Backed Metal Lathe by the Square Foot,False,
Atlanta,ATL,5471-2044-TOWNS-BL,5471-2044-TOWNS-2BL,"FIREPLACE - SEE LOCATION - 42"" WOOD (PER PLAN) - MANTLE & STONE (ONE STORY) SURROUND - INCLUDES RAISED HEARTH",1SO0300FIREPLAC0230,,"FIREPLACE - SEE LOCATION - 42"" WOOD (PER PLAN) - MANTLE & STONE (ONE STORY) SURROUND - INCLUDES RAISED HEARTH",4250-STONE MAT'L,30442500180,GENERIC,2.0000,EA,"STONE MATERIAL - P.O. 80 lb. bag of Type ""S"" Pre-Mix Masonry Mortar",False,
Atlanta,ATL,5471-2044-TOWNS-BL,5471-2044-TOWNS-2BL,"FIREPLACE - SEE LOCATION - 42"" WOOD (PER PLAN) - MANTLE & STONE (ONE STORY) SURROUND - INCLUDES RAISED HEARTH",1SO0300FIREPLAC0230,,"FIREPLACE - SEE LOCATION - 42"" WOOD (PER PLAN) - MANTLE & STONE (ONE STORY) SURROUND - INCLUDES RAISED HEARTH",4250-STONE MAT'L,30442500160,GENERIC,5.0000,EA,STONE MATERIAL - P.O. Cast Stone Hearth Stones 18 x 18,False,
Atlanta,ATL,5471-2044-TOWNS-BL,5471-2044-TOWNS-2BL,"FIREPLACE - SEE LOCATION - 42"" WOOD (PER PLAN) - MANTLE & STONE (ONE STORY) SURROUND - INCLUDES RAISED HEARTH",1SO0300FIREPLAC0230,,"FIREPLACE - SEE LOCATION - 42"" WOOD (PER PLAN) - MANTLE & STONE (ONE STORY) SURROUND - INCLUDES RAISED HEARTH",4250-STONE MAT'L,30442500260,GENERIC,12.0000,EA,STONE MATERIAL - P.O. 8x8x16 Block Regular,False,
Atlanta,ATL,5471-2044-TOWNS-BL,5471-2044-TOWNS-2BL,"FIREPLACE - SEE LOCATION - 42"" WOOD (PER PLAN) - MANTLE & STONE (ONE STORY) SURROUND - INCLUDES RAISED HEARTH",1SO0300FIREPLAC0230,,"FIREPLACE - SEE LOCATION - 42"" WOOD (PER PLAN) - MANTLE & STONE (ONE STORY) SURROUND - INCLUDES RAISED HEARTH",4250-STONE MAT'L,30442500100,GENERIC,60.0000,SF,STONE MATERIAL - P.O. Synthetic Stone Flats by the Square Foot,False,
Atlanta,ATL,5471-2044-TOWNS-BL,5471-2044-TOWNS-2BL,"FIREPLACE - SEE LOCATION - 42"" WOOD (PER PLAN) - MANTLE & STONE (ONE STORY) SURROUND - INCLUDES RAISED HEARTH",1SO0300FIREPLAC0230,,"FIREPLACE - SEE LOCATION - 42"" WOOD (PER PLAN) - MANTLE & STONE (ONE STORY) SURROUND - INCLUDES RAISED HEARTH",3720-ELECTRICAL TRIM,30337200200,GENERIC,1.0000,EA,ELECTRICAL TRIM- P.O. Labor and Materials Electrical Item Installed - Duplex Outlet,False,
Atlanta,ATL,5471-2044-TOWNS-BL,5471-2044-TOWNS-2BL,"FIREPLACE - SEE LOCATION - 42"" WOOD (PER PLAN) - MANTLE & STONE (ONE STORY) SURROUND - INCLUDES RAISED HEARTH",1SO0300FIREPLAC0230,,"FIREPLACE - SEE LOCATION - 42"" WOOD (PER PLAN) - MANTLE & STONE (ONE STORY) SURROUND - INCLUDES RAISED HEARTH",3710-ELECTRIC ROUGH,30337100200,GENERIC,1.0000,EA,ELECTRICAL ROUGH- P.O. Labor and Materials Electrical Item Installed - Duplex Outlet,False,
Atlanta,ATL,5471-2044-TOWNS-BL,5471-2044-TOWNS-2BL,"FIREPLACE - SEE LOCATION - 42"" WOOD (PER PLAN) - MANTLE & STONE (TWO STORY) SURROUND - INCLUDES RAISED HEARTH",1SO0300FIREPLAC0240,,"FIREPLACE - SEE LOCATION - 42"" WOOD (PER PLAN) - MANTLE & STONE (TWO STORY) SURROUND - INCLUDES RAISED HEARTH",3740-STRCTRD WRNG RGH,30337400360,GENERIC,1.0000,EA,STRUCTRD WIRING ROUGH - P.O. Labor and Materials STRUCTRD WIRING ROUGH Item Installed - Flat Screen T.V. Prewire (Conduit; Cover; and HDMI Wire),False,
Atlanta,ATL,5471-2044-TOWNS-BL,5471-2044-TOWNS-2BL,"FIREPLACE - SEE LOCATION - 42"" WOOD (PER PLAN) - MANTLE & STONE (TWO STORY) SURROUND - INCLUDES RAISED HEARTH",1SO0300FIREPLAC0240,,"FIREPLACE - SEE LOCATION - 42"" WOOD (PER PLAN) - MANTLE & STONE (TWO STORY) SURROUND - INCLUDES RAISED HEARTH",4920-INT PAINT W/T,30449200380,GENERIC,1.0000,EA,INTERIOR PAINTING TURNKEY - P.O. Fireplace Mantel Staining Each,False,
Atlanta,ATL,5471-2044-TOWNS-BL,5471-2044-TOWNS-2BL,"FIREPLACE - SEE LOCATION - 42"" WOOD (PER PLAN) - MANTLE & STONE (TWO STORY) SURROUND - INCLUDES RAISED HEARTH",1SO0300FIREPLAC0240,,"FIREPLACE - SEE LOCATION - 42"" WOOD (PER PLAN) - MANTLE & STONE (TWO STORY) SURROUND - INCLUDES RAISED HEARTH",4920-INT PAINT W/T,30449200360,GENERIC,-1.0000,EA,INTERIOR PAINTING TURNKEY - P.O. Fireplace Mantel Painting Each,False,
Atlanta,ATL,5471-2044-TOWNS-BL,5471-2044-TOWNS-2BL,"FIREPLACE - SEE LOCATION - 42"" WOOD (PER PLAN) - MANTLE & STONE (TWO STORY) SURROUND - INCLUDES RAISED HEARTH",1SO0300FIREPLAC0240,,"FIREPLACE - SEE LOCATION - 42"" WOOD (PER PLAN) - MANTLE & STONE (TWO STORY) SURROUND - INCLUDES RAISED HEARTH",4260-STONE LBR/TKY,30442600220,GENERIC,1.0000,EA,STONE LABOR OR TURNKEY - P.O. Stone Fireplace Surround with Hearth (Two Story),False,
Atlanta,ATL,5471-2044-TOWNS-BL,5471-2044-TOWNS-2BL,"FIREPLACE - SEE LOCATION - 42"" WOOD (PER PLAN) - MANTLE & STONE (TWO STORY) SURROUND - INCLUDES RAISED HEARTH",1SO0300FIREPLAC0240,,"FIREPLACE - SEE LOCATION - 42"" WOOD (PER PLAN) - MANTLE & STONE (TWO STORY) SURROUND - INCLUDES RAISED HEARTH",3750-STRCTRD WRNG TRM,30337500360,GENERIC,1.0000,EA,STRUCTRD WIRING TRIM - P.O. Labor and Materials STRUCTRD WIRING TRIM Item Installed - Flat Screen T.V. Prewire (Conduit; Cover; and HDMI Wire),False,
Atlanta,ATL,5471-2044-TOWNS-BL,5471-2044-TOWNS-2BL,"FIREPLACE - SEE LOCATION - 42"" WOOD (PER PLAN) - MANTLE & STONE (TWO STORY) SURROUND - INCLUDES RAISED HEARTH",1SO0300FIREPLAC0240,,"FIREPLACE - SEE LOCATION - 42"" WOOD (PER PLAN) - MANTLE & STONE (TWO STORY) SURROUND - INCLUDES RAISED HEARTH",5270-MANTLE SURRND,30552700120,GENERIC,1.0000,EA,MANTEL AND SURROUND - P.O. Labor and Materials to Install Brick or Stone Unfinshed Mantel,False,
Atlanta,ATL,5471-2044-TOWNS-BL,5471-2044-TOWNS-2BL,"FIREPLACE - SEE LOCATION - 42"" WOOD (PER PLAN) - MANTLE & STONE (TWO STORY) SURROUND - INCLUDES RAISED HEARTH",1SO0300FIREPLAC0240,,"FIREPLACE - SEE LOCATION - 42"" WOOD (PER PLAN) - MANTLE & STONE (TWO STORY) SURROUND - INCLUDES RAISED HEARTH",5270-MANTLE SURRND,30552700100,GENERIC,-1.0000,EA,MANTEL AND SURROUND - P.O. Labor and Materials to Install Granite Surround and Unfinshed Mantel,False,
Atlanta,ATL,5471-2044-TOWNS-BL,5471-2044-TOWNS-2BL,"FIREPLACE - SEE LOCATION - 42"" WOOD (PER PLAN) - MANTLE & STONE (TWO STORY) SURROUND - INCLUDES RAISED HEARTH",1SO0300FIREPLAC0240,,"FIREPLACE - SEE LOCATION - 42"" WOOD (PER PLAN) - MANTLE & STONE (TWO STORY) SURROUND - INCLUDES RAISED HEARTH",4250-STONE MAT'L,30442500280,GENERIC,2.0000,EA,STONE MATERIAL - P.O. Stone Outlet Box,False,
Atlanta,ATL,5471-2044-TOWNS-BL,5471-2044-TOWNS-2BL,"FIREPLACE - SEE LOCATION - 42"" WOOD (PER PLAN) - MANTLE & STONE (TWO STORY) SURROUND - INCLUDES RAISED HEARTH",1SO0300FIREPLAC0240,,"FIREPLACE - SEE LOCATION - 42"" WOOD (PER PLAN) - MANTLE & STONE (TWO STORY) SURROUND - INCLUDES RAISED HEARTH",4250-STONE MAT'L,30442500240,GENERIC,138.0000,EA,STONE MATERIAL - P.O. Felt Backed Metal Lathe by the Square Foot,False,
Atlanta,ATL,5471-2044-TOWNS-BL,5471-2044-TOWNS-2BL,"FIREPLACE - SEE LOCATION - 42"" WOOD (PER PLAN) - MANTLE & STONE (TWO STORY) SURROUND - INCLUDES RAISED HEARTH",1SO0300FIREPLAC0240,,"FIREPLACE - SEE LOCATION - 42"" WOOD (PER PLAN) - MANTLE & STONE (TWO STORY) SURROUND - INCLUDES RAISED HEARTH",4250-STONE MAT'L,30442500180,GENERIC,4.0000,EA,"STONE MATERIAL - P.O. 80 lb. bag of Type ""S"" Pre-Mix Masonry Mortar",False,
Atlanta,ATL,5471-2044-TOWNS-BL,5471-2044-TOWNS-2BL,"FIREPLACE - SEE LOCATION - 42"" WOOD (PER PLAN) - MANTLE & STONE (TWO STORY) SURROUND - INCLUDES RAISED HEARTH",1SO0300FIREPLAC0240,,"FIREPLACE - SEE LOCATION - 42"" WOOD (PER PLAN) - MANTLE & STONE (TWO STORY) SURROUND - INCLUDES RAISED HEARTH",4250-STONE MAT'L,30442500160,GENERIC,5.0000,EA,STONE MATERIAL - P.O. Cast Stone Hearth Stones 18 x 18,False,
Atlanta,ATL,5471-2044-TOWNS-BL,5471-2044-TOWNS-2BL,"FIREPLACE - SEE LOCATION - 42"" WOOD (PER PLAN) - MANTLE & STONE (TWO STORY) SURROUND - INCLUDES RAISED HEARTH",1SO0300FIREPLAC0240,,"FIREPLACE - SEE LOCATION - 42"" WOOD (PER PLAN) - MANTLE & STONE (TWO STORY) SURROUND - INCLUDES RAISED HEARTH",4250-STONE MAT'L,30442500260,GENERIC,12.0000,EA,STONE MATERIAL - P.O. 8x8x16 Block Regular,False,
Atlanta,ATL,5471-2044-TOWNS-BL,5471-2044-TOWNS-2BL,"FIREPLACE - SEE LOCATION - 42"" WOOD (PER PLAN) - MANTLE & STONE (TWO STORY) SURROUND - INCLUDES RAISED HEARTH",1SO0300FIREPLAC0240,,"FIREPLACE - SEE LOCATION - 42"" WOOD (PER PLAN) - MANTLE & STONE (TWO STORY) SURROUND - INCLUDES RAISED HEARTH",4250-STONE MAT'L,30442500100,GENERIC,126.0000,SF,STONE MATERIAL - P.O. Synthetic Stone Flats by the Square Foot,False,
Atlanta,ATL,5471-2044-TOWNS-BL,5471-2044-TOWNS-2BL,"FIREPLACE - SEE LOCATION - 42"" WOOD (PER PLAN) - MANTLE & STONE (TWO STORY) SURROUND - INCLUDES RAISED HEARTH",1SO0300FIREPLAC0240,,"FIREPLACE - SEE LOCATION - 42"" WOOD (PER PLAN) - MANTLE & STONE (TWO STORY) SURROUND - INCLUDES RAISED HEARTH",3720-ELECTRICAL TRIM,30337200200,GENERIC,1.0000,EA,ELECTRICAL TRIM- P.O. Labor and Materials Electrical Item Installed - Duplex Outlet,False,
Atlanta,ATL,5471-2044-TOWNS-BL,5471-2044-TOWNS-2BL,"FIREPLACE - SEE LOCATION - 42"" WOOD (PER PLAN) - MANTLE & STONE (TWO STORY) SURROUND - INCLUDES RAISED HEARTH",1SO0300FIREPLAC0240,,"FIREPLACE - SEE LOCATION - 42"" WOOD (PER PLAN) - MANTLE & STONE (TWO STORY) SURROUND - INCLUDES RAISED HEARTH",3710-ELECTRIC ROUGH,30337100200,GENERIC,1.0000,EA,ELECTRICAL ROUGH- P.O. Labor and Materials Electrical Item Installed - Duplex Outlet,False,
Atlanta,ATL,5471-2044-TOWNS-BL,5471-2044-TOWNS-2BL,GAR_2CAR_SIDE-A1,1SO0300GARAGE--0100,,EXTERIOR - GARAGE - SIDE ENTRY GARAGE - ELEVATION A-TRADITIONAL - SERIES 1,1221-DRIVEWAY PAD&GRAVL,30112210120,GENERIC,-1.0000,EA,DRIVEWAY PAD AND GRAVEL -  P.O. Materials Driveway Pad Gravel 20'x20',False,
Atlanta,ATL,5471-2044-TOWNS-BL,5471-2044-TOWNS-2BL,GAR_2CAR_SIDE-A1,1SO0300GARAGE--0100,,EXTERIOR - GARAGE - SIDE ENTRY GARAGE - ELEVATION A-TRADITIONAL - SERIES 1,1221-DRIVEWAY PAD&GRAVL,30112210140,GENERIC,1.0000,EA,DRIVEWAY PAD AND GRAVEL -  P.O. Materials Driveway Pad Gravel 20'x30',False,
Atlanta,ATL,5471-2044-TOWNS-BL,5471-2044-TOWNS-2BL,GAR_2CAR_SIDE-A2,1SO0300GARAGE--0110,,EXTERIOR - GARAGE - SIDE ENTRY GARAGE - ELEVATION A-TRADITIONAL - SERIES 2,1221-DRIVEWAY PAD&GRAVL,30112210120,GENERIC,-1.0000,EA,DRIVEWAY PAD AND GRAVEL -  P.O. Materials Driveway Pad Gravel 20'x20',False,
Atlanta,ATL,5471-2044-TOWNS-BL,5471-2044-TOWNS-2BL,GAR_2CAR_SIDE-A2,1SO0300GARAGE--0110,,EXTERIOR - GARAGE - SIDE ENTRY GARAGE - ELEVATION A-TRADITIONAL - SERIES 2,1221-DRIVEWAY PAD&GRAVL,30112210140,GENERIC,1.0000,EA,DRIVEWAY PAD AND GRAVEL -  P.O. Materials Driveway Pad Gravel 20'x30',False,
Atlanta,ATL,5471-2044-TOWNS-BL,5471-2044-TOWNS-2BL,GAR_2CAR_SIDE-A3,1SO0300GARAGE--0120,,EXTERIOR - GARAGE - SIDE ENTRY GARAGE - ELEVATION A-TRADITIONAL - SERIES 3,1221-DRIVEWAY PAD&GRAVL,30112210120,GENERIC,-1.0000,EA,DRIVEWAY PAD AND GRAVEL -  P.O. Materials Driveway Pad Gravel 20'x20',False,
Atlanta,ATL,5471-2044-TOWNS-BL,5471-2044-TOWNS-2BL,GAR_2CAR_SIDE-A3,1SO0300GARAGE--0120,,EXTERIOR - GARAGE - SIDE ENTRY GARAGE - ELEVATION A-TRADITIONAL - SERIES 3,1221-DRIVEWAY PAD&GRAVL,30112210140,GENERIC,1.0000,EA,DRIVEWAY PAD AND GRAVEL -  P.O. Materials Driveway Pad Gravel 20'x30',False,
Atlanta,ATL,5471-2044-TOWNS-BL,5471-2044-TOWNS-2BL,GAR_2CAR_SIDE-B1,1SO0300GARAGE--0130,,EXTERIOR - GARAGE - SIDE ENTRY GARAGE - ELEVATION B-COTTAGE - SERIES 1,1221-DRIVEWAY PAD&GRAVL,30112210120,GENERIC,-1.0000,EA,DRIVEWAY PAD AND GRAVEL -  P.O. Materials Driveway Pad Gravel 20'x20',False,
Atlanta,ATL,5471-2044-TOWNS-BL,5471-2044-TOWNS-2BL,GAR_2CAR_SIDE-B1,1SO0300GARAGE--0130,,EXTERIOR - GARAGE - SIDE ENTRY GARAGE - ELEVATION B-COTTAGE - SERIES 1,1221-DRIVEWAY PAD&GRAVL,30112210140,GENERIC,1.0000,EA,DRIVEWAY PAD AND GRAVEL -  P.O. Materials Driveway Pad Gravel 20'x30',False,
Atlanta,ATL,5471-2044-TOWNS-BL,5471-2044-TOWNS-2BL,GAR_2CAR_SIDE-B2,1SO0300GARAGE--0140,,EXTERIOR - GARAGE - SIDE ENTRY GARAGE - ELEVATION B-COTTAGE - SERIES 2,1221-DRIVEWAY PAD&GRAVL,30112210120,GENERIC,-1.0000,EA,DRIVEWAY PAD AND GRAVEL -  P.O. Materials Driveway Pad Gravel 20'x20',False,
Atlanta,ATL,5471-2044-TOWNS-BL,5471-2044-TOWNS-2BL,GAR_2CAR_SIDE-B2,1SO0300GARAGE--0140,,EXTERIOR - GARAGE - SIDE ENTRY GARAGE - ELEVATION B-COTTAGE - SERIES 2,1221-DRIVEWAY PAD&GRAVL,30112210140,GENERIC,1.0000,EA,DRIVEWAY PAD AND GRAVEL -  P.O. Materials Driveway Pad Gravel 20'x30',False,
Atlanta,ATL,5471-2044-TOWNS-BL,5471-2044-TOWNS-2BL,GAR_2CAR_SIDE-B3,1SO0300GARAGE--0150,,EXTERIOR - GARAGE - SIDE ENTRY GARAGE - ELEVATION B-COTTAGE - SERIES 3,1221-DRIVEWAY PAD&GRAVL,30112210120,GENERIC,-1.0000,EA,DRIVEWAY PAD AND GRAVEL -  P.O. Materials Driveway Pad Gravel 20'x20',False,
Atlanta,ATL,5471-2044-TOWNS-BL,5471-2044-TOWNS-2BL,GAR_2CAR_SIDE-B3,1SO0300GARAGE--0150,,EXTERIOR - GARAGE - SIDE ENTRY GARAGE - ELEVATION B-COTTAGE - SERIES 3,1221-DRIVEWAY PAD&GRAVL,30112210140,GENERIC,1.0000,EA,DRIVEWAY PAD AND GRAVEL -  P.O. Materials Driveway Pad Gravel 20'x30',False,
Atlanta,ATL,5471-2044-TOWNS-BL,5471-2044-TOWNS-2BL,GAR_2CAR_SIDE-C1,1SO0300GARAGE--0160,,EXTERIOR - GARAGE - SIDE ENTRY GARAGE - ELEVATION C-FRENCH - SERIES 1,1221-DRIVEWAY PAD&GRAVL,30112210120,GENERIC,-1.0000,EA,DRIVEWAY PAD AND GRAVEL -  P.O. Materials Driveway Pad Gravel 20'x20',False,
Atlanta,ATL,5471-2044-TOWNS-BL,5471-2044-TOWNS-2BL,GAR_2CAR_SIDE-C1,1SO0300GARAGE--0160,,EXTERIOR - GARAGE - SIDE ENTRY GARAGE - ELEVATION C-FRENCH - SERIES 1,1221-DRIVEWAY PAD&GRAVL,30112210140,GENERIC,1.0000,EA,DRIVEWAY PAD AND GRAVEL -  P.O. Materials Driveway Pad Gravel 20'x30',False,
Atlanta,ATL,5471-2044-TOWNS-BL,5471-2044-TOWNS-2BL,GAR_2CAR_SIDE-C2,1SO0300GARAGE--0170,,EXTERIOR - GARAGE - SIDE ENTRY GARAGE - ELEVATION C-FRENCH - SERIES 2,1221-DRIVEWAY PAD&GRAVL,30112210120,GENERIC,-1.0000,EA,DRIVEWAY PAD AND GRAVEL -  P.O. Materials Driveway Pad Gravel 20'x20',False,
Atlanta,ATL,5471-2044-TOWNS-BL,5471-2044-TOWNS-2BL,GAR_2CAR_SIDE-C2,1SO0300GARAGE--0170,,EXTERIOR - GARAGE - SIDE ENTRY GARAGE - ELEVATION C-FRENCH - SERIES 2,1221-DRIVEWAY PAD&GRAVL,30112210140,GENERIC,1.0000,EA,DRIVEWAY PAD AND GRAVEL -  P.O. Materials Driveway Pad Gravel 20'x30',False,
Atlanta,ATL,5471-2044-TOWNS-BL,5471-2044-TOWNS-2BL,GAR_2CAR_SIDE-C3,1SO0300GARAGE--0180,,EXTERIOR - GARAGE - SIDE ENTRY GARAGE - ELEVATION C-FRENCH - SERIES 3,1221-DRIVEWAY PAD&GRAVL,30112210120,GENERIC,-1.0000,EA,DRIVEWAY PAD AND GRAVEL -  P.O. Materials Driveway Pad Gravel 20'x20',False,
Atlanta,ATL,5471-2044-TOWNS-BL,5471-2044-TOWNS-2BL,GAR_2CAR_SIDE-C3,1SO0300GARAGE--0180,,EXTERIOR - GARAGE - SIDE ENTRY GARAGE - ELEVATION C-FRENCH - SERIES 3,1221-DRIVEWAY PAD&GRAVL,30112210140,GENERIC,1.0000,EA,DRIVEWAY PAD AND GRAVEL -  P.O. Materials Driveway Pad Gravel 20'x30',False,
Atlanta,ATL,5471-2044-TOWNS-BL,5471-2044-TOWNS-2BL,GAR_3CAR_SIDE1,1SO0300GARAGE--0190,,EXTERIOR - GARAGE - THIRD CAR GARAGE - ELEVATION A-TRADITIONAL - SERIES 1,1221-DRIVEWAY PAD&GRAVL,30112210120,GENERIC,-1.0000,EA,DRIVEWAY PAD AND GRAVEL -  P.O. Materials Driveway Pad Gravel 20'x20',False,
Atlanta,ATL,5471-2044-TOWNS-BL,5471-2044-TOWNS-2BL,GAR_3CAR_SIDE1,1SO0300GARAGE--0190,,EXTERIOR - GARAGE - THIRD CAR GARAGE - ELEVATION A-TRADITIONAL - SERIES 1,1221-DRIVEWAY PAD&GRAVL,30112210140,GENERIC,1.0000,EA,DRIVEWAY PAD AND GRAVEL -  P.O. Materials Driveway Pad Gravel 20'x30',False,
Atlanta,ATL,5471-2044-TOWNS-BL,5471-2044-TOWNS-2BL,INTERIOR STAIRS - BASE HOME STAIRS (1ST TO 2ND FLOOR) - OAK TREADS ILO CARPET,1SO0300INTSTAIR0100,BASE,INTERIOR STAIRS - BASE HOME STAIRS (1ST TO 2ND FLOOR) - OAK TREADS ILO CARPET,3260-PREBUILT STAIRS,30332630130,GENERIC,2.0000,EA,PREBUILT STAIRS - P.O. Pre-Built Stairs Oak Treads; Painted Riser - Send as Construction Treads with Oak Treads Loose (two deliveries) To 2nd Floor (9,False,
Atlanta,ATL,5471-2044-TOWNS-BL,5471-2044-TOWNS-2BL,INTERIOR STAIRS - BASE HOME STAIRS (1ST TO 2ND FLOOR) - OAK TREADS ILO CARPET,1SO0300INTSTAIR0100,BASE,INTERIOR STAIRS - BASE HOME STAIRS (1ST TO 2ND FLOOR) - OAK TREADS ILO CARPET,3260-PREBUILT STAIRS,30332630110,GENERIC,-2.0000,EA,PREBUILT STAIRS - P.O. Pre-Built Stairs Carpet Treads To 2nd Floor (9' 1st Floor),False,
Atlanta,ATL,5471-2044-TOWNS-BL,5471-2044-TOWNS-2BL,LNDY_CAB,2DC0603CABINETS0830,,"CABINETS - AX-LAUNDRY - LEVEL A-STANDARD - 42"" WALL CABINETS",1.1-Key Measures Master-1st Floor,CA_LNDY_W,GENERIC,6.0000,LF,Cabinet; Laundry Wall,False,
Atlanta,ATL,5471-2044-TOWNS-BL,5471-2044-TOWNS-2BL,LNDY_CAB,2DC0603CABINETS0830,,"CABINETS - AX-LAUNDRY - LEVEL A-STANDARD - 42"" WALL CABINETS",1.1-Key Measures Master-1st Floor,RM_PR_FA_CR,GENERIC,-3.0000,LF,Family Room Chair Rail,False,
Atlanta,ATL,5471-2044-TOWNS-BL,5471-2044-TOWNS-2BL,OPT_BRM_4,Plan0380,,Optional Bedroom #4,1.1-Key Measures Master-1st Floor,RM_PR_BD4_CR,GENERIC,38.0000,LF,Bedroom #4 Chair Rail,False,
Atlanta,ATL,5471-2044-TOWNS-BL,5471-2044-TOWNS-2BL,OPT_BRM_4,Plan0380,,Optional Bedroom #4,1.1-Key Measures Master-1st Floor,RM_PR_BD4_CM,GENERIC,52.0000,LF,Bedroom #4 Crown Mould,False,
Atlanta,ATL,5471-2044-TOWNS-BL,5471-2044-TOWNS-2BL,OPT_BRM_4,Plan0380,,Optional Bedroom #4,1.1-Key Measures Master-1st Floor,RM_PR_BD4_BB,GENERIC,66.0000,LF,Bedroom #4 Base Board,False,
Atlanta,ATL,5471-2044-TOWNS-BL,5471-2044-TOWNS-2BL,OPT_BRM_4,Plan0380,,Optional Bedroom #4,1.1-Key Measures Master-1st Floor,RM_BD4,GENERIC,199.0000,SF,Bedroom #4,False,
Atlanta,ATL,5471-2044-TOWNS-BL,5471-2044-TOWNS-2BL,OPT_BRM_4,Plan0380,,Optional Bedroom #4,1.1-Key Measures Master-1st Floor,RM_PR_ST_CR,GENERIC,-35.0000,LF,Study Chair Rail,False,
Atlanta,ATL,5471-2044-TOWNS-BL,5471-2044-TOWNS-2BL,OPT_BRM_4,Plan0380,,Optional Bedroom #4,1.1-Key Measures Master-1st Floor,RM_PR_ST_CM,GENERIC,-52.0000,LF,Study Crown Mould,False,
Atlanta,ATL,5471-2044-TOWNS-BL,5471-2044-TOWNS-2BL,OPT_BRM_4,Plan0380,,Optional Bedroom #4,1.1-Key Measures Master-1st Floor,RM_PR_HA1_CR,GENERIC,-3.0000,LF,Hall #1 Chair Rail,False,
Atlanta,ATL,5471-2044-TOWNS-BL,5471-2044-TOWNS-2BL,OPT_BRM_4,Plan0380,,Optional Bedroom #4,1.1-Key Measures Master-1st Floor,RM_PR_FY2_CR,GENERIC,6.0000,LF,Foyer 2 Sory Chair Rail,False,
Atlanta,ATL,5471-2044-TOWNS-BL,5471-2044-TOWNS-2BL,OPT_BRM_4,Plan0380,,Optional Bedroom #4,1.1-Key Measures Master-1st Floor,RM_PR_FA_CR,GENERIC,1.0000,LF,Family Room Chair Rail,False,
Atlanta,ATL,5471-2044-TOWNS-BL,5471-2044-TOWNS-2BL,OPT_BRM_4,Plan0380,,Optional Bedroom #4,1.1-Key Measures Master-1st Floor,RM_PR_FA_CM,GENERIC,-4.0000,LF,Family Room Crown Mould,False,
Atlanta,ATL,5471-2044-TOWNS-BL,5471-2044-TOWNS-2BL,OPT_BRM_4,Plan0380,,Optional Bedroom #4,5010-DRYWALL MAT'L,30550100200,GENERIC,1.0000,BOX,DRYWALL MATERIAL - P.O. Joint Compound,False,
Atlanta,ATL,5471-2044-TOWNS-BL,5471-2044-TOWNS-2BL,OPT_BRM_4,Plan0380,,Optional Bedroom #4,5010-DRYWALL MAT'L,30550100220,GENERIC,6.0000,BOX,DRYWALL MATERIAL - P.O. Joint Tape (250 lf),False,
Atlanta,ATL,5471-2044-TOWNS-BL,5471-2044-TOWNS-2BL,OPT_BRM_4,Plan0380,,Optional Bedroom #4,5010-DRYWALL MAT'L,30550100240,GENERIC,1.0000,BOX,"DRYWALL MATERIAL - P.O. 1 1/4"" Drywall Nails (1 lb box)",False,
Atlanta,ATL,5471-2044-TOWNS-BL,5471-2044-TOWNS-2BL,OPT_BRM_4,Plan0380,,Optional Bedroom #4,5010-DRYWALL MAT'L,30550100260,GENERIC,1.0000,EA,"DRYWALL MATERIAL - P.O. 1 1/4"" Drywall Screws (1 lb box)",False,
Atlanta,ATL,5471-2044-TOWNS-BL,5471-2044-TOWNS-2BL,OPT_BRM_4,Plan0380,,Optional Bedroom #4,5010-DRYWALL MAT'L,30550100110,GENERIC,1.0000,EA,"DRYWALL MATERIAL - P.O. 54""x12'x1/2"" Wall Board",False,
Atlanta,ATL,5471-2044-TOWNS-BL,5471-2044-TOWNS-2BL,OPT_BRM_4,Plan0380,,Optional Bedroom #4,3750-STRCTRD WRNG TRM,30337500140,GENERIC,1.0000,EA,STRUCTRD WIRING TRIM - P.O. Labor and Materials STRUCTRD WIRING TRIM Item Installed - RG 6 Cable Outlet,False,
Atlanta,ATL,5471-2044-TOWNS-BL,5471-2044-TOWNS-2BL,OPT_BRM_4,Plan0380,,Optional Bedroom #4,3750-STRCTRD WRNG TRM,30337500120,GENERIC,1.0000,EA,STRUCTRD WIRING TRIM - P.O. Labor and Materials STRUCTRD WIRING TRIM Item Installed - CAT 5 Phone Outlet,False,
Atlanta,ATL,5471-2044-TOWNS-BL,5471-2044-TOWNS-2BL,OPT_BRM_4,Plan0380,,Optional Bedroom #4,3740-STRCTRD WRNG RGH,30337400140,GENERIC,1.0000,EA,STRUCTRD WIRING ROUGH - P.O. Labor and Materials STRUCTRD WIRING ROUGH Item Installed - RG 6 Cable Outlet,False,
Atlanta,ATL,5471-2044-TOWNS-BL,5471-2044-TOWNS-2BL,OPT_BRM_4,Plan0380,,Optional Bedroom #4,3740-STRCTRD WRNG RGH,30337400120,GENERIC,1.0000,EA,STRUCTRD WIRING ROUGH - P.O. Labor and Materials STRUCTRD WIRING ROUGH Item Installed - CAT 5 Phone Outlet,False,
Atlanta,ATL,5471-2044-TOWNS-BL,5471-2044-TOWNS-2BL,OPT_BRM_4,Plan0380,,Optional Bedroom #4,3720-ELECTRICAL TRIM,30337200140,GENERIC,1.0000,EA,ELECTRICAL TRIM- P.O. Labor and Materials Electrical Item Installed - Reinforced Ceiling Fan Outlet,False,
Atlanta,ATL,5471-2044-TOWNS-BL,5471-2044-TOWNS-2BL,OPT_BRM_4,Plan0380,,Optional Bedroom #4,3720-ELECTRICAL TRIM,30337200120,GENERIC,-1.0000,EA,ELECTRICAL TRIM- P.O. Labor and Materials Electrical Item Installed - Ceiling Outlet,False,
Atlanta,ATL,5471-2044-TOWNS-BL,5471-2044-TOWNS-2BL,OPT_BRM_4,Plan0380,,Optional Bedroom #4,3720-ELECTRICAL TRIM,30337200480,GENERIC,1.0000,EA,ELECTRICAL TRIM- P.O. Labor and Materials Electrical Item Installed - Smoke Detector,False,
Atlanta,ATL,5471-2044-TOWNS-BL,5471-2044-TOWNS-2BL,OPT_BRM_4,Plan0380,,Optional Bedroom #4,3720-ELECTRICAL TRIM,30337200340,GENERIC,1.0000,EA,ELECTRICAL TRIM- P.O. Labor and Materials Electrical Item Installed - Single Pole Switch,False,
Atlanta,ATL,5471-2044-TOWNS-BL,5471-2044-TOWNS-2BL,OPT_BRM_4,Plan0380,,Optional Bedroom #4,3710-ELECTRIC ROUGH,30337100140,GENERIC,1.0000,EA,ELECTRICAL ROUGH- P.O. Labor and Materials Electrical Item Installed - Reinforced Ceiling Fan Outlet,False,
Atlanta,ATL,5471-2044-TOWNS-BL,5471-2044-TOWNS-2BL,OPT_BRM_4,Plan0380,,Optional Bedroom #4,3710-ELECTRIC ROUGH,30337100120,GENERIC,-1.0000,EA,ELECTRICAL ROUGH- P.O. Labor and Materials Electrical Item Installed - Ceiling Outlet,False,
Atlanta,ATL,5471-2044-TOWNS-BL,5471-2044-TOWNS-2BL,OPT_BRM_4,Plan0380,,Optional Bedroom #4,3710-ELECTRIC ROUGH,30337100480,GENERIC,1.0000,EA,ELECTRICAL ROUGH- P.O. Labor and Materials Electrical Item Installed - Smoke Detector,False,
Atlanta,ATL,5471-2044-TOWNS-BL,5471-2044-TOWNS-2BL,OPT_BRM_4,Plan0380,,Optional Bedroom #4,3710-ELECTRIC ROUGH,30337100340,GENERIC,1.0000,EA,ELECTRICAL ROUGH- P.O. Labor and Materials Electrical Item Installed - Single Pole Switch,False,
Atlanta,ATL,5471-2044-TOWNS-BL,5471-2044-TOWNS-2BL,OPT_BRM_4,Plan0380,,Optional Bedroom #4,5281-DR HDWR LBR/TKY,30552810140,GENERIC,-1.0000,EA,DOOR HARDWARE LABOR OR TURNKEY - P.O. Level Standard Dummy Doorknobs,False,
Atlanta,ATL,5471-2044-TOWNS-BL,5471-2044-TOWNS-2BL,OPT_BRM_4,Plan0380,,Optional Bedroom #4,5281-DR HDWR LBR/TKY,30552810100,GENERIC,1.0000,EA,DOOR HARDWARE LABOR OR TURNKEY - P.O. Level Standard Passage Doorknobs,False,
Atlanta,ATL,5471-2044-TOWNS-BL,5471-2044-TOWNS-2BL,OPT_BRM_4,Plan0380,,Optional Bedroom #4,5281-DR HDWR LBR/TKY,30552810320,GENERIC,1.0000,EA,DOOR HARDWARE LABOR OR TURNKEY - P.O. BP9 Spring Door Bump,False,
Atlanta,ATL,5471-2044-TOWNS-BL,5471-2044-TOWNS-2BL,OPT_BRM_4,Plan0380,,Optional Bedroom #4,5281-DR HDWR LBR/TKY,30552810340,GENERIC,-2.0000,EA,DOOR HARDWARE LABOR OR TURNKEY - P.O. #41 Hinge Door Bump,False,
Atlanta,ATL,5471-2044-TOWNS-BL,5471-2044-TOWNS-2BL,OPT_BRM_4,Plan0380,,Optional Bedroom #4,3760-LIGHT FIXTURES,30337600160,GENERIC,1.0000,EA,LIGHT FIXTURES - P.O. Level Standard Foyer Hanging,False,
Atlanta,ATL,5471-2044-TOWNS-BL,5471-2044-TOWNS-2BL,OPT_BRM_4,Plan0380,,Optional Bedroom #4,3760-LIGHT FIXTURES,30337600200,GENERIC,-1.0000,EA,LIGHT FIXTURES - P.O. Level Standard Hallway; Office; Bedroom,False,
Atlanta,ATL,5471-2044-TOWNS-BL,5471-2044-TOWNS-2BL,OPT_BRM_4,Plan0380,,Optional Bedroom #4,3760-LIGHT FIXTURES,30337600096,GENERIC,1.0000,EA,LIGHT FIXTURES - P.O. Smoke Detector,False,
Atlanta,ATL,5471-2044-TOWNS-BL,5471-2044-TOWNS-2BL,OPT_BRM_4,Plan0380,,Optional Bedroom #4,5160-HARDWOOD LBR/TK,30551600100,GENERIC,-1.0000,SF,HARDWOOD LABOR OR TURNKEY - P.O. Labor and Materials to Install Level Standard Hardwood Flooring on Concrete by the Square Foot,False,
Atlanta,ATL,5471-2044-TOWNS-BL,5471-2044-TOWNS-2BL,OPT_BRM_4,Plan0380,,Optional Bedroom #4,5261-SHOE LBR/TKY,30552610100,GENERIC,6.0000,LF,SHOE MOULD LABOR OR TURNKEY - P.O. Labor and Fasteners to Install Shoe Moulding by the Lineal Foot,False,
Atlanta,ATL,5471-2044-TOWNS-BL,5471-2044-TOWNS-2BL,OPT_BRM_4,Plan0380,,Optional Bedroom #4,5210-TRIM MATERIAL,30552101570,GENERIC,-3.0000,EA,"TRIM MATERIAL - P.O. 610-5MDF 5 1/4"" x 16' Speed Base",False,
Atlanta,ATL,5471-2044-TOWNS-BL,5471-2044-TOWNS-2BL,OPT_BRM_4,Plan0380,,Optional Bedroom #4,5210-TRIM MATERIAL,30552102280,GENERIC,1.0000,LF,TRIM MATERIAL - P.O. Primed Shoe Mld,False,
Atlanta,ATL,5471-2044-TOWNS-BL,5471-2044-TOWNS-2BL,OPT_BRM_4,Plan0380,,Optional Bedroom #4,5210-TRIM MATERIAL,30552100380,GENERIC,-1.0000,EA,TRIM MATERIAL - P.O. 5/4 DH Level Standard Level Standard Casing,False,
Atlanta,ATL,5471-2044-TOWNS-BL,5471-2044-TOWNS-2BL,OPT_BRM_4,Plan0380,,Optional Bedroom #4,5210-TRIM MATERIAL,30552100220,GENERIC,1.0000,EA,TRIM MATERIAL - P.O. 2/6 Level Standard Level Standard Casing,False,
Atlanta,ATL,5471-2044-TOWNS-BL,5471-2044-TOWNS-2BL,OPT_BRM_4,Plan0380,,Optional Bedroom #4,5180-CARPET LBR/TK,30551800100,GENERIC,-23.0000,SY,CARPET LABOR OR TURNKEY - P.O. Labor and Materials to Install Level Standard Carpet and Level Standard Pad by the Square Yard,False,
Atlanta,ATL,5471-2044-TOWNS-BL,5471-2044-TOWNS-2BL,OPT_BRM_4,Plan0380,,Optional Bedroom #4,3820-HVAC TRIM,30338200100,GENERIC,-2.0000,EA,HVAC TRIM - P.O. Labor and Materials (Excluding Equipment and Gas Lines) HVAC System - per Room,False,
Atlanta,ATL,5471-2044-TOWNS-BL,5471-2044-TOWNS-2BL,OPT_BRM_4,Plan0380,,Optional Bedroom #4,3810-HVAC ROUGH,30338100100,GENERIC,-2.0000,EA,HVAC ROUGH - P.O. Labor and Materials (Excluding Equipment and Gas Lines) HVAC System - per Room,False,
Atlanta,ATL,5471-2044-TOWNS-BL,5471-2044-TOWNS-2BL,PATIO - EXTERIOR REAR - GAME DAY,1SO0300PATIO---0130,,PATIO - EXTERIOR REAR - GAME DAY,4250-STONE MAT'L,30442500260,GENERIC,10.0000,EA,STONE MATERIAL - P.O. 8x8x16 Block Regular,False,
Atlanta,ATL,5471-2044-TOWNS-BL,5471-2044-TOWNS-2BL,PATIO - EXTERIOR REAR - GAME DAY - EXTENDED,1SO0300PATIO---0140,,PATIO - EXTERIOR REAR - GAME DAY - EXTENDED,4250-STONE MAT'L,30442500260,GENERIC,10.0000,EA,STONE MATERIAL - P.O. 8x8x16 Block Regular,False,
Atlanta,ATL,5471-2044-TOWNS-BL,5471-2044-TOWNS-2BL,PATIO_DOOR,1SO0503EXTDOORS0100,,EXTERIOR DOORS - EXTERIOR REAR - MULTIPANEL SLIDING GLASS WALL 12080 THREE PANEL SLIDER - ILO REAR DOOR AND WINDOW,5261-SHOE LBR/TKY,30552610100,GENERIC,-4.0000,LF,SHOE MOULD LABOR OR TURNKEY - P.O. Labor and Fasteners to Install Shoe Moulding by the Lineal Foot,False,
Atlanta,ATL,5471-2044-TOWNS-BL,5471-2044-TOWNS-2BL,PATIO_DOOR,1SO0503EXTDOORS0100,,EXTERIOR DOORS - EXTERIOR REAR - MULTIPANEL SLIDING GLASS WALL 12080 THREE PANEL SLIDER - ILO REAR DOOR AND WINDOW,5210-TRIM MATERIAL,30552101580,GENERIC,-12.0000,LF,"TRIM MATERIAL - P.O. 5-1/4"" FJ Stool",False,
Atlanta,ATL,5471-2044-TOWNS-BL,5471-2044-TOWNS-2BL,PATIO_DOOR,1SO0503EXTDOORS0100,,EXTERIOR DOORS - EXTERIOR REAR - MULTIPANEL SLIDING GLASS WALL 12080 THREE PANEL SLIDER - ILO REAR DOOR AND WINDOW,5210-TRIM MATERIAL,30552102280,GENERIC,-1.0000,LF,TRIM MATERIAL - P.O. Primed Shoe Mld,False,
Atlanta,ATL,5471-2044-TOWNS-BL,5471-2044-TOWNS-2BL,PATIO_DOOR,1SO0503EXTDOORS0100,,EXTERIOR DOORS - EXTERIOR REAR - MULTIPANEL SLIDING GLASS WALL 12080 THREE PANEL SLIDER - ILO REAR DOOR AND WINDOW,4510-WINDOWS,30445101820,GENERIC,-4.0000,EA,WINDOWS - P.O. Lindsay/M/I 3060 Single Hung,False,
Atlanta,ATL,5471-2044-TOWNS-BL,5471-2044-TOWNS-2BL,PATIO_DOOR,1SO0503EXTDOORS0100,,EXTERIOR DOORS - EXTERIOR REAR - MULTIPANEL SLIDING GLASS WALL 12080 THREE PANEL SLIDER - ILO REAR DOOR AND WINDOW,4520-WINDOW SCREENS,30445201820,GENERIC,-4.0000,EA,WINDOW SCREENS - P.O. Lindsay/M/I 3060 Single Hung Window Screen,False,
Atlanta,ATL,5471-2044-TOWNS-BL,5471-2044-TOWNS-2BL,PATIO_DOOR,1SO0503EXTDOORS0100,,EXTERIOR DOORS - EXTERIOR REAR - MULTIPANEL SLIDING GLASS WALL 12080 THREE PANEL SLIDER - ILO REAR DOOR AND WINDOW,4530-EXTERIOR DOORS,30445300600,GENERIC,-1.0000,EA,EXTERIOR  DOORS - P.O. Construction Lock,False,
Atlanta,ATL,5471-2044-TOWNS-BL,5471-2044-TOWNS-2BL,PATIO_DOOR,1SO0503EXTDOORS0100,,EXTERIOR DOORS - EXTERIOR REAR - MULTIPANEL SLIDING GLASS WALL 12080 THREE PANEL SLIDER - ILO REAR DOOR AND WINDOW,4530-EXTERIOR DOORS,30445300320,GENERIC,-1.0000,EA,EXTERIOR  DOORS - P.O. 2868 Prehung Fiberglass Door - Full Light,False,
Atlanta,ATL,5471-2044-TOWNS-BL,5471-2044-TOWNS-2BL,PATIO_DOOR,1SO0503EXTDOORS0100,,EXTERIOR DOORS - EXTERIOR REAR - MULTIPANEL SLIDING GLASS WALL 12080 THREE PANEL SLIDER - ILO REAR DOOR AND WINDOW,4590-WNDW DOOR INSTL,3044590160,GENERIC,-1.0000,EA,WINDOW AND DOOR INSTALLATION LABOR - P.O. Exterior Door Install - Single (includes construction lock install),False,
Atlanta,ATL,5471-2044-TOWNS-BL,5471-2044-TOWNS-2BL,PATIO_DOOR,1SO0503EXTDOORS0100,,EXTERIOR DOORS - EXTERIOR REAR - MULTIPANEL SLIDING GLASS WALL 12080 THREE PANEL SLIDER - ILO REAR DOOR AND WINDOW,4590-WNDW DOOR INSTL,3044590100,GENERIC,-4.0000,EA,WINDOW AND DOOR INSTALLATION LABOR - P.O. Window Install - Single,False,
Atlanta,ATL,5471-2044-TOWNS-BL,5471-2044-TOWNS-2BL,PATIO_DOOR,1SO0503EXTDOORS0100,,EXTERIOR DOORS - EXTERIOR REAR - MULTIPANEL SLIDING GLASS WALL 12080 THREE PANEL SLIDER - ILO REAR DOOR AND WINDOW,4010-ROOF MATERIAL,30440100160,GENERIC,1.0000,EA,ROOFING MATERIAL - P.O. Certainteed Universal Starter Bundle,False,
Atlanta,ATL,5471-2044-TOWNS-BL,5471-2044-TOWNS-2BL,PATIO_DOOR,1SO0503EXTDOORS0100,,EXTERIOR DOORS - EXTERIOR REAR - MULTIPANEL SLIDING GLASS WALL 12080 THREE PANEL SLIDER - ILO REAR DOOR AND WINDOW,4010-ROOF MATERIAL,30440100260,GENERIC,1.0000,LF,"ROOFING MATERIAL - P.O. 6"" Eave Drip (Color to Match Fascia)",False,
Atlanta,ATL,5471-2044-TOWNS-BL,5471-2044-TOWNS-2BL,PATIO_DOOR,1SO0503EXTDOORS0100,,EXTERIOR DOORS - EXTERIOR REAR - MULTIPANEL SLIDING GLASS WALL 12080 THREE PANEL SLIDER - ILO REAR DOOR AND WINDOW,4010-ROOF MATERIAL,30440100300,GENERIC,-1.0000,LF,ROOFING MATERIAL - P.O.Step Flashing by the Lineal Foot,False,
Atlanta,ATL,5471-2044-TOWNS-BL,5471-2044-TOWNS-2BL,PATIO_DOOR,1SO0503EXTDOORS0100,,EXTERIOR DOORS - EXTERIOR REAR - MULTIPANEL SLIDING GLASS WALL 12080 THREE PANEL SLIDER - ILO REAR DOOR AND WINDOW,4730-INSULATION,30447300160,GENERIC,-82.0000,SF,"INSULATION - P.O. R-19 Craft Faced Batt Insulation (Certainteed 23"" x 70'6"" rolls) by the Square Foot",False,
Atlanta,ATL,5471-2044-TOWNS-BL,5471-2044-TOWNS-2BL,PATIO_DOOR,1SO0503EXTDOORS0100,,EXTERIOR DOORS - EXTERIOR REAR - MULTIPANEL SLIDING GLASS WALL 12080 THREE PANEL SLIDER - ILO REAR DOOR AND WINDOW,5010-DRYWALL MAT'L,30550100110,GENERIC,-1.0000,EA,"DRYWALL MATERIAL - P.O. 54""x12'x1/2"" Wall Board",False,
Atlanta,ATL,5471-2044-TOWNS-BL,5471-2044-TOWNS-2BL,PATIO_DOOR,1SO0503EXTDOORS0100,,EXTERIOR DOORS - EXTERIOR REAR - MULTIPANEL SLIDING GLASS WALL 12080 THREE PANEL SLIDER - ILO REAR DOOR AND WINDOW,5010-DRYWALL MAT'L,30550100260,GENERIC,-1.0000,EA,"DRYWALL MATERIAL - P.O. 1 1/4"" Drywall Screws (1 lb box)",False,
Atlanta,ATL,5471-2044-TOWNS-BL,5471-2044-TOWNS-2BL,PATIO_DOOR,1SO0503EXTDOORS0100,,EXTERIOR DOORS - EXTERIOR REAR - MULTIPANEL SLIDING GLASS WALL 12080 THREE PANEL SLIDER - ILO REAR DOOR AND WINDOW,5010-DRYWALL MAT'L,30550100240,GENERIC,-1.0000,BOX,"DRYWALL MATERIAL - P.O. 1 1/4"" Drywall Nails (1 lb box)",False,
Atlanta,ATL,5471-2044-TOWNS-BL,5471-2044-TOWNS-2BL,PATIO_DOOR,1SO0503EXTDOORS0100,,EXTERIOR DOORS - EXTERIOR REAR - MULTIPANEL SLIDING GLASS WALL 12080 THREE PANEL SLIDER - ILO REAR DOOR AND WINDOW,5010-DRYWALL MAT'L,30550100220,GENERIC,-2.0000,BOX,DRYWALL MATERIAL - P.O. Joint Tape (250 lf),False,
Atlanta,ATL,5471-2044-TOWNS-BL,5471-2044-TOWNS-2BL,PATIO_DOOR,1SO0503EXTDOORS0100,,EXTERIOR DOORS - EXTERIOR REAR - MULTIPANEL SLIDING GLASS WALL 12080 THREE PANEL SLIDER - ILO REAR DOOR AND WINDOW,5010-DRYWALL MAT'L,30550100200,GENERIC,-1.0000,BOX,DRYWALL MATERIAL - P.O. Joint Compound,False,
Atlanta,ATL,5471-2044-TOWNS-BL,5471-2044-TOWNS-2BL,PATIO_DOOR,1SO0503EXTDOORS0100,,EXTERIOR DOORS - EXTERIOR REAR - MULTIPANEL SLIDING GLASS WALL 12080 THREE PANEL SLIDER - ILO REAR DOOR AND WINDOW,5010-DRYWALL MAT'L,30550100280,GENERIC,-4.0000,EA,DRYWALL MATERIAL - P.O. Square Metal Corner Bead 10',False,
Atlanta,ATL,5471-2044-TOWNS-BL,5471-2044-TOWNS-2BL,PATIO_DOOR,1SO0503EXTDOORS0100,,EXTERIOR DOORS - EXTERIOR REAR - MULTIPANEL SLIDING GLASS WALL 12080 THREE PANEL SLIDER - ILO REAR DOOR AND WINDOW,5281-DR HDWR LBR/TKY,30552810340,GENERIC,-1.0000,EA,DOOR HARDWARE LABOR OR TURNKEY - P.O. #41 Hinge Door Bump,False,
Atlanta,ATL,5471-2044-TOWNS-BL,5471-2044-TOWNS-2BL,PATIO_DOOR,1SO0503EXTDOORS0100,,EXTERIOR DOORS - EXTERIOR REAR - MULTIPANEL SLIDING GLASS WALL 12080 THREE PANEL SLIDER - ILO REAR DOOR AND WINDOW,5281-DR HDWR LBR/TKY,30552810240,GENERIC,-1.0000,EA,DOOR HARDWARE LABOR OR TURNKEY - P.O. Level Standard Deadbolt,False,
Atlanta,ATL,5471-2044-TOWNS-BL,5471-2044-TOWNS-2BL,PATIO_DOOR,1SO0503EXTDOORS0100,,EXTERIOR DOORS - EXTERIOR REAR - MULTIPANEL SLIDING GLASS WALL 12080 THREE PANEL SLIDER - ILO REAR DOOR AND WINDOW,5281-DR HDWR LBR/TKY,30552810260,GENERIC,-2.0000,EA,DOOR HARDWARE LABOR OR TURNKEY - P.O. Level Standard Keyed Doorknobs,False,
Atlanta,ATL,5471-2044-TOWNS-BL,5471-2044-TOWNS-2BL,PATIO_DOOR,1SO0503EXTDOORS0100,,EXTERIOR DOORS - EXTERIOR REAR - MULTIPANEL SLIDING GLASS WALL 12080 THREE PANEL SLIDER - ILO REAR DOOR AND WINDOW,4910-EXTERIOR PAINT,30449100100,GENERIC,-10.0000,SF,EXTERIOR PAINTING TURNKEY - P.O. Primed Cement Board Siding Painting by the Square Foot,False,
Atlanta,ATL,5471-2044-TOWNS-BL,5471-2044-TOWNS-2BL,PATIO_DOOR,1SO0503EXTDOORS0100,,EXTERIOR DOORS - EXTERIOR REAR - MULTIPANEL SLIDING GLASS WALL 12080 THREE PANEL SLIDER - ILO REAR DOOR AND WINDOW,4910-EXTERIOR PAINT,30449100240,GENERIC,-1.0000,EA,EXTERIOR PAINTING TURNKEY - P.O. Exterior Door Painting Each,False,
Atlanta,ATL,5471-2044-TOWNS-BL,5471-2044-TOWNS-2BL,PATIO_DOOR,1SO0503EXTDOORS0100,,EXTERIOR DOORS - EXTERIOR REAR - MULTIPANEL SLIDING GLASS WALL 12080 THREE PANEL SLIDER - ILO REAR DOOR AND WINDOW,3202-FRAME MAT'L 2ND,30332020260,GENERIC,-3.0000,EA,"FRAMING MATERIAL 2ND - P.O.  7/16"" OSB",False,
Atlanta,ATL,5471-2044-TOWNS-BL,5471-2044-TOWNS-2BL,PATIO_DOOR,1SO0503EXTDOORS0100,,EXTERIOR DOORS - EXTERIOR REAR - MULTIPANEL SLIDING GLASS WALL 12080 THREE PANEL SLIDER - ILO REAR DOOR AND WINDOW,3202-FRAME MAT'L 2ND,30332020820,GENERIC,1.0000,EA,FRAMING MATERIAL 2ND - P.O.  2 X 6 X 16 #3 SPF,False,
Atlanta,ATL,5471-2044-TOWNS-BL,5471-2044-TOWNS-2BL,PATIO_DOOR,1SO0503EXTDOORS0100,,EXTERIOR DOORS - EXTERIOR REAR - MULTIPANEL SLIDING GLASS WALL 12080 THREE PANEL SLIDER - ILO REAR DOOR AND WINDOW,1.1-Key Measures Master-1st Floor,RM_PR_FA_CM,GENERIC,-4.0000,LF,Family Room Crown Mould,False,
Atlanta,ATL,5471-2044-TOWNS-BL,5471-2044-TOWNS-2BL,PATIO_DOOR,1SO0503EXTDOORS0100,,EXTERIOR DOORS - EXTERIOR REAR - MULTIPANEL SLIDING GLASS WALL 12080 THREE PANEL SLIDER - ILO REAR DOOR AND WINDOW,1.1-Key Measures Master-1st Floor,RM_PR_FA_CR,GENERIC,6.0000,LF,Family Room Chair Rail,False,
Atlanta,ATL,5471-2044-TOWNS-BL,5471-2044-TOWNS-2BL,PATIO_DOOR,1SO0503EXTDOORS0100,,EXTERIOR DOORS - EXTERIOR REAR - MULTIPANEL SLIDING GLASS WALL 12080 THREE PANEL SLIDER - ILO REAR DOOR AND WINDOW,1.1-Key Measures Master-1st Floor,RM_PR_BK_CR,GENERIC,1.0000,LF,Breakfast Chair Rail,False,
Atlanta,ATL,5471-2044-TOWNS-BL,5471-2044-TOWNS-2BL,PATIO_DOOR,1SO0503EXTDOORS0100,,EXTERIOR DOORS - EXTERIOR REAR - MULTIPANEL SLIDING GLASS WALL 12080 THREE PANEL SLIDER - ILO REAR DOOR AND WINDOW,1.1-Key Measures Master-1st Floor,DE_3SLD_4080,GENERIC,1.0000,EA,Ext Three-Pnl Slider 4080,False,
Atlanta,ATL,5471-2044-TOWNS-BL,5471-2044-TOWNS-2BL,PATIO_DOOR,1SO0503EXTDOORS0100,,EXTERIOR DOORS - EXTERIOR REAR - MULTIPANEL SLIDING GLASS WALL 12080 THREE PANEL SLIDER - ILO REAR DOOR AND WINDOW,3201-FRAME MAT'L 1ST,30332011440,GENERIC,-2.0000,EA,FRAMING MATERIAL 1ST - P.O.  2 X 6 X 16 #2 SPF,False,
Atlanta,ATL,5471-2044-TOWNS-BL,5471-2044-TOWNS-2BL,PATIO_DOOR,1SO0503EXTDOORS0100,,EXTERIOR DOORS - EXTERIOR REAR - MULTIPANEL SLIDING GLASS WALL 12080 THREE PANEL SLIDER - ILO REAR DOOR AND WINDOW,3201-FRAME MAT'L 1ST,30332010380,GENERIC,-8.0000,EA,FRAMING MATERIAL 1ST - P.O.  2 X 4 X 9 Pre-Cut Studs,False,
Atlanta,ATL,5471-2044-TOWNS-BL,5471-2044-TOWNS-2BL,PLUMBING - SEE LOCATION - ELONGATED TOILET ILO ROUND,2DC0503PLUMBING0140,,PLUMBING - SEE LOCATION - ELONGATED TOILET ILO ROUND,3606-PLM TRIM FIXT,30336060100,GENERIC,-1.0000,EA,PLUMBING TRIM FIXTURES - P.O. Round Commode,False,
Atlanta,ATL,5471-2044-TOWNS-BL,5471-2044-TOWNS-2BL,PLUMBING - SEE LOCATION - ELONGATED TOILET ILO ROUND,2DC0503PLUMBING0140,,PLUMBING - SEE LOCATION - ELONGATED TOILET ILO ROUND,3606-PLM TRIM FIXT,30336060120,GENERIC,1.0000,EA,PLUMBING TRIM FIXTURES - P.O. Elongated Commode,False,
Atlanta,ATL,5471-2044-TOWNS-BL,5471-2044-TOWNS-2BL,PLUMBING - SEE LOCATION - RAISED AND ELONGATED TOILET ILO ROUND,2DC0503PLUMBING0150,,PLUMBING - SEE LOCATION - RAISED AND ELONGATED TOILET ILO ROUND,3606-PLM TRIM FIXT,30336060100,GENERIC,-1.0000,EA,PLUMBING TRIM FIXTURES - P.O. Round Commode,False,
Atlanta,ATL,5471-2044-TOWNS-BL,5471-2044-TOWNS-2BL,PLUMBING - SEE LOCATION - RAISED AND ELONGATED TOILET ILO ROUND,2DC0503PLUMBING0150,,PLUMBING - SEE LOCATION - RAISED AND ELONGATED TOILET ILO ROUND,3606-PLM TRIM FIXT,30336060125,GENERIC,1.0000,EA,PLUMBING TRIM FIXTURES - P.O. ADA Commode,False,
Atlanta,ATL,5471-2044-TOWNS-BL,5471-2044-TOWNS-2BL,ROOFING - EXTERIOR - ARCHITECTURAL SHINGLES ILO 3 TAB,2DC0503ROOFING-0100,BASE,ROOFING - EXTERIOR - ARCHITECTURAL SHINGLES ILO 3 TAB,4011-ROOF LBR/TKY,30440110100,GENERIC,-45.0000,SQ,ROOFING LABOR OR TURNKEY - P.O. Labor Install Roofing by the Square - Three Tab Shingle,False,
Atlanta,ATL,5471-2044-TOWNS-BL,5471-2044-TOWNS-2BL,ROOFING - EXTERIOR - ARCHITECTURAL SHINGLES ILO 3 TAB,2DC0503ROOFING-0100,BASE,ROOFING - EXTERIOR - ARCHITECTURAL SHINGLES ILO 3 TAB,4011-ROOF LBR/TKY,30440110120,GENERIC,45.0000,SQ,ROOFING LABOR OR TURNKEY - P.O. Labor Install Roofing by the Square - Dimensional Shingle,False,
Atlanta,ATL,5471-2044-TOWNS-BL,5471-2044-TOWNS-2BL,ROOFING - EXTERIOR - ARCHITECTURAL SHINGLES ILO 3 TAB,2DC0503ROOFING-0100,BASE,ROOFING - EXTERIOR - ARCHITECTURAL SHINGLES ILO 3 TAB,4010-ROOF MATERIAL,30440100100,GENERIC,-45.0000,SQ,ROOFING MATERIAL - P.O. Certainteed 25 Year 3 Tab Shingle,False,
Atlanta,ATL,5471-2044-TOWNS-BL,5471-2044-TOWNS-2BL,ROOFING - EXTERIOR - ARCHITECTURAL SHINGLES ILO 3 TAB,2DC0503ROOFING-0100,BASE,ROOFING - EXTERIOR - ARCHITECTURAL SHINGLES ILO 3 TAB,4010-ROOF MATERIAL,30440100120,GENERIC,45.0000,SQ,ROOFING MATERIAL - P.O. Certainteed 30 Year Dimensional Shingle,False,
Atlanta,ATL,5471-2044-TOWNS-BL,5471-2044-TOWNS-2BL,ROOFING - EXTERIOR - ARCHITECTURAL SHINGLES ILO 3 TAB,2DC0503ROOFING-0100,BRK_3,ROOFING - EXTERIOR - ARCHITECTURAL SHINGLES ILO 3 TAB,4010-ROOF MATERIAL,30440100120,GENERIC,1.0000,SQ,ROOFING MATERIAL - P.O. Certainteed 30 Year Dimensional Shingle,False,
Atlanta,ATL,5471-2044-TOWNS-BL,5471-2044-TOWNS-2BL,ROOFING - EXTERIOR - ARCHITECTURAL SHINGLES ILO 3 TAB,2DC0503ROOFING-0100,BRK_3,ROOFING - EXTERIOR - ARCHITECTURAL SHINGLES ILO 3 TAB,4010-ROOF MATERIAL,30440100100,GENERIC,-1.0000,SQ,ROOFING MATERIAL - P.O. Certainteed 25 Year 3 Tab Shingle,False,
Atlanta,ATL,5471-2044-TOWNS-BL,5471-2044-TOWNS-2BL,ROOFING - EXTERIOR - ARCHITECTURAL SHINGLES ILO 3 TAB,2DC0503ROOFING-0100,BRK_3,ROOFING - EXTERIOR - ARCHITECTURAL SHINGLES ILO 3 TAB,4011-ROOF LBR/TKY,30440110120,GENERIC,1.0000,SQ,ROOFING LABOR OR TURNKEY - P.O. Labor Install Roofing by the Square - Dimensional Shingle,False,
Atlanta,ATL,5471-2044-TOWNS-BL,5471-2044-TOWNS-2BL,ROOFING - EXTERIOR - ARCHITECTURAL SHINGLES ILO 3 TAB,2DC0503ROOFING-0100,BRK_3,ROOFING - EXTERIOR - ARCHITECTURAL SHINGLES ILO 3 TAB,4011-ROOF LBR/TKY,30440110100,GENERIC,-1.0000,SQ,ROOFING LABOR OR TURNKEY - P.O. Labor Install Roofing by the Square - Three Tab Shingle,False,
Atlanta,ATL,5471-2044-TOWNS-BL,5471-2044-TOWNS-2BL,ROOFING - EXTERIOR - ARCHITECTURAL SHINGLES ILO 3 TAB,2DC0503ROOFING-0100,BRK_4,ROOFING - EXTERIOR - ARCHITECTURAL SHINGLES ILO 3 TAB,4010-ROOF MATERIAL,30440100120,GENERIC,1.0000,SQ,ROOFING MATERIAL - P.O. Certainteed 30 Year Dimensional Shingle,False,
Atlanta,ATL,5471-2044-TOWNS-BL,5471-2044-TOWNS-2BL,ROOFING - EXTERIOR - ARCHITECTURAL SHINGLES ILO 3 TAB,2DC0503ROOFING-0100,BRK_4,ROOFING - EXTERIOR - ARCHITECTURAL SHINGLES ILO 3 TAB,4010-ROOF MATERIAL,30440100100,GENERIC,-1.0000,SQ,ROOFING MATERIAL - P.O. Certainteed 25 Year 3 Tab Shingle,False,
Atlanta,ATL,5471-2044-TOWNS-BL,5471-2044-TOWNS-2BL,ROOFING - EXTERIOR - ARCHITECTURAL SHINGLES ILO 3 TAB,2DC0503ROOFING-0100,BRK_4,ROOFING - EXTERIOR - ARCHITECTURAL SHINGLES ILO 3 TAB,4011-ROOF LBR/TKY,30440110120,GENERIC,1.0000,SQ,ROOFING LABOR OR TURNKEY - P.O. Labor Install Roofing by the Square - Dimensional Shingle,False,
Atlanta,ATL,5471-2044-TOWNS-BL,5471-2044-TOWNS-2BL,ROOFING - EXTERIOR - ARCHITECTURAL SHINGLES ILO 3 TAB,2DC0503ROOFING-0100,BRK_4,ROOFING - EXTERIOR - ARCHITECTURAL SHINGLES ILO 3 TAB,4011-ROOF LBR/TKY,30440110100,GENERIC,-1.0000,SQ,ROOFING LABOR OR TURNKEY - P.O. Labor Install Roofing by the Square - Three Tab Shingle,False,
Atlanta,ATL,5471-2044-TOWNS-BL,5471-2044-TOWNS-2BL,ROOFING - EXTERIOR - ARCHITECTURAL SHINGLES ILO 3 TAB,2DC0503ROOFING-0100,DECK - EXTERIOR REAR - COVERED,ROOFING - EXTERIOR - ARCHITECTURAL SHINGLES ILO 3 TAB,4011-ROOF LBR/TKY,30440110100,GENERIC,-5.0000,SQ,ROOFING LABOR OR TURNKEY - P.O. Labor Install Roofing by the Square - Three Tab Shingle,False,
Atlanta,ATL,5471-2044-TOWNS-BL,5471-2044-TOWNS-2BL,ROOFING - EXTERIOR - ARCHITECTURAL SHINGLES ILO 3 TAB,2DC0503ROOFING-0100,DECK - EXTERIOR REAR - COVERED,ROOFING - EXTERIOR - ARCHITECTURAL SHINGLES ILO 3 TAB,4011-ROOF LBR/TKY,30440110120,GENERIC,5.0000,SQ,ROOFING LABOR OR TURNKEY - P.O. Labor Install Roofing by the Square - Dimensional Shingle,False,
Atlanta,ATL,5471-2044-TOWNS-BL,5471-2044-TOWNS-2BL,ROOFING - EXTERIOR - ARCHITECTURAL SHINGLES ILO 3 TAB,2DC0503ROOFING-0100,DECK - EXTERIOR REAR - COVERED,ROOFING - EXTERIOR - ARCHITECTURAL SHINGLES ILO 3 TAB,4010-ROOF MATERIAL,30440100100,GENERIC,-5.0000,SQ,ROOFING MATERIAL - P.O. Certainteed 25 Year 3 Tab Shingle,False,
Atlanta,ATL,5471-2044-TOWNS-BL,5471-2044-TOWNS-2BL,ROOFING - EXTERIOR - ARCHITECTURAL SHINGLES ILO 3 TAB,2DC0503ROOFING-0100,DECK - EXTERIOR REAR - COVERED,ROOFING - EXTERIOR - ARCHITECTURAL SHINGLES ILO 3 TAB,4010-ROOF MATERIAL,30440100120,GENERIC,5.0000,SQ,ROOFING MATERIAL - P.O. Certainteed 30 Year Dimensional Shingle,False,
Atlanta,ATL,5471-2044-TOWNS-BL,5471-2044-TOWNS-2BL,ROOFING - EXTERIOR - ARCHITECTURAL SHINGLES ILO 3 TAB,2DC0503ROOFING-0100,DECK - EXTERIOR REAR - COVERED - EXTENDED,ROOFING - EXTERIOR - ARCHITECTURAL SHINGLES ILO 3 TAB,4011-ROOF LBR/TKY,30440110100,GENERIC,-5.0000,SQ,ROOFING LABOR OR TURNKEY - P.O. Labor Install Roofing by the Square - Three Tab Shingle,False,
Atlanta,ATL,5471-2044-TOWNS-BL,5471-2044-TOWNS-2BL,ROOFING - EXTERIOR - ARCHITECTURAL SHINGLES ILO 3 TAB,2DC0503ROOFING-0100,DECK - EXTERIOR REAR - COVERED - EXTENDED,ROOFING - EXTERIOR - ARCHITECTURAL SHINGLES ILO 3 TAB,4011-ROOF LBR/TKY,30440110120,GENERIC,5.0000,SQ,ROOFING LABOR OR TURNKEY - P.O. Labor Install Roofing by the Square - Dimensional Shingle,False,
Atlanta,ATL,5471-2044-TOWNS-BL,5471-2044-TOWNS-2BL,ROOFING - EXTERIOR - ARCHITECTURAL SHINGLES ILO 3 TAB,2DC0503ROOFING-0100,DECK - EXTERIOR REAR - COVERED - EXTENDED,ROOFING - EXTERIOR - ARCHITECTURAL SHINGLES ILO 3 TAB,4010-ROOF MATERIAL,30440100100,GENERIC,-5.0000,SQ,ROOFING MATERIAL - P.O. Certainteed 25 Year 3 Tab Shingle,False,
Atlanta,ATL,5471-2044-TOWNS-BL,5471-2044-TOWNS-2BL,ROOFING - EXTERIOR - ARCHITECTURAL SHINGLES ILO 3 TAB,2DC0503ROOFING-0100,DECK - EXTERIOR REAR - COVERED - EXTENDED,ROOFING - EXTERIOR - ARCHITECTURAL SHINGLES ILO 3 TAB,4010-ROOF MATERIAL,30440100120,GENERIC,5.0000,SQ,ROOFING MATERIAL - P.O. Certainteed 30 Year Dimensional Shingle,False,
Atlanta,ATL,5471-2044-TOWNS-BL,5471-2044-TOWNS-2BL,ROOFING - EXTERIOR - ARCHITECTURAL SHINGLES ILO 3 TAB,2DC0503ROOFING-0100,DECK - EXTERIOR REAR - GAME DAY,ROOFING - EXTERIOR - ARCHITECTURAL SHINGLES ILO 3 TAB,4010-ROOF MATERIAL,30440100120,GENERIC,4.0000,SQ,ROOFING MATERIAL - P.O. Certainteed 30 Year Dimensional Shingle,False,
Atlanta,ATL,5471-2044-TOWNS-BL,5471-2044-TOWNS-2BL,ROOFING - EXTERIOR - ARCHITECTURAL SHINGLES ILO 3 TAB,2DC0503ROOFING-0100,DECK - EXTERIOR REAR - GAME DAY,ROOFING - EXTERIOR - ARCHITECTURAL SHINGLES ILO 3 TAB,4010-ROOF MATERIAL,30440100100,GENERIC,-4.0000,SQ,ROOFING MATERIAL - P.O. Certainteed 25 Year 3 Tab Shingle,False,
Atlanta,ATL,5471-2044-TOWNS-BL,5471-2044-TOWNS-2BL,ROOFING - EXTERIOR - ARCHITECTURAL SHINGLES ILO 3 TAB,2DC0503ROOFING-0100,DECK - EXTERIOR REAR - GAME DAY,ROOFING - EXTERIOR - ARCHITECTURAL SHINGLES ILO 3 TAB,4011-ROOF LBR/TKY,30440110120,GENERIC,4.0000,SQ,ROOFING LABOR OR TURNKEY - P.O. Labor Install Roofing by the Square - Dimensional Shingle,False,
Atlanta,ATL,5471-2044-TOWNS-BL,5471-2044-TOWNS-2BL,ROOFING - EXTERIOR - ARCHITECTURAL SHINGLES ILO 3 TAB,2DC0503ROOFING-0100,DECK - EXTERIOR REAR - GAME DAY,ROOFING - EXTERIOR - ARCHITECTURAL SHINGLES ILO 3 TAB,4011-ROOF LBR/TKY,30440110100,GENERIC,-4.0000,SQ,ROOFING LABOR OR TURNKEY - P.O. Labor Install Roofing by the Square - Three Tab Shingle,False,
Atlanta,ATL,5471-2044-TOWNS-BL,5471-2044-TOWNS-2BL,ROOFING - EXTERIOR - ARCHITECTURAL SHINGLES ILO 3 TAB,2DC0503ROOFING-0100,DECK - EXTERIOR REAR - GAME DAY - EXTENDED,ROOFING - EXTERIOR - ARCHITECTURAL SHINGLES ILO 3 TAB,4010-ROOF MATERIAL,30440100120,GENERIC,5.0000,SQ,ROOFING MATERIAL - P.O. Certainteed 30 Year Dimensional Shingle,False,
Atlanta,ATL,5471-2044-TOWNS-BL,5471-2044-TOWNS-2BL,ROOFING - EXTERIOR - ARCHITECTURAL SHINGLES ILO 3 TAB,2DC0503ROOFING-0100,DECK - EXTERIOR REAR - GAME DAY - EXTENDED,ROOFING - EXTERIOR - ARCHITECTURAL SHINGLES ILO 3 TAB,4010-ROOF MATERIAL,30440100100,GENERIC,-5.0000,SQ,ROOFING MATERIAL - P.O. Certainteed 25 Year 3 Tab Shingle,False,
Atlanta,ATL,5471-2044-TOWNS-BL,5471-2044-TOWNS-2BL,ROOFING - EXTERIOR - ARCHITECTURAL SHINGLES ILO 3 TAB,2DC0503ROOFING-0100,DECK - EXTERIOR REAR - GAME DAY - EXTENDED,ROOFING - EXTERIOR - ARCHITECTURAL SHINGLES ILO 3 TAB,4011-ROOF LBR/TKY,30440110120,GENERIC,5.0000,SQ,ROOFING LABOR OR TURNKEY - P.O. Labor Install Roofing by the Square - Dimensional Shingle,False,
Atlanta,ATL,5471-2044-TOWNS-BL,5471-2044-TOWNS-2BL,ROOFING - EXTERIOR - ARCHITECTURAL SHINGLES ILO 3 TAB,2DC0503ROOFING-0100,DECK - EXTERIOR REAR - GAME DAY - EXTENDED,ROOFING - EXTERIOR - ARCHITECTURAL SHINGLES ILO 3 TAB,4011-ROOF LBR/TKY,30440110100,GENERIC,-5.0000,SQ,ROOFING LABOR OR TURNKEY - P.O. Labor Install Roofing by the Square - Three Tab Shingle,False,
